case_id,scenario,level_a,level_b,plant,period,target_power_mw
dry_stable__a_off__b_off,dry_stable,off,off,A,0,0.000000
dry_stable__a_off__b_off,dry_stable,off,off,A,1,0.000000
dry_stable__a_off__b_off,dry_stable,off,off,A,2,0.000000
dry_stable__a_off__b_off,dry_stable,off,off,A,3,0.000000
dry_stable__a_off__b_off,dry_stable,off,off,A,4,0.000000
dry_stable__a_off__b_off,dry_stable,off,off,A,5,0.000000
dry_stable__a_off__b_off,dry_stable,off,off,A,6,0.000000
dry_stable__a_off__b_off,dry_stable,off,off,A,7,0.000000
dry_stable__a_off__b_off,dry_stable,off,off,A,8,0.000000
dry_stable__a_off__b_off,dry_stable,off,off,A,9,0.000000
dry_stable__a_off__b_off,dry_stable,off,off,A,10,0.000000
dry_stable__a_off__b_off,dry_stable,off,off,A,11,0.000000
dry_stable__a_off__b_off,dry_stable,off,off,A,12,0.000000
dry_stable__a_off__b_off,dry_stable,off,off,A,13,0.000000
dry_stable__a_off__b_off,dry_stable,off,off,A,14,0.000000
dry_stable__a_off__b_off,dry_stable,off,off,A,15,0.000000
dry_stable__a_off__b_off,dry_stable,off,off,A,16,0.000000
dry_stable__a_off__b_off,dry_stable,off,off,A,17,0.000000
dry_stable__a_off__b_off,dry_stable,off,off,A,18,0.000000
dry_stable__a_off__b_off,dry_stable,off,off,A,19,0.000000
dry_stable__a_off__b_off,dry_stable,off,off,A,20,0.000000
dry_stable__a_off__b_off,dry_stable,off,off,A,21,0.000000
dry_stable__a_off__b_off,dry_stable,off,off,A,22,0.000000
dry_stable__a_off__b_off,dry_stable,off,off,A,23,0.000000
dry_stable__a_off__b_off,dry_stable,off,off,B,0,0.000000
dry_stable__a_off__b_off,dry_stable,off,off,B,1,0.000000
dry_stable__a_off__b_off,dry_stable,off,off,B,2,0.000000
dry_stable__a_off__b_off,dry_stable,off,off,B,3,0.000000
dry_stable__a_off__b_off,dry_stable,off,off,B,4,0.000000
dry_stable__a_off__b_off,dry_stable,off,off,B,5,0.000000
dry_stable__a_off__b_off,dry_stable,off,off,B,6,0.000000
dry_stable__a_off__b_off,dry_stable,off,off,B,7,0.000000
dry_stable__a_off__b_off,dry_stable,off,off,B,8,0.000000
dry_stable__a_off__b_off,dry_stable,off,off,B,9,0.000000
dry_stable__a_off__b_off,dry_stable,off,off,B,10,0.000000
dry_stable__a_off__b_off,dry_stable,off,off,B,11,0.000000
dry_stable__a_off__b_off,dry_stable,off,off,B,12,0.000000
dry_stable__a_off__b_off,dry_stable,off,off,B,13,0.000000
dry_stable__a_off__b_off,dry_stable,off,off,B,14,0.000000
dry_stable__a_off__b_off,dry_stable,off,off,B,15,0.000000
dry_stable__a_off__b_off,dry_stable,off,off,B,16,0.000000
dry_stable__a_off__b_off,dry_stable,off,off,B,17,0.000000
dry_stable__a_off__b_off,dry_stable,off,off,B,18,0.000000
dry_stable__a_off__b_off,dry_stable,off,off,B,19,0.000000
dry_stable__a_off__b_off,dry_stable,off,off,B,20,0.000000
dry_stable__a_off__b_off,dry_stable,off,off,B,21,0.000000
dry_stable__a_off__b_off,dry_stable,off,off,B,22,0.000000
dry_stable__a_off__b_off,dry_stable,off,off,B,23,0.000000
dry_stable__a_off__b_minimum,dry_stable,off,minimum,A,0,0.000000
dry_stable__a_off__b_minimum,dry_stable,off,minimum,A,1,0.000000
dry_stable__a_off__b_minimum,dry_stable,off,minimum,A,2,0.000000
dry_stable__a_off__b_minimum,dry_stable,off,minimum,A,3,0.000000
dry_stable__a_off__b_minimum,dry_stable,off,minimum,A,4,0.000000
dry_stable__a_off__b_minimum,dry_stable,off,minimum,A,5,0.000000
dry_stable__a_off__b_minimum,dry_stable,off,minimum,A,6,0.000000
dry_stable__a_off__b_minimum,dry_stable,off,minimum,A,7,0.000000
dry_stable__a_off__b_minimum,dry_stable,off,minimum,A,8,0.000000
dry_stable__a_off__b_minimum,dry_stable,off,minimum,A,9,0.000000
dry_stable__a_off__b_minimum,dry_stable,off,minimum,A,10,0.000000
dry_stable__a_off__b_minimum,dry_stable,off,minimum,A,11,0.000000
dry_stable__a_off__b_minimum,dry_stable,off,minimum,A,12,0.000000
dry_stable__a_off__b_minimum,dry_stable,off,minimum,A,13,0.000000
dry_stable__a_off__b_minimum,dry_stable,off,minimum,A,14,0.000000
dry_stable__a_off__b_minimum,dry_stable,off,minimum,A,15,0.000000
dry_stable__a_off__b_minimum,dry_stable,off,minimum,A,16,0.000000
dry_stable__a_off__b_minimum,dry_stable,off,minimum,A,17,0.000000
dry_stable__a_off__b_minimum,dry_stable,off,minimum,A,18,0.000000
dry_stable__a_off__b_minimum,dry_stable,off,minimum,A,19,0.000000
dry_stable__a_off__b_minimum,dry_stable,off,minimum,A,20,0.000000
dry_stable__a_off__b_minimum,dry_stable,off,minimum,A,21,0.000000
dry_stable__a_off__b_minimum,dry_stable,off,minimum,A,22,0.000000
dry_stable__a_off__b_minimum,dry_stable,off,minimum,A,23,0.000000
dry_stable__a_off__b_minimum,dry_stable,off,minimum,B,0,32.000000
dry_stable__a_off__b_minimum,dry_stable,off,minimum,B,1,32.000000
dry_stable__a_off__b_minimum,dry_stable,off,minimum,B,2,32.000000
dry_stable__a_off__b_minimum,dry_stable,off,minimum,B,3,32.000000
dry_stable__a_off__b_minimum,dry_stable,off,minimum,B,4,32.000000
dry_stable__a_off__b_minimum,dry_stable,off,minimum,B,5,32.000000
dry_stable__a_off__b_minimum,dry_stable,off,minimum,B,6,32.000000
dry_stable__a_off__b_minimum,dry_stable,off,minimum,B,7,32.000000
dry_stable__a_off__b_minimum,dry_stable,off,minimum,B,8,32.000000
dry_stable__a_off__b_minimum,dry_stable,off,minimum,B,9,32.000000
dry_stable__a_off__b_minimum,dry_stable,off,minimum,B,10,32.000000
dry_stable__a_off__b_minimum,dry_stable,off,minimum,B,11,32.000000
dry_stable__a_off__b_minimum,dry_stable,off,minimum,B,12,32.000000
dry_stable__a_off__b_minimum,dry_stable,off,minimum,B,13,32.000000
dry_stable__a_off__b_minimum,dry_stable,off,minimum,B,14,32.000000
dry_stable__a_off__b_minimum,dry_stable,off,minimum,B,15,32.000000
dry_stable__a_off__b_minimum,dry_stable,off,minimum,B,16,32.000000
dry_stable__a_off__b_minimum,dry_stable,off,minimum,B,17,32.000000
dry_stable__a_off__b_minimum,dry_stable,off,minimum,B,18,32.000000
dry_stable__a_off__b_minimum,dry_stable,off,minimum,B,19,32.000000
dry_stable__a_off__b_minimum,dry_stable,off,minimum,B,20,32.000000
dry_stable__a_off__b_minimum,dry_stable,off,minimum,B,21,32.000000
dry_stable__a_off__b_minimum,dry_stable,off,minimum,B,22,32.000000
dry_stable__a_off__b_minimum,dry_stable,off,minimum,B,23,32.000000
dry_stable__a_off__b_quarter,dry_stable,off,quarter,A,0,0.000000
dry_stable__a_off__b_quarter,dry_stable,off,quarter,A,1,0.000000
dry_stable__a_off__b_quarter,dry_stable,off,quarter,A,2,0.000000
dry_stable__a_off__b_quarter,dry_stable,off,quarter,A,3,0.000000
dry_stable__a_off__b_quarter,dry_stable,off,quarter,A,4,0.000000
dry_stable__a_off__b_quarter,dry_stable,off,quarter,A,5,0.000000
dry_stable__a_off__b_quarter,dry_stable,off,quarter,A,6,0.000000
dry_stable__a_off__b_quarter,dry_stable,off,quarter,A,7,0.000000
dry_stable__a_off__b_quarter,dry_stable,off,quarter,A,8,0.000000
dry_stable__a_off__b_quarter,dry_stable,off,quarter,A,9,0.000000
dry_stable__a_off__b_quarter,dry_stable,off,quarter,A,10,0.000000
dry_stable__a_off__b_quarter,dry_stable,off,quarter,A,11,0.000000
dry_stable__a_off__b_quarter,dry_stable,off,quarter,A,12,0.000000
dry_stable__a_off__b_quarter,dry_stable,off,quarter,A,13,0.000000
dry_stable__a_off__b_quarter,dry_stable,off,quarter,A,14,0.000000
dry_stable__a_off__b_quarter,dry_stable,off,quarter,A,15,0.000000
dry_stable__a_off__b_quarter,dry_stable,off,quarter,A,16,0.000000
dry_stable__a_off__b_quarter,dry_stable,off,quarter,A,17,0.000000
dry_stable__a_off__b_quarter,dry_stable,off,quarter,A,18,0.000000
dry_stable__a_off__b_quarter,dry_stable,off,quarter,A,19,0.000000
dry_stable__a_off__b_quarter,dry_stable,off,quarter,A,20,0.000000
dry_stable__a_off__b_quarter,dry_stable,off,quarter,A,21,0.000000
dry_stable__a_off__b_quarter,dry_stable,off,quarter,A,22,0.000000
dry_stable__a_off__b_quarter,dry_stable,off,quarter,A,23,0.000000
dry_stable__a_off__b_quarter,dry_stable,off,quarter,B,0,48.500000
dry_stable__a_off__b_quarter,dry_stable,off,quarter,B,1,48.500000
dry_stable__a_off__b_quarter,dry_stable,off,quarter,B,2,48.500000
dry_stable__a_off__b_quarter,dry_stable,off,quarter,B,3,48.500000
dry_stable__a_off__b_quarter,dry_stable,off,quarter,B,4,48.500000
dry_stable__a_off__b_quarter,dry_stable,off,quarter,B,5,48.500000
dry_stable__a_off__b_quarter,dry_stable,off,quarter,B,6,48.500000
dry_stable__a_off__b_quarter,dry_stable,off,quarter,B,7,48.500000
dry_stable__a_off__b_quarter,dry_stable,off,quarter,B,8,48.500000
dry_stable__a_off__b_quarter,dry_stable,off,quarter,B,9,48.500000
dry_stable__a_off__b_quarter,dry_stable,off,quarter,B,10,48.500000
dry_stable__a_off__b_quarter,dry_stable,off,quarter,B,11,48.500000
dry_stable__a_off__b_quarter,dry_stable,off,quarter,B,12,48.500000
dry_stable__a_off__b_quarter,dry_stable,off,quarter,B,13,48.500000
dry_stable__a_off__b_quarter,dry_stable,off,quarter,B,14,48.500000
dry_stable__a_off__b_quarter,dry_stable,off,quarter,B,15,48.500000
dry_stable__a_off__b_quarter,dry_stable,off,quarter,B,16,48.500000
dry_stable__a_off__b_quarter,dry_stable,off,quarter,B,17,48.500000
dry_stable__a_off__b_quarter,dry_stable,off,quarter,B,18,48.500000
dry_stable__a_off__b_quarter,dry_stable,off,quarter,B,19,48.500000
dry_stable__a_off__b_quarter,dry_stable,off,quarter,B,20,48.500000
dry_stable__a_off__b_quarter,dry_stable,off,quarter,B,21,48.500000
dry_stable__a_off__b_quarter,dry_stable,off,quarter,B,22,48.500000
dry_stable__a_off__b_quarter,dry_stable,off,quarter,B,23,48.500000
dry_stable__a_off__b_half,dry_stable,off,half,A,0,0.000000
dry_stable__a_off__b_half,dry_stable,off,half,A,1,0.000000
dry_stable__a_off__b_half,dry_stable,off,half,A,2,0.000000
dry_stable__a_off__b_half,dry_stable,off,half,A,3,0.000000
dry_stable__a_off__b_half,dry_stable,off,half,A,4,0.000000
dry_stable__a_off__b_half,dry_stable,off,half,A,5,0.000000
dry_stable__a_off__b_half,dry_stable,off,half,A,6,0.000000
dry_stable__a_off__b_half,dry_stable,off,half,A,7,0.000000
dry_stable__a_off__b_half,dry_stable,off,half,A,8,0.000000
dry_stable__a_off__b_half,dry_stable,off,half,A,9,0.000000
dry_stable__a_off__b_half,dry_stable,off,half,A,10,0.000000
dry_stable__a_off__b_half,dry_stable,off,half,A,11,0.000000
dry_stable__a_off__b_half,dry_stable,off,half,A,12,0.000000
dry_stable__a_off__b_half,dry_stable,off,half,A,13,0.000000
dry_stable__a_off__b_half,dry_stable,off,half,A,14,0.000000
dry_stable__a_off__b_half,dry_stable,off,half,A,15,0.000000
dry_stable__a_off__b_half,dry_stable,off,half,A,16,0.000000
dry_stable__a_off__b_half,dry_stable,off,half,A,17,0.000000
dry_stable__a_off__b_half,dry_stable,off,half,A,18,0.000000
dry_stable__a_off__b_half,dry_stable,off,half,A,19,0.000000
dry_stable__a_off__b_half,dry_stable,off,half,A,20,0.000000
dry_stable__a_off__b_half,dry_stable,off,half,A,21,0.000000
dry_stable__a_off__b_half,dry_stable,off,half,A,22,0.000000
dry_stable__a_off__b_half,dry_stable,off,half,A,23,0.000000
dry_stable__a_off__b_half,dry_stable,off,half,B,0,65.000000
dry_stable__a_off__b_half,dry_stable,off,half,B,1,65.000000
dry_stable__a_off__b_half,dry_stable,off,half,B,2,65.000000
dry_stable__a_off__b_half,dry_stable,off,half,B,3,65.000000
dry_stable__a_off__b_half,dry_stable,off,half,B,4,65.000000
dry_stable__a_off__b_half,dry_stable,off,half,B,5,65.000000
dry_stable__a_off__b_half,dry_stable,off,half,B,6,65.000000
dry_stable__a_off__b_half,dry_stable,off,half,B,7,65.000000
dry_stable__a_off__b_half,dry_stable,off,half,B,8,65.000000
dry_stable__a_off__b_half,dry_stable,off,half,B,9,65.000000
dry_stable__a_off__b_half,dry_stable,off,half,B,10,65.000000
dry_stable__a_off__b_half,dry_stable,off,half,B,11,65.000000
dry_stable__a_off__b_half,dry_stable,off,half,B,12,65.000000
dry_stable__a_off__b_half,dry_stable,off,half,B,13,65.000000
dry_stable__a_off__b_half,dry_stable,off,half,B,14,65.000000
dry_stable__a_off__b_half,dry_stable,off,half,B,15,65.000000
dry_stable__a_off__b_half,dry_stable,off,half,B,16,65.000000
dry_stable__a_off__b_half,dry_stable,off,half,B,17,65.000000
dry_stable__a_off__b_half,dry_stable,off,half,B,18,65.000000
dry_stable__a_off__b_half,dry_stable,off,half,B,19,65.000000
dry_stable__a_off__b_half,dry_stable,off,half,B,20,65.000000
dry_stable__a_off__b_half,dry_stable,off,half,B,21,65.000000
dry_stable__a_off__b_half,dry_stable,off,half,B,22,65.000000
dry_stable__a_off__b_half,dry_stable,off,half,B,23,65.000000
dry_stable__a_off__b_three_quarters,dry_stable,off,three_quarters,A,0,0.000000
dry_stable__a_off__b_three_quarters,dry_stable,off,three_quarters,A,1,0.000000
dry_stable__a_off__b_three_quarters,dry_stable,off,three_quarters,A,2,0.000000
dry_stable__a_off__b_three_quarters,dry_stable,off,three_quarters,A,3,0.000000
dry_stable__a_off__b_three_quarters,dry_stable,off,three_quarters,A,4,0.000000
dry_stable__a_off__b_three_quarters,dry_stable,off,three_quarters,A,5,0.000000
dry_stable__a_off__b_three_quarters,dry_stable,off,three_quarters,A,6,0.000000
dry_stable__a_off__b_three_quarters,dry_stable,off,three_quarters,A,7,0.000000
dry_stable__a_off__b_three_quarters,dry_stable,off,three_quarters,A,8,0.000000
dry_stable__a_off__b_three_quarters,dry_stable,off,three_quarters,A,9,0.000000
dry_stable__a_off__b_three_quarters,dry_stable,off,three_quarters,A,10,0.000000
dry_stable__a_off__b_three_quarters,dry_stable,off,three_quarters,A,11,0.000000
dry_stable__a_off__b_three_quarters,dry_stable,off,three_quarters,A,12,0.000000
dry_stable__a_off__b_three_quarters,dry_stable,off,three_quarters,A,13,0.000000
dry_stable__a_off__b_three_quarters,dry_stable,off,three_quarters,A,14,0.000000
dry_stable__a_off__b_three_quarters,dry_stable,off,three_quarters,A,15,0.000000
dry_stable__a_off__b_three_quarters,dry_stable,off,three_quarters,A,16,0.000000
dry_stable__a_off__b_three_quarters,dry_stable,off,three_quarters,A,17,0.000000
dry_stable__a_off__b_three_quarters,dry_stable,off,three_quarters,A,18,0.000000
dry_stable__a_off__b_three_quarters,dry_stable,off,three_quarters,A,19,0.000000
dry_stable__a_off__b_three_quarters,dry_stable,off,three_quarters,A,20,0.000000
dry_stable__a_off__b_three_quarters,dry_stable,off,three_quarters,A,21,0.000000
dry_stable__a_off__b_three_quarters,dry_stable,off,three_quarters,A,22,0.000000
dry_stable__a_off__b_three_quarters,dry_stable,off,three_quarters,A,23,0.000000
dry_stable__a_off__b_three_quarters,dry_stable,off,three_quarters,B,0,81.500000
dry_stable__a_off__b_three_quarters,dry_stable,off,three_quarters,B,1,81.500000
dry_stable__a_off__b_three_quarters,dry_stable,off,three_quarters,B,2,81.500000
dry_stable__a_off__b_three_quarters,dry_stable,off,three_quarters,B,3,81.500000
dry_stable__a_off__b_three_quarters,dry_stable,off,three_quarters,B,4,81.500000
dry_stable__a_off__b_three_quarters,dry_stable,off,three_quarters,B,5,81.500000
dry_stable__a_off__b_three_quarters,dry_stable,off,three_quarters,B,6,81.500000
dry_stable__a_off__b_three_quarters,dry_stable,off,three_quarters,B,7,81.500000
dry_stable__a_off__b_three_quarters,dry_stable,off,three_quarters,B,8,81.500000
dry_stable__a_off__b_three_quarters,dry_stable,off,three_quarters,B,9,81.500000
dry_stable__a_off__b_three_quarters,dry_stable,off,three_quarters,B,10,81.500000
dry_stable__a_off__b_three_quarters,dry_stable,off,three_quarters,B,11,81.500000
dry_stable__a_off__b_three_quarters,dry_stable,off,three_quarters,B,12,81.500000
dry_stable__a_off__b_three_quarters,dry_stable,off,three_quarters,B,13,81.500000
dry_stable__a_off__b_three_quarters,dry_stable,off,three_quarters,B,14,81.500000
dry_stable__a_off__b_three_quarters,dry_stable,off,three_quarters,B,15,81.500000
dry_stable__a_off__b_three_quarters,dry_stable,off,three_quarters,B,16,81.500000
dry_stable__a_off__b_three_quarters,dry_stable,off,three_quarters,B,17,81.500000
dry_stable__a_off__b_three_quarters,dry_stable,off,three_quarters,B,18,81.500000
dry_stable__a_off__b_three_quarters,dry_stable,off,three_quarters,B,19,81.500000
dry_stable__a_off__b_three_quarters,dry_stable,off,three_quarters,B,20,81.500000
dry_stable__a_off__b_three_quarters,dry_stable,off,three_quarters,B,21,81.500000
dry_stable__a_off__b_three_quarters,dry_stable,off,three_quarters,B,22,81.500000
dry_stable__a_off__b_three_quarters,dry_stable,off,three_quarters,B,23,81.500000
dry_stable__a_off__b_maximum,dry_stable,off,maximum,A,0,0.000000
dry_stable__a_off__b_maximum,dry_stable,off,maximum,A,1,0.000000
dry_stable__a_off__b_maximum,dry_stable,off,maximum,A,2,0.000000
dry_stable__a_off__b_maximum,dry_stable,off,maximum,A,3,0.000000
dry_stable__a_off__b_maximum,dry_stable,off,maximum,A,4,0.000000
dry_stable__a_off__b_maximum,dry_stable,off,maximum,A,5,0.000000
dry_stable__a_off__b_maximum,dry_stable,off,maximum,A,6,0.000000
dry_stable__a_off__b_maximum,dry_stable,off,maximum,A,7,0.000000
dry_stable__a_off__b_maximum,dry_stable,off,maximum,A,8,0.000000
dry_stable__a_off__b_maximum,dry_stable,off,maximum,A,9,0.000000
dry_stable__a_off__b_maximum,dry_stable,off,maximum,A,10,0.000000
dry_stable__a_off__b_maximum,dry_stable,off,maximum,A,11,0.000000
dry_stable__a_off__b_maximum,dry_stable,off,maximum,A,12,0.000000
dry_stable__a_off__b_maximum,dry_stable,off,maximum,A,13,0.000000
dry_stable__a_off__b_maximum,dry_stable,off,maximum,A,14,0.000000
dry_stable__a_off__b_maximum,dry_stable,off,maximum,A,15,0.000000
dry_stable__a_off__b_maximum,dry_stable,off,maximum,A,16,0.000000
dry_stable__a_off__b_maximum,dry_stable,off,maximum,A,17,0.000000
dry_stable__a_off__b_maximum,dry_stable,off,maximum,A,18,0.000000
dry_stable__a_off__b_maximum,dry_stable,off,maximum,A,19,0.000000
dry_stable__a_off__b_maximum,dry_stable,off,maximum,A,20,0.000000
dry_stable__a_off__b_maximum,dry_stable,off,maximum,A,21,0.000000
dry_stable__a_off__b_maximum,dry_stable,off,maximum,A,22,0.000000
dry_stable__a_off__b_maximum,dry_stable,off,maximum,A,23,0.000000
dry_stable__a_off__b_maximum,dry_stable,off,maximum,B,0,98.000000
dry_stable__a_off__b_maximum,dry_stable,off,maximum,B,1,98.000000
dry_stable__a_off__b_maximum,dry_stable,off,maximum,B,2,98.000000
dry_stable__a_off__b_maximum,dry_stable,off,maximum,B,3,98.000000
dry_stable__a_off__b_maximum,dry_stable,off,maximum,B,4,98.000000
dry_stable__a_off__b_maximum,dry_stable,off,maximum,B,5,98.000000
dry_stable__a_off__b_maximum,dry_stable,off,maximum,B,6,98.000000
dry_stable__a_off__b_maximum,dry_stable,off,maximum,B,7,98.000000
dry_stable__a_off__b_maximum,dry_stable,off,maximum,B,8,98.000000
dry_stable__a_off__b_maximum,dry_stable,off,maximum,B,9,98.000000
dry_stable__a_off__b_maximum,dry_stable,off,maximum,B,10,98.000000
dry_stable__a_off__b_maximum,dry_stable,off,maximum,B,11,98.000000
dry_stable__a_off__b_maximum,dry_stable,off,maximum,B,12,98.000000
dry_stable__a_off__b_maximum,dry_stable,off,maximum,B,13,98.000000
dry_stable__a_off__b_maximum,dry_stable,off,maximum,B,14,98.000000
dry_stable__a_off__b_maximum,dry_stable,off,maximum,B,15,98.000000
dry_stable__a_off__b_maximum,dry_stable,off,maximum,B,16,98.000000
dry_stable__a_off__b_maximum,dry_stable,off,maximum,B,17,98.000000
dry_stable__a_off__b_maximum,dry_stable,off,maximum,B,18,98.000000
dry_stable__a_off__b_maximum,dry_stable,off,maximum,B,19,98.000000
dry_stable__a_off__b_maximum,dry_stable,off,maximum,B,20,98.000000
dry_stable__a_off__b_maximum,dry_stable,off,maximum,B,21,98.000000
dry_stable__a_off__b_maximum,dry_stable,off,maximum,B,22,98.000000
dry_stable__a_off__b_maximum,dry_stable,off,maximum,B,23,98.000000
dry_stable__a_minimum__b_off,dry_stable,minimum,off,A,0,45.000000
dry_stable__a_minimum__b_off,dry_stable,minimum,off,A,1,45.000000
dry_stable__a_minimum__b_off,dry_stable,minimum,off,A,2,45.000000
dry_stable__a_minimum__b_off,dry_stable,minimum,off,A,3,45.000000
dry_stable__a_minimum__b_off,dry_stable,minimum,off,A,4,45.000000
dry_stable__a_minimum__b_off,dry_stable,minimum,off,A,5,45.000000
dry_stable__a_minimum__b_off,dry_stable,minimum,off,A,6,45.000000
dry_stable__a_minimum__b_off,dry_stable,minimum,off,A,7,45.000000
dry_stable__a_minimum__b_off,dry_stable,minimum,off,A,8,45.000000
dry_stable__a_minimum__b_off,dry_stable,minimum,off,A,9,45.000000
dry_stable__a_minimum__b_off,dry_stable,minimum,off,A,10,45.000000
dry_stable__a_minimum__b_off,dry_stable,minimum,off,A,11,45.000000
dry_stable__a_minimum__b_off,dry_stable,minimum,off,A,12,45.000000
dry_stable__a_minimum__b_off,dry_stable,minimum,off,A,13,45.000000
dry_stable__a_minimum__b_off,dry_stable,minimum,off,A,14,45.000000
dry_stable__a_minimum__b_off,dry_stable,minimum,off,A,15,45.000000
dry_stable__a_minimum__b_off,dry_stable,minimum,off,A,16,45.000000
dry_stable__a_minimum__b_off,dry_stable,minimum,off,A,17,45.000000
dry_stable__a_minimum__b_off,dry_stable,minimum,off,A,18,45.000000
dry_stable__a_minimum__b_off,dry_stable,minimum,off,A,19,45.000000
dry_stable__a_minimum__b_off,dry_stable,minimum,off,A,20,45.000000
dry_stable__a_minimum__b_off,dry_stable,minimum,off,A,21,45.000000
dry_stable__a_minimum__b_off,dry_stable,minimum,off,A,22,45.000000
dry_stable__a_minimum__b_off,dry_stable,minimum,off,A,23,45.000000
dry_stable__a_minimum__b_off,dry_stable,minimum,off,B,0,0.000000
dry_stable__a_minimum__b_off,dry_stable,minimum,off,B,1,0.000000
dry_stable__a_minimum__b_off,dry_stable,minimum,off,B,2,0.000000
dry_stable__a_minimum__b_off,dry_stable,minimum,off,B,3,0.000000
dry_stable__a_minimum__b_off,dry_stable,minimum,off,B,4,0.000000
dry_stable__a_minimum__b_off,dry_stable,minimum,off,B,5,0.000000
dry_stable__a_minimum__b_off,dry_stable,minimum,off,B,6,0.000000
dry_stable__a_minimum__b_off,dry_stable,minimum,off,B,7,0.000000
dry_stable__a_minimum__b_off,dry_stable,minimum,off,B,8,0.000000
dry_stable__a_minimum__b_off,dry_stable,minimum,off,B,9,0.000000
dry_stable__a_minimum__b_off,dry_stable,minimum,off,B,10,0.000000
dry_stable__a_minimum__b_off,dry_stable,minimum,off,B,11,0.000000
dry_stable__a_minimum__b_off,dry_stable,minimum,off,B,12,0.000000
dry_stable__a_minimum__b_off,dry_stable,minimum,off,B,13,0.000000
dry_stable__a_minimum__b_off,dry_stable,minimum,off,B,14,0.000000
dry_stable__a_minimum__b_off,dry_stable,minimum,off,B,15,0.000000
dry_stable__a_minimum__b_off,dry_stable,minimum,off,B,16,0.000000
dry_stable__a_minimum__b_off,dry_stable,minimum,off,B,17,0.000000
dry_stable__a_minimum__b_off,dry_stable,minimum,off,B,18,0.000000
dry_stable__a_minimum__b_off,dry_stable,minimum,off,B,19,0.000000
dry_stable__a_minimum__b_off,dry_stable,minimum,off,B,20,0.000000
dry_stable__a_minimum__b_off,dry_stable,minimum,off,B,21,0.000000
dry_stable__a_minimum__b_off,dry_stable,minimum,off,B,22,0.000000
dry_stable__a_minimum__b_off,dry_stable,minimum,off,B,23,0.000000
dry_stable__a_minimum__b_minimum,dry_stable,minimum,minimum,A,0,45.000000
dry_stable__a_minimum__b_minimum,dry_stable,minimum,minimum,A,1,45.000000
dry_stable__a_minimum__b_minimum,dry_stable,minimum,minimum,A,2,45.000000
dry_stable__a_minimum__b_minimum,dry_stable,minimum,minimum,A,3,45.000000
dry_stable__a_minimum__b_minimum,dry_stable,minimum,minimum,A,4,45.000000
dry_stable__a_minimum__b_minimum,dry_stable,minimum,minimum,A,5,45.000000
dry_stable__a_minimum__b_minimum,dry_stable,minimum,minimum,A,6,45.000000
dry_stable__a_minimum__b_minimum,dry_stable,minimum,minimum,A,7,45.000000
dry_stable__a_minimum__b_minimum,dry_stable,minimum,minimum,A,8,45.000000
dry_stable__a_minimum__b_minimum,dry_stable,minimum,minimum,A,9,45.000000
dry_stable__a_minimum__b_minimum,dry_stable,minimum,minimum,A,10,45.000000
dry_stable__a_minimum__b_minimum,dry_stable,minimum,minimum,A,11,45.000000
dry_stable__a_minimum__b_minimum,dry_stable,minimum,minimum,A,12,45.000000
dry_stable__a_minimum__b_minimum,dry_stable,minimum,minimum,A,13,45.000000
dry_stable__a_minimum__b_minimum,dry_stable,minimum,minimum,A,14,45.000000
dry_stable__a_minimum__b_minimum,dry_stable,minimum,minimum,A,15,45.000000
dry_stable__a_minimum__b_minimum,dry_stable,minimum,minimum,A,16,45.000000
dry_stable__a_minimum__b_minimum,dry_stable,minimum,minimum,A,17,45.000000
dry_stable__a_minimum__b_minimum,dry_stable,minimum,minimum,A,18,45.000000
dry_stable__a_minimum__b_minimum,dry_stable,minimum,minimum,A,19,45.000000
dry_stable__a_minimum__b_minimum,dry_stable,minimum,minimum,A,20,45.000000
dry_stable__a_minimum__b_minimum,dry_stable,minimum,minimum,A,21,45.000000
dry_stable__a_minimum__b_minimum,dry_stable,minimum,minimum,A,22,45.000000
dry_stable__a_minimum__b_minimum,dry_stable,minimum,minimum,A,23,45.000000
dry_stable__a_minimum__b_minimum,dry_stable,minimum,minimum,B,0,32.000000
dry_stable__a_minimum__b_minimum,dry_stable,minimum,minimum,B,1,32.000000
dry_stable__a_minimum__b_minimum,dry_stable,minimum,minimum,B,2,32.000000
dry_stable__a_minimum__b_minimum,dry_stable,minimum,minimum,B,3,32.000000
dry_stable__a_minimum__b_minimum,dry_stable,minimum,minimum,B,4,32.000000
dry_stable__a_minimum__b_minimum,dry_stable,minimum,minimum,B,5,32.000000
dry_stable__a_minimum__b_minimum,dry_stable,minimum,minimum,B,6,32.000000
dry_stable__a_minimum__b_minimum,dry_stable,minimum,minimum,B,7,32.000000
dry_stable__a_minimum__b_minimum,dry_stable,minimum,minimum,B,8,32.000000
dry_stable__a_minimum__b_minimum,dry_stable,minimum,minimum,B,9,32.000000
dry_stable__a_minimum__b_minimum,dry_stable,minimum,minimum,B,10,32.000000
dry_stable__a_minimum__b_minimum,dry_stable,minimum,minimum,B,11,32.000000
dry_stable__a_minimum__b_minimum,dry_stable,minimum,minimum,B,12,32.000000
dry_stable__a_minimum__b_minimum,dry_stable,minimum,minimum,B,13,32.000000
dry_stable__a_minimum__b_minimum,dry_stable,minimum,minimum,B,14,32.000000
dry_stable__a_minimum__b_minimum,dry_stable,minimum,minimum,B,15,32.000000
dry_stable__a_minimum__b_minimum,dry_stable,minimum,minimum,B,16,32.000000
dry_stable__a_minimum__b_minimum,dry_stable,minimum,minimum,B,17,32.000000
dry_stable__a_minimum__b_minimum,dry_stable,minimum,minimum,B,18,32.000000
dry_stable__a_minimum__b_minimum,dry_stable,minimum,minimum,B,19,32.000000
dry_stable__a_minimum__b_minimum,dry_stable,minimum,minimum,B,20,32.000000
dry_stable__a_minimum__b_minimum,dry_stable,minimum,minimum,B,21,32.000000
dry_stable__a_minimum__b_minimum,dry_stable,minimum,minimum,B,22,32.000000
dry_stable__a_minimum__b_minimum,dry_stable,minimum,minimum,B,23,32.000000
dry_stable__a_minimum__b_quarter,dry_stable,minimum,quarter,A,0,45.000000
dry_stable__a_minimum__b_quarter,dry_stable,minimum,quarter,A,1,45.000000
dry_stable__a_minimum__b_quarter,dry_stable,minimum,quarter,A,2,45.000000
dry_stable__a_minimum__b_quarter,dry_stable,minimum,quarter,A,3,45.000000
dry_stable__a_minimum__b_quarter,dry_stable,minimum,quarter,A,4,45.000000
dry_stable__a_minimum__b_quarter,dry_stable,minimum,quarter,A,5,45.000000
dry_stable__a_minimum__b_quarter,dry_stable,minimum,quarter,A,6,45.000000
dry_stable__a_minimum__b_quarter,dry_stable,minimum,quarter,A,7,45.000000
dry_stable__a_minimum__b_quarter,dry_stable,minimum,quarter,A,8,45.000000
dry_stable__a_minimum__b_quarter,dry_stable,minimum,quarter,A,9,45.000000
dry_stable__a_minimum__b_quarter,dry_stable,minimum,quarter,A,10,45.000000
dry_stable__a_minimum__b_quarter,dry_stable,minimum,quarter,A,11,45.000000
dry_stable__a_minimum__b_quarter,dry_stable,minimum,quarter,A,12,45.000000
dry_stable__a_minimum__b_quarter,dry_stable,minimum,quarter,A,13,45.000000
dry_stable__a_minimum__b_quarter,dry_stable,minimum,quarter,A,14,45.000000
dry_stable__a_minimum__b_quarter,dry_stable,minimum,quarter,A,15,45.000000
dry_stable__a_minimum__b_quarter,dry_stable,minimum,quarter,A,16,45.000000
dry_stable__a_minimum__b_quarter,dry_stable,minimum,quarter,A,17,45.000000
dry_stable__a_minimum__b_quarter,dry_stable,minimum,quarter,A,18,45.000000
dry_stable__a_minimum__b_quarter,dry_stable,minimum,quarter,A,19,45.000000
dry_stable__a_minimum__b_quarter,dry_stable,minimum,quarter,A,20,45.000000
dry_stable__a_minimum__b_quarter,dry_stable,minimum,quarter,A,21,45.000000
dry_stable__a_minimum__b_quarter,dry_stable,minimum,quarter,A,22,45.000000
dry_stable__a_minimum__b_quarter,dry_stable,minimum,quarter,A,23,45.000000
dry_stable__a_minimum__b_quarter,dry_stable,minimum,quarter,B,0,48.500000
dry_stable__a_minimum__b_quarter,dry_stable,minimum,quarter,B,1,48.500000
dry_stable__a_minimum__b_quarter,dry_stable,minimum,quarter,B,2,48.500000
dry_stable__a_minimum__b_quarter,dry_stable,minimum,quarter,B,3,48.500000
dry_stable__a_minimum__b_quarter,dry_stable,minimum,quarter,B,4,48.500000
dry_stable__a_minimum__b_quarter,dry_stable,minimum,quarter,B,5,48.500000
dry_stable__a_minimum__b_quarter,dry_stable,minimum,quarter,B,6,48.500000
dry_stable__a_minimum__b_quarter,dry_stable,minimum,quarter,B,7,48.500000
dry_stable__a_minimum__b_quarter,dry_stable,minimum,quarter,B,8,48.500000
dry_stable__a_minimum__b_quarter,dry_stable,minimum,quarter,B,9,48.500000
dry_stable__a_minimum__b_quarter,dry_stable,minimum,quarter,B,10,48.500000
dry_stable__a_minimum__b_quarter,dry_stable,minimum,quarter,B,11,48.500000
dry_stable__a_minimum__b_quarter,dry_stable,minimum,quarter,B,12,48.500000
dry_stable__a_minimum__b_quarter,dry_stable,minimum,quarter,B,13,48.500000
dry_stable__a_minimum__b_quarter,dry_stable,minimum,quarter,B,14,48.500000
dry_stable__a_minimum__b_quarter,dry_stable,minimum,quarter,B,15,48.500000
dry_stable__a_minimum__b_quarter,dry_stable,minimum,quarter,B,16,48.500000
dry_stable__a_minimum__b_quarter,dry_stable,minimum,quarter,B,17,48.500000
dry_stable__a_minimum__b_quarter,dry_stable,minimum,quarter,B,18,48.500000
dry_stable__a_minimum__b_quarter,dry_stable,minimum,quarter,B,19,48.500000
dry_stable__a_minimum__b_quarter,dry_stable,minimum,quarter,B,20,48.500000
dry_stable__a_minimum__b_quarter,dry_stable,minimum,quarter,B,21,48.500000
dry_stable__a_minimum__b_quarter,dry_stable,minimum,quarter,B,22,48.500000
dry_stable__a_minimum__b_quarter,dry_stable,minimum,quarter,B,23,48.500000
dry_stable__a_minimum__b_half,dry_stable,minimum,half,A,0,45.000000
dry_stable__a_minimum__b_half,dry_stable,minimum,half,A,1,45.000000
dry_stable__a_minimum__b_half,dry_stable,minimum,half,A,2,45.000000
dry_stable__a_minimum__b_half,dry_stable,minimum,half,A,3,45.000000
dry_stable__a_minimum__b_half,dry_stable,minimum,half,A,4,45.000000
dry_stable__a_minimum__b_half,dry_stable,minimum,half,A,5,45.000000
dry_stable__a_minimum__b_half,dry_stable,minimum,half,A,6,45.000000
dry_stable__a_minimum__b_half,dry_stable,minimum,half,A,7,45.000000
dry_stable__a_minimum__b_half,dry_stable,minimum,half,A,8,45.000000
dry_stable__a_minimum__b_half,dry_stable,minimum,half,A,9,45.000000
dry_stable__a_minimum__b_half,dry_stable,minimum,half,A,10,45.000000
dry_stable__a_minimum__b_half,dry_stable,minimum,half,A,11,45.000000
dry_stable__a_minimum__b_half,dry_stable,minimum,half,A,12,45.000000
dry_stable__a_minimum__b_half,dry_stable,minimum,half,A,13,45.000000
dry_stable__a_minimum__b_half,dry_stable,minimum,half,A,14,45.000000
dry_stable__a_minimum__b_half,dry_stable,minimum,half,A,15,45.000000
dry_stable__a_minimum__b_half,dry_stable,minimum,half,A,16,45.000000
dry_stable__a_minimum__b_half,dry_stable,minimum,half,A,17,45.000000
dry_stable__a_minimum__b_half,dry_stable,minimum,half,A,18,45.000000
dry_stable__a_minimum__b_half,dry_stable,minimum,half,A,19,45.000000
dry_stable__a_minimum__b_half,dry_stable,minimum,half,A,20,45.000000
dry_stable__a_minimum__b_half,dry_stable,minimum,half,A,21,45.000000
dry_stable__a_minimum__b_half,dry_stable,minimum,half,A,22,45.000000
dry_stable__a_minimum__b_half,dry_stable,minimum,half,A,23,45.000000
dry_stable__a_minimum__b_half,dry_stable,minimum,half,B,0,65.000000
dry_stable__a_minimum__b_half,dry_stable,minimum,half,B,1,65.000000
dry_stable__a_minimum__b_half,dry_stable,minimum,half,B,2,65.000000
dry_stable__a_minimum__b_half,dry_stable,minimum,half,B,3,65.000000
dry_stable__a_minimum__b_half,dry_stable,minimum,half,B,4,65.000000
dry_stable__a_minimum__b_half,dry_stable,minimum,half,B,5,65.000000
dry_stable__a_minimum__b_half,dry_stable,minimum,half,B,6,65.000000
dry_stable__a_minimum__b_half,dry_stable,minimum,half,B,7,65.000000
dry_stable__a_minimum__b_half,dry_stable,minimum,half,B,8,65.000000
dry_stable__a_minimum__b_half,dry_stable,minimum,half,B,9,65.000000
dry_stable__a_minimum__b_half,dry_stable,minimum,half,B,10,65.000000
dry_stable__a_minimum__b_half,dry_stable,minimum,half,B,11,65.000000
dry_stable__a_minimum__b_half,dry_stable,minimum,half,B,12,65.000000
dry_stable__a_minimum__b_half,dry_stable,minimum,half,B,13,65.000000
dry_stable__a_minimum__b_half,dry_stable,minimum,half,B,14,65.000000
dry_stable__a_minimum__b_half,dry_stable,minimum,half,B,15,65.000000
dry_stable__a_minimum__b_half,dry_stable,minimum,half,B,16,65.000000
dry_stable__a_minimum__b_half,dry_stable,minimum,half,B,17,65.000000
dry_stable__a_minimum__b_half,dry_stable,minimum,half,B,18,65.000000
dry_stable__a_minimum__b_half,dry_stable,minimum,half,B,19,65.000000
dry_stable__a_minimum__b_half,dry_stable,minimum,half,B,20,65.000000
dry_stable__a_minimum__b_half,dry_stable,minimum,half,B,21,65.000000
dry_stable__a_minimum__b_half,dry_stable,minimum,half,B,22,65.000000
dry_stable__a_minimum__b_half,dry_stable,minimum,half,B,23,65.000000
dry_stable__a_minimum__b_three_quarters,dry_stable,minimum,three_quarters,A,0,45.000000
dry_stable__a_minimum__b_three_quarters,dry_stable,minimum,three_quarters,A,1,45.000000
dry_stable__a_minimum__b_three_quarters,dry_stable,minimum,three_quarters,A,2,45.000000
dry_stable__a_minimum__b_three_quarters,dry_stable,minimum,three_quarters,A,3,45.000000
dry_stable__a_minimum__b_three_quarters,dry_stable,minimum,three_quarters,A,4,45.000000
dry_stable__a_minimum__b_three_quarters,dry_stable,minimum,three_quarters,A,5,45.000000
dry_stable__a_minimum__b_three_quarters,dry_stable,minimum,three_quarters,A,6,45.000000
dry_stable__a_minimum__b_three_quarters,dry_stable,minimum,three_quarters,A,7,45.000000
dry_stable__a_minimum__b_three_quarters,dry_stable,minimum,three_quarters,A,8,45.000000
dry_stable__a_minimum__b_three_quarters,dry_stable,minimum,three_quarters,A,9,45.000000
dry_stable__a_minimum__b_three_quarters,dry_stable,minimum,three_quarters,A,10,45.000000
dry_stable__a_minimum__b_three_quarters,dry_stable,minimum,three_quarters,A,11,45.000000
dry_stable__a_minimum__b_three_quarters,dry_stable,minimum,three_quarters,A,12,45.000000
dry_stable__a_minimum__b_three_quarters,dry_stable,minimum,three_quarters,A,13,45.000000
dry_stable__a_minimum__b_three_quarters,dry_stable,minimum,three_quarters,A,14,45.000000
dry_stable__a_minimum__b_three_quarters,dry_stable,minimum,three_quarters,A,15,45.000000
dry_stable__a_minimum__b_three_quarters,dry_stable,minimum,three_quarters,A,16,45.000000
dry_stable__a_minimum__b_three_quarters,dry_stable,minimum,three_quarters,A,17,45.000000
dry_stable__a_minimum__b_three_quarters,dry_stable,minimum,three_quarters,A,18,45.000000
dry_stable__a_minimum__b_three_quarters,dry_stable,minimum,three_quarters,A,19,45.000000
dry_stable__a_minimum__b_three_quarters,dry_stable,minimum,three_quarters,A,20,45.000000
dry_stable__a_minimum__b_three_quarters,dry_stable,minimum,three_quarters,A,21,45.000000
dry_stable__a_minimum__b_three_quarters,dry_stable,minimum,three_quarters,A,22,45.000000
dry_stable__a_minimum__b_three_quarters,dry_stable,minimum,three_quarters,A,23,45.000000
dry_stable__a_minimum__b_three_quarters,dry_stable,minimum,three_quarters,B,0,81.500000
dry_stable__a_minimum__b_three_quarters,dry_stable,minimum,three_quarters,B,1,81.500000
dry_stable__a_minimum__b_three_quarters,dry_stable,minimum,three_quarters,B,2,81.500000
dry_stable__a_minimum__b_three_quarters,dry_stable,minimum,three_quarters,B,3,81.500000
dry_stable__a_minimum__b_three_quarters,dry_stable,minimum,three_quarters,B,4,81.500000
dry_stable__a_minimum__b_three_quarters,dry_stable,minimum,three_quarters,B,5,81.500000
dry_stable__a_minimum__b_three_quarters,dry_stable,minimum,three_quarters,B,6,81.500000
dry_stable__a_minimum__b_three_quarters,dry_stable,minimum,three_quarters,B,7,81.500000
dry_stable__a_minimum__b_three_quarters,dry_stable,minimum,three_quarters,B,8,81.500000
dry_stable__a_minimum__b_three_quarters,dry_stable,minimum,three_quarters,B,9,81.500000
dry_stable__a_minimum__b_three_quarters,dry_stable,minimum,three_quarters,B,10,81.500000
dry_stable__a_minimum__b_three_quarters,dry_stable,minimum,three_quarters,B,11,81.500000
dry_stable__a_minimum__b_three_quarters,dry_stable,minimum,three_quarters,B,12,81.500000
dry_stable__a_minimum__b_three_quarters,dry_stable,minimum,three_quarters,B,13,81.500000
dry_stable__a_minimum__b_three_quarters,dry_stable,minimum,three_quarters,B,14,81.500000
dry_stable__a_minimum__b_three_quarters,dry_stable,minimum,three_quarters,B,15,81.500000
dry_stable__a_minimum__b_three_quarters,dry_stable,minimum,three_quarters,B,16,81.500000
dry_stable__a_minimum__b_three_quarters,dry_stable,minimum,three_quarters,B,17,81.500000
dry_stable__a_minimum__b_three_quarters,dry_stable,minimum,three_quarters,B,18,81.500000
dry_stable__a_minimum__b_three_quarters,dry_stable,minimum,three_quarters,B,19,81.500000
dry_stable__a_minimum__b_three_quarters,dry_stable,minimum,three_quarters,B,20,81.500000
dry_stable__a_minimum__b_three_quarters,dry_stable,minimum,three_quarters,B,21,81.500000
dry_stable__a_minimum__b_three_quarters,dry_stable,minimum,three_quarters,B,22,81.500000
dry_stable__a_minimum__b_three_quarters,dry_stable,minimum,three_quarters,B,23,81.500000
dry_stable__a_minimum__b_maximum,dry_stable,minimum,maximum,A,0,45.000000
dry_stable__a_minimum__b_maximum,dry_stable,minimum,maximum,A,1,45.000000
dry_stable__a_minimum__b_maximum,dry_stable,minimum,maximum,A,2,45.000000
dry_stable__a_minimum__b_maximum,dry_stable,minimum,maximum,A,3,45.000000
dry_stable__a_minimum__b_maximum,dry_stable,minimum,maximum,A,4,45.000000
dry_stable__a_minimum__b_maximum,dry_stable,minimum,maximum,A,5,45.000000
dry_stable__a_minimum__b_maximum,dry_stable,minimum,maximum,A,6,45.000000
dry_stable__a_minimum__b_maximum,dry_stable,minimum,maximum,A,7,45.000000
dry_stable__a_minimum__b_maximum,dry_stable,minimum,maximum,A,8,45.000000
dry_stable__a_minimum__b_maximum,dry_stable,minimum,maximum,A,9,45.000000
dry_stable__a_minimum__b_maximum,dry_stable,minimum,maximum,A,10,45.000000
dry_stable__a_minimum__b_maximum,dry_stable,minimum,maximum,A,11,45.000000
dry_stable__a_minimum__b_maximum,dry_stable,minimum,maximum,A,12,45.000000
dry_stable__a_minimum__b_maximum,dry_stable,minimum,maximum,A,13,45.000000
dry_stable__a_minimum__b_maximum,dry_stable,minimum,maximum,A,14,45.000000
dry_stable__a_minimum__b_maximum,dry_stable,minimum,maximum,A,15,45.000000
dry_stable__a_minimum__b_maximum,dry_stable,minimum,maximum,A,16,45.000000
dry_stable__a_minimum__b_maximum,dry_stable,minimum,maximum,A,17,45.000000
dry_stable__a_minimum__b_maximum,dry_stable,minimum,maximum,A,18,45.000000
dry_stable__a_minimum__b_maximum,dry_stable,minimum,maximum,A,19,45.000000
dry_stable__a_minimum__b_maximum,dry_stable,minimum,maximum,A,20,45.000000
dry_stable__a_minimum__b_maximum,dry_stable,minimum,maximum,A,21,45.000000
dry_stable__a_minimum__b_maximum,dry_stable,minimum,maximum,A,22,45.000000
dry_stable__a_minimum__b_maximum,dry_stable,minimum,maximum,A,23,45.000000
dry_stable__a_minimum__b_maximum,dry_stable,minimum,maximum,B,0,98.000000
dry_stable__a_minimum__b_maximum,dry_stable,minimum,maximum,B,1,98.000000
dry_stable__a_minimum__b_maximum,dry_stable,minimum,maximum,B,2,98.000000
dry_stable__a_minimum__b_maximum,dry_stable,minimum,maximum,B,3,98.000000
dry_stable__a_minimum__b_maximum,dry_stable,minimum,maximum,B,4,98.000000
dry_stable__a_minimum__b_maximum,dry_stable,minimum,maximum,B,5,98.000000
dry_stable__a_minimum__b_maximum,dry_stable,minimum,maximum,B,6,98.000000
dry_stable__a_minimum__b_maximum,dry_stable,minimum,maximum,B,7,98.000000
dry_stable__a_minimum__b_maximum,dry_stable,minimum,maximum,B,8,98.000000
dry_stable__a_minimum__b_maximum,dry_stable,minimum,maximum,B,9,98.000000
dry_stable__a_minimum__b_maximum,dry_stable,minimum,maximum,B,10,98.000000
dry_stable__a_minimum__b_maximum,dry_stable,minimum,maximum,B,11,98.000000
dry_stable__a_minimum__b_maximum,dry_stable,minimum,maximum,B,12,98.000000
dry_stable__a_minimum__b_maximum,dry_stable,minimum,maximum,B,13,98.000000
dry_stable__a_minimum__b_maximum,dry_stable,minimum,maximum,B,14,98.000000
dry_stable__a_minimum__b_maximum,dry_stable,minimum,maximum,B,15,98.000000
dry_stable__a_minimum__b_maximum,dry_stable,minimum,maximum,B,16,98.000000
dry_stable__a_minimum__b_maximum,dry_stable,minimum,maximum,B,17,98.000000
dry_stable__a_minimum__b_maximum,dry_stable,minimum,maximum,B,18,98.000000
dry_stable__a_minimum__b_maximum,dry_stable,minimum,maximum,B,19,98.000000
dry_stable__a_minimum__b_maximum,dry_stable,minimum,maximum,B,20,98.000000
dry_stable__a_minimum__b_maximum,dry_stable,minimum,maximum,B,21,98.000000
dry_stable__a_minimum__b_maximum,dry_stable,minimum,maximum,B,22,98.000000
dry_stable__a_minimum__b_maximum,dry_stable,minimum,maximum,B,23,98.000000
dry_stable__a_quarter__b_off,dry_stable,quarter,off,A,0,65.750000
dry_stable__a_quarter__b_off,dry_stable,quarter,off,A,1,65.750000
dry_stable__a_quarter__b_off,dry_stable,quarter,off,A,2,65.750000
dry_stable__a_quarter__b_off,dry_stable,quarter,off,A,3,65.750000
dry_stable__a_quarter__b_off,dry_stable,quarter,off,A,4,65.750000
dry_stable__a_quarter__b_off,dry_stable,quarter,off,A,5,65.750000
dry_stable__a_quarter__b_off,dry_stable,quarter,off,A,6,65.750000
dry_stable__a_quarter__b_off,dry_stable,quarter,off,A,7,65.750000
dry_stable__a_quarter__b_off,dry_stable,quarter,off,A,8,65.750000
dry_stable__a_quarter__b_off,dry_stable,quarter,off,A,9,65.750000
dry_stable__a_quarter__b_off,dry_stable,quarter,off,A,10,65.750000
dry_stable__a_quarter__b_off,dry_stable,quarter,off,A,11,65.750000
dry_stable__a_quarter__b_off,dry_stable,quarter,off,A,12,65.750000
dry_stable__a_quarter__b_off,dry_stable,quarter,off,A,13,65.750000
dry_stable__a_quarter__b_off,dry_stable,quarter,off,A,14,65.750000
dry_stable__a_quarter__b_off,dry_stable,quarter,off,A,15,65.750000
dry_stable__a_quarter__b_off,dry_stable,quarter,off,A,16,65.750000
dry_stable__a_quarter__b_off,dry_stable,quarter,off,A,17,65.750000
dry_stable__a_quarter__b_off,dry_stable,quarter,off,A,18,65.750000
dry_stable__a_quarter__b_off,dry_stable,quarter,off,A,19,65.750000
dry_stable__a_quarter__b_off,dry_stable,quarter,off,A,20,65.750000
dry_stable__a_quarter__b_off,dry_stable,quarter,off,A,21,65.750000
dry_stable__a_quarter__b_off,dry_stable,quarter,off,A,22,65.750000
dry_stable__a_quarter__b_off,dry_stable,quarter,off,A,23,65.750000
dry_stable__a_quarter__b_off,dry_stable,quarter,off,B,0,0.000000
dry_stable__a_quarter__b_off,dry_stable,quarter,off,B,1,0.000000
dry_stable__a_quarter__b_off,dry_stable,quarter,off,B,2,0.000000
dry_stable__a_quarter__b_off,dry_stable,quarter,off,B,3,0.000000
dry_stable__a_quarter__b_off,dry_stable,quarter,off,B,4,0.000000
dry_stable__a_quarter__b_off,dry_stable,quarter,off,B,5,0.000000
dry_stable__a_quarter__b_off,dry_stable,quarter,off,B,6,0.000000
dry_stable__a_quarter__b_off,dry_stable,quarter,off,B,7,0.000000
dry_stable__a_quarter__b_off,dry_stable,quarter,off,B,8,0.000000
dry_stable__a_quarter__b_off,dry_stable,quarter,off,B,9,0.000000
dry_stable__a_quarter__b_off,dry_stable,quarter,off,B,10,0.000000
dry_stable__a_quarter__b_off,dry_stable,quarter,off,B,11,0.000000
dry_stable__a_quarter__b_off,dry_stable,quarter,off,B,12,0.000000
dry_stable__a_quarter__b_off,dry_stable,quarter,off,B,13,0.000000
dry_stable__a_quarter__b_off,dry_stable,quarter,off,B,14,0.000000
dry_stable__a_quarter__b_off,dry_stable,quarter,off,B,15,0.000000
dry_stable__a_quarter__b_off,dry_stable,quarter,off,B,16,0.000000
dry_stable__a_quarter__b_off,dry_stable,quarter,off,B,17,0.000000
dry_stable__a_quarter__b_off,dry_stable,quarter,off,B,18,0.000000
dry_stable__a_quarter__b_off,dry_stable,quarter,off,B,19,0.000000
dry_stable__a_quarter__b_off,dry_stable,quarter,off,B,20,0.000000
dry_stable__a_quarter__b_off,dry_stable,quarter,off,B,21,0.000000
dry_stable__a_quarter__b_off,dry_stable,quarter,off,B,22,0.000000
dry_stable__a_quarter__b_off,dry_stable,quarter,off,B,23,0.000000
dry_stable__a_quarter__b_minimum,dry_stable,quarter,minimum,A,0,65.750000
dry_stable__a_quarter__b_minimum,dry_stable,quarter,minimum,A,1,65.750000
dry_stable__a_quarter__b_minimum,dry_stable,quarter,minimum,A,2,65.750000
dry_stable__a_quarter__b_minimum,dry_stable,quarter,minimum,A,3,65.750000
dry_stable__a_quarter__b_minimum,dry_stable,quarter,minimum,A,4,65.750000
dry_stable__a_quarter__b_minimum,dry_stable,quarter,minimum,A,5,65.750000
dry_stable__a_quarter__b_minimum,dry_stable,quarter,minimum,A,6,65.750000
dry_stable__a_quarter__b_minimum,dry_stable,quarter,minimum,A,7,65.750000
dry_stable__a_quarter__b_minimum,dry_stable,quarter,minimum,A,8,65.750000
dry_stable__a_quarter__b_minimum,dry_stable,quarter,minimum,A,9,65.750000
dry_stable__a_quarter__b_minimum,dry_stable,quarter,minimum,A,10,65.750000
dry_stable__a_quarter__b_minimum,dry_stable,quarter,minimum,A,11,65.750000
dry_stable__a_quarter__b_minimum,dry_stable,quarter,minimum,A,12,65.750000
dry_stable__a_quarter__b_minimum,dry_stable,quarter,minimum,A,13,65.750000
dry_stable__a_quarter__b_minimum,dry_stable,quarter,minimum,A,14,65.750000
dry_stable__a_quarter__b_minimum,dry_stable,quarter,minimum,A,15,65.750000
dry_stable__a_quarter__b_minimum,dry_stable,quarter,minimum,A,16,65.750000
dry_stable__a_quarter__b_minimum,dry_stable,quarter,minimum,A,17,65.750000
dry_stable__a_quarter__b_minimum,dry_stable,quarter,minimum,A,18,65.750000
dry_stable__a_quarter__b_minimum,dry_stable,quarter,minimum,A,19,65.750000
dry_stable__a_quarter__b_minimum,dry_stable,quarter,minimum,A,20,65.750000
dry_stable__a_quarter__b_minimum,dry_stable,quarter,minimum,A,21,65.750000
dry_stable__a_quarter__b_minimum,dry_stable,quarter,minimum,A,22,65.750000
dry_stable__a_quarter__b_minimum,dry_stable,quarter,minimum,A,23,65.750000
dry_stable__a_quarter__b_minimum,dry_stable,quarter,minimum,B,0,32.000000
dry_stable__a_quarter__b_minimum,dry_stable,quarter,minimum,B,1,32.000000
dry_stable__a_quarter__b_minimum,dry_stable,quarter,minimum,B,2,32.000000
dry_stable__a_quarter__b_minimum,dry_stable,quarter,minimum,B,3,32.000000
dry_stable__a_quarter__b_minimum,dry_stable,quarter,minimum,B,4,32.000000
dry_stable__a_quarter__b_minimum,dry_stable,quarter,minimum,B,5,32.000000
dry_stable__a_quarter__b_minimum,dry_stable,quarter,minimum,B,6,32.000000
dry_stable__a_quarter__b_minimum,dry_stable,quarter,minimum,B,7,32.000000
dry_stable__a_quarter__b_minimum,dry_stable,quarter,minimum,B,8,32.000000
dry_stable__a_quarter__b_minimum,dry_stable,quarter,minimum,B,9,32.000000
dry_stable__a_quarter__b_minimum,dry_stable,quarter,minimum,B,10,32.000000
dry_stable__a_quarter__b_minimum,dry_stable,quarter,minimum,B,11,32.000000
dry_stable__a_quarter__b_minimum,dry_stable,quarter,minimum,B,12,32.000000
dry_stable__a_quarter__b_minimum,dry_stable,quarter,minimum,B,13,32.000000
dry_stable__a_quarter__b_minimum,dry_stable,quarter,minimum,B,14,32.000000
dry_stable__a_quarter__b_minimum,dry_stable,quarter,minimum,B,15,32.000000
dry_stable__a_quarter__b_minimum,dry_stable,quarter,minimum,B,16,32.000000
dry_stable__a_quarter__b_minimum,dry_stable,quarter,minimum,B,17,32.000000
dry_stable__a_quarter__b_minimum,dry_stable,quarter,minimum,B,18,32.000000
dry_stable__a_quarter__b_minimum,dry_stable,quarter,minimum,B,19,32.000000
dry_stable__a_quarter__b_minimum,dry_stable,quarter,minimum,B,20,32.000000
dry_stable__a_quarter__b_minimum,dry_stable,quarter,minimum,B,21,32.000000
dry_stable__a_quarter__b_minimum,dry_stable,quarter,minimum,B,22,32.000000
dry_stable__a_quarter__b_minimum,dry_stable,quarter,minimum,B,23,32.000000
dry_stable__a_quarter__b_quarter,dry_stable,quarter,quarter,A,0,65.750000
dry_stable__a_quarter__b_quarter,dry_stable,quarter,quarter,A,1,65.750000
dry_stable__a_quarter__b_quarter,dry_stable,quarter,quarter,A,2,65.750000
dry_stable__a_quarter__b_quarter,dry_stable,quarter,quarter,A,3,65.750000
dry_stable__a_quarter__b_quarter,dry_stable,quarter,quarter,A,4,65.750000
dry_stable__a_quarter__b_quarter,dry_stable,quarter,quarter,A,5,65.750000
dry_stable__a_quarter__b_quarter,dry_stable,quarter,quarter,A,6,65.750000
dry_stable__a_quarter__b_quarter,dry_stable,quarter,quarter,A,7,65.750000
dry_stable__a_quarter__b_quarter,dry_stable,quarter,quarter,A,8,65.750000
dry_stable__a_quarter__b_quarter,dry_stable,quarter,quarter,A,9,65.750000
dry_stable__a_quarter__b_quarter,dry_stable,quarter,quarter,A,10,65.750000
dry_stable__a_quarter__b_quarter,dry_stable,quarter,quarter,A,11,65.750000
dry_stable__a_quarter__b_quarter,dry_stable,quarter,quarter,A,12,65.750000
dry_stable__a_quarter__b_quarter,dry_stable,quarter,quarter,A,13,65.750000
dry_stable__a_quarter__b_quarter,dry_stable,quarter,quarter,A,14,65.750000
dry_stable__a_quarter__b_quarter,dry_stable,quarter,quarter,A,15,65.750000
dry_stable__a_quarter__b_quarter,dry_stable,quarter,quarter,A,16,65.750000
dry_stable__a_quarter__b_quarter,dry_stable,quarter,quarter,A,17,65.750000
dry_stable__a_quarter__b_quarter,dry_stable,quarter,quarter,A,18,65.750000
dry_stable__a_quarter__b_quarter,dry_stable,quarter,quarter,A,19,65.750000
dry_stable__a_quarter__b_quarter,dry_stable,quarter,quarter,A,20,65.750000
dry_stable__a_quarter__b_quarter,dry_stable,quarter,quarter,A,21,65.750000
dry_stable__a_quarter__b_quarter,dry_stable,quarter,quarter,A,22,65.750000
dry_stable__a_quarter__b_quarter,dry_stable,quarter,quarter,A,23,65.750000
dry_stable__a_quarter__b_quarter,dry_stable,quarter,quarter,B,0,48.500000
dry_stable__a_quarter__b_quarter,dry_stable,quarter,quarter,B,1,48.500000
dry_stable__a_quarter__b_quarter,dry_stable,quarter,quarter,B,2,48.500000
dry_stable__a_quarter__b_quarter,dry_stable,quarter,quarter,B,3,48.500000
dry_stable__a_quarter__b_quarter,dry_stable,quarter,quarter,B,4,48.500000
dry_stable__a_quarter__b_quarter,dry_stable,quarter,quarter,B,5,48.500000
dry_stable__a_quarter__b_quarter,dry_stable,quarter,quarter,B,6,48.500000
dry_stable__a_quarter__b_quarter,dry_stable,quarter,quarter,B,7,48.500000
dry_stable__a_quarter__b_quarter,dry_stable,quarter,quarter,B,8,48.500000
dry_stable__a_quarter__b_quarter,dry_stable,quarter,quarter,B,9,48.500000
dry_stable__a_quarter__b_quarter,dry_stable,quarter,quarter,B,10,48.500000
dry_stable__a_quarter__b_quarter,dry_stable,quarter,quarter,B,11,48.500000
dry_stable__a_quarter__b_quarter,dry_stable,quarter,quarter,B,12,48.500000
dry_stable__a_quarter__b_quarter,dry_stable,quarter,quarter,B,13,48.500000
dry_stable__a_quarter__b_quarter,dry_stable,quarter,quarter,B,14,48.500000
dry_stable__a_quarter__b_quarter,dry_stable,quarter,quarter,B,15,48.500000
dry_stable__a_quarter__b_quarter,dry_stable,quarter,quarter,B,16,48.500000
dry_stable__a_quarter__b_quarter,dry_stable,quarter,quarter,B,17,48.500000
dry_stable__a_quarter__b_quarter,dry_stable,quarter,quarter,B,18,48.500000
dry_stable__a_quarter__b_quarter,dry_stable,quarter,quarter,B,19,48.500000
dry_stable__a_quarter__b_quarter,dry_stable,quarter,quarter,B,20,48.500000
dry_stable__a_quarter__b_quarter,dry_stable,quarter,quarter,B,21,48.500000
dry_stable__a_quarter__b_quarter,dry_stable,quarter,quarter,B,22,48.500000
dry_stable__a_quarter__b_quarter,dry_stable,quarter,quarter,B,23,48.500000
dry_stable__a_quarter__b_half,dry_stable,quarter,half,A,0,65.750000
dry_stable__a_quarter__b_half,dry_stable,quarter,half,A,1,65.750000
dry_stable__a_quarter__b_half,dry_stable,quarter,half,A,2,65.750000
dry_stable__a_quarter__b_half,dry_stable,quarter,half,A,3,65.750000
dry_stable__a_quarter__b_half,dry_stable,quarter,half,A,4,65.750000
dry_stable__a_quarter__b_half,dry_stable,quarter,half,A,5,65.750000
dry_stable__a_quarter__b_half,dry_stable,quarter,half,A,6,65.750000
dry_stable__a_quarter__b_half,dry_stable,quarter,half,A,7,65.750000
dry_stable__a_quarter__b_half,dry_stable,quarter,half,A,8,65.750000
dry_stable__a_quarter__b_half,dry_stable,quarter,half,A,9,65.750000
dry_stable__a_quarter__b_half,dry_stable,quarter,half,A,10,65.750000
dry_stable__a_quarter__b_half,dry_stable,quarter,half,A,11,65.750000
dry_stable__a_quarter__b_half,dry_stable,quarter,half,A,12,65.750000
dry_stable__a_quarter__b_half,dry_stable,quarter,half,A,13,65.750000
dry_stable__a_quarter__b_half,dry_stable,quarter,half,A,14,65.750000
dry_stable__a_quarter__b_half,dry_stable,quarter,half,A,15,65.750000
dry_stable__a_quarter__b_half,dry_stable,quarter,half,A,16,65.750000
dry_stable__a_quarter__b_half,dry_stable,quarter,half,A,17,65.750000
dry_stable__a_quarter__b_half,dry_stable,quarter,half,A,18,65.750000
dry_stable__a_quarter__b_half,dry_stable,quarter,half,A,19,65.750000
dry_stable__a_quarter__b_half,dry_stable,quarter,half,A,20,65.750000
dry_stable__a_quarter__b_half,dry_stable,quarter,half,A,21,65.750000
dry_stable__a_quarter__b_half,dry_stable,quarter,half,A,22,65.750000
dry_stable__a_quarter__b_half,dry_stable,quarter,half,A,23,65.750000
dry_stable__a_quarter__b_half,dry_stable,quarter,half,B,0,65.000000
dry_stable__a_quarter__b_half,dry_stable,quarter,half,B,1,65.000000
dry_stable__a_quarter__b_half,dry_stable,quarter,half,B,2,65.000000
dry_stable__a_quarter__b_half,dry_stable,quarter,half,B,3,65.000000
dry_stable__a_quarter__b_half,dry_stable,quarter,half,B,4,65.000000
dry_stable__a_quarter__b_half,dry_stable,quarter,half,B,5,65.000000
dry_stable__a_quarter__b_half,dry_stable,quarter,half,B,6,65.000000
dry_stable__a_quarter__b_half,dry_stable,quarter,half,B,7,65.000000
dry_stable__a_quarter__b_half,dry_stable,quarter,half,B,8,65.000000
dry_stable__a_quarter__b_half,dry_stable,quarter,half,B,9,65.000000
dry_stable__a_quarter__b_half,dry_stable,quarter,half,B,10,65.000000
dry_stable__a_quarter__b_half,dry_stable,quarter,half,B,11,65.000000
dry_stable__a_quarter__b_half,dry_stable,quarter,half,B,12,65.000000
dry_stable__a_quarter__b_half,dry_stable,quarter,half,B,13,65.000000
dry_stable__a_quarter__b_half,dry_stable,quarter,half,B,14,65.000000
dry_stable__a_quarter__b_half,dry_stable,quarter,half,B,15,65.000000
dry_stable__a_quarter__b_half,dry_stable,quarter,half,B,16,65.000000
dry_stable__a_quarter__b_half,dry_stable,quarter,half,B,17,65.000000
dry_stable__a_quarter__b_half,dry_stable,quarter,half,B,18,65.000000
dry_stable__a_quarter__b_half,dry_stable,quarter,half,B,19,65.000000
dry_stable__a_quarter__b_half,dry_stable,quarter,half,B,20,65.000000
dry_stable__a_quarter__b_half,dry_stable,quarter,half,B,21,65.000000
dry_stable__a_quarter__b_half,dry_stable,quarter,half,B,22,65.000000
dry_stable__a_quarter__b_half,dry_stable,quarter,half,B,23,65.000000
dry_stable__a_quarter__b_three_quarters,dry_stable,quarter,three_quarters,A,0,65.750000
dry_stable__a_quarter__b_three_quarters,dry_stable,quarter,three_quarters,A,1,65.750000
dry_stable__a_quarter__b_three_quarters,dry_stable,quarter,three_quarters,A,2,65.750000
dry_stable__a_quarter__b_three_quarters,dry_stable,quarter,three_quarters,A,3,65.750000
dry_stable__a_quarter__b_three_quarters,dry_stable,quarter,three_quarters,A,4,65.750000
dry_stable__a_quarter__b_three_quarters,dry_stable,quarter,three_quarters,A,5,65.750000
dry_stable__a_quarter__b_three_quarters,dry_stable,quarter,three_quarters,A,6,65.750000
dry_stable__a_quarter__b_three_quarters,dry_stable,quarter,three_quarters,A,7,65.750000
dry_stable__a_quarter__b_three_quarters,dry_stable,quarter,three_quarters,A,8,65.750000
dry_stable__a_quarter__b_three_quarters,dry_stable,quarter,three_quarters,A,9,65.750000
dry_stable__a_quarter__b_three_quarters,dry_stable,quarter,three_quarters,A,10,65.750000
dry_stable__a_quarter__b_three_quarters,dry_stable,quarter,three_quarters,A,11,65.750000
dry_stable__a_quarter__b_three_quarters,dry_stable,quarter,three_quarters,A,12,65.750000
dry_stable__a_quarter__b_three_quarters,dry_stable,quarter,three_quarters,A,13,65.750000
dry_stable__a_quarter__b_three_quarters,dry_stable,quarter,three_quarters,A,14,65.750000
dry_stable__a_quarter__b_three_quarters,dry_stable,quarter,three_quarters,A,15,65.750000
dry_stable__a_quarter__b_three_quarters,dry_stable,quarter,three_quarters,A,16,65.750000
dry_stable__a_quarter__b_three_quarters,dry_stable,quarter,three_quarters,A,17,65.750000
dry_stable__a_quarter__b_three_quarters,dry_stable,quarter,three_quarters,A,18,65.750000
dry_stable__a_quarter__b_three_quarters,dry_stable,quarter,three_quarters,A,19,65.750000
dry_stable__a_quarter__b_three_quarters,dry_stable,quarter,three_quarters,A,20,65.750000
dry_stable__a_quarter__b_three_quarters,dry_stable,quarter,three_quarters,A,21,65.750000
dry_stable__a_quarter__b_three_quarters,dry_stable,quarter,three_quarters,A,22,65.750000
dry_stable__a_quarter__b_three_quarters,dry_stable,quarter,three_quarters,A,23,65.750000
dry_stable__a_quarter__b_three_quarters,dry_stable,quarter,three_quarters,B,0,81.500000
dry_stable__a_quarter__b_three_quarters,dry_stable,quarter,three_quarters,B,1,81.500000
dry_stable__a_quarter__b_three_quarters,dry_stable,quarter,three_quarters,B,2,81.500000
dry_stable__a_quarter__b_three_quarters,dry_stable,quarter,three_quarters,B,3,81.500000
dry_stable__a_quarter__b_three_quarters,dry_stable,quarter,three_quarters,B,4,81.500000
dry_stable__a_quarter__b_three_quarters,dry_stable,quarter,three_quarters,B,5,81.500000
dry_stable__a_quarter__b_three_quarters,dry_stable,quarter,three_quarters,B,6,81.500000
dry_stable__a_quarter__b_three_quarters,dry_stable,quarter,three_quarters,B,7,81.500000
dry_stable__a_quarter__b_three_quarters,dry_stable,quarter,three_quarters,B,8,81.500000
dry_stable__a_quarter__b_three_quarters,dry_stable,quarter,three_quarters,B,9,81.500000
dry_stable__a_quarter__b_three_quarters,dry_stable,quarter,three_quarters,B,10,81.500000
dry_stable__a_quarter__b_three_quarters,dry_stable,quarter,three_quarters,B,11,81.500000
dry_stable__a_quarter__b_three_quarters,dry_stable,quarter,three_quarters,B,12,81.500000
dry_stable__a_quarter__b_three_quarters,dry_stable,quarter,three_quarters,B,13,81.500000
dry_stable__a_quarter__b_three_quarters,dry_stable,quarter,three_quarters,B,14,81.500000
dry_stable__a_quarter__b_three_quarters,dry_stable,quarter,three_quarters,B,15,81.500000
dry_stable__a_quarter__b_three_quarters,dry_stable,quarter,three_quarters,B,16,81.500000
dry_stable__a_quarter__b_three_quarters,dry_stable,quarter,three_quarters,B,17,81.500000
dry_stable__a_quarter__b_three_quarters,dry_stable,quarter,three_quarters,B,18,81.500000
dry_stable__a_quarter__b_three_quarters,dry_stable,quarter,three_quarters,B,19,81.500000
dry_stable__a_quarter__b_three_quarters,dry_stable,quarter,three_quarters,B,20,81.500000
dry_stable__a_quarter__b_three_quarters,dry_stable,quarter,three_quarters,B,21,81.500000
dry_stable__a_quarter__b_three_quarters,dry_stable,quarter,three_quarters,B,22,81.500000
dry_stable__a_quarter__b_three_quarters,dry_stable,quarter,three_quarters,B,23,81.500000
dry_stable__a_quarter__b_maximum,dry_stable,quarter,maximum,A,0,65.750000
dry_stable__a_quarter__b_maximum,dry_stable,quarter,maximum,A,1,65.750000
dry_stable__a_quarter__b_maximum,dry_stable,quarter,maximum,A,2,65.750000
dry_stable__a_quarter__b_maximum,dry_stable,quarter,maximum,A,3,65.750000
dry_stable__a_quarter__b_maximum,dry_stable,quarter,maximum,A,4,65.750000
dry_stable__a_quarter__b_maximum,dry_stable,quarter,maximum,A,5,65.750000
dry_stable__a_quarter__b_maximum,dry_stable,quarter,maximum,A,6,65.750000
dry_stable__a_quarter__b_maximum,dry_stable,quarter,maximum,A,7,65.750000
dry_stable__a_quarter__b_maximum,dry_stable,quarter,maximum,A,8,65.750000
dry_stable__a_quarter__b_maximum,dry_stable,quarter,maximum,A,9,65.750000
dry_stable__a_quarter__b_maximum,dry_stable,quarter,maximum,A,10,65.750000
dry_stable__a_quarter__b_maximum,dry_stable,quarter,maximum,A,11,65.750000
dry_stable__a_quarter__b_maximum,dry_stable,quarter,maximum,A,12,65.750000
dry_stable__a_quarter__b_maximum,dry_stable,quarter,maximum,A,13,65.750000
dry_stable__a_quarter__b_maximum,dry_stable,quarter,maximum,A,14,65.750000
dry_stable__a_quarter__b_maximum,dry_stable,quarter,maximum,A,15,65.750000
dry_stable__a_quarter__b_maximum,dry_stable,quarter,maximum,A,16,65.750000
dry_stable__a_quarter__b_maximum,dry_stable,quarter,maximum,A,17,65.750000
dry_stable__a_quarter__b_maximum,dry_stable,quarter,maximum,A,18,65.750000
dry_stable__a_quarter__b_maximum,dry_stable,quarter,maximum,A,19,65.750000
dry_stable__a_quarter__b_maximum,dry_stable,quarter,maximum,A,20,65.750000
dry_stable__a_quarter__b_maximum,dry_stable,quarter,maximum,A,21,65.750000
dry_stable__a_quarter__b_maximum,dry_stable,quarter,maximum,A,22,65.750000
dry_stable__a_quarter__b_maximum,dry_stable,quarter,maximum,A,23,65.750000
dry_stable__a_quarter__b_maximum,dry_stable,quarter,maximum,B,0,98.000000
dry_stable__a_quarter__b_maximum,dry_stable,quarter,maximum,B,1,98.000000
dry_stable__a_quarter__b_maximum,dry_stable,quarter,maximum,B,2,98.000000
dry_stable__a_quarter__b_maximum,dry_stable,quarter,maximum,B,3,98.000000
dry_stable__a_quarter__b_maximum,dry_stable,quarter,maximum,B,4,98.000000
dry_stable__a_quarter__b_maximum,dry_stable,quarter,maximum,B,5,98.000000
dry_stable__a_quarter__b_maximum,dry_stable,quarter,maximum,B,6,98.000000
dry_stable__a_quarter__b_maximum,dry_stable,quarter,maximum,B,7,98.000000
dry_stable__a_quarter__b_maximum,dry_stable,quarter,maximum,B,8,98.000000
dry_stable__a_quarter__b_maximum,dry_stable,quarter,maximum,B,9,98.000000
dry_stable__a_quarter__b_maximum,dry_stable,quarter,maximum,B,10,98.000000
dry_stable__a_quarter__b_maximum,dry_stable,quarter,maximum,B,11,98.000000
dry_stable__a_quarter__b_maximum,dry_stable,quarter,maximum,B,12,98.000000
dry_stable__a_quarter__b_maximum,dry_stable,quarter,maximum,B,13,98.000000
dry_stable__a_quarter__b_maximum,dry_stable,quarter,maximum,B,14,98.000000
dry_stable__a_quarter__b_maximum,dry_stable,quarter,maximum,B,15,98.000000
dry_stable__a_quarter__b_maximum,dry_stable,quarter,maximum,B,16,98.000000
dry_stable__a_quarter__b_maximum,dry_stable,quarter,maximum,B,17,98.000000
dry_stable__a_quarter__b_maximum,dry_stable,quarter,maximum,B,18,98.000000
dry_stable__a_quarter__b_maximum,dry_stable,quarter,maximum,B,19,98.000000
dry_stable__a_quarter__b_maximum,dry_stable,quarter,maximum,B,20,98.000000
dry_stable__a_quarter__b_maximum,dry_stable,quarter,maximum,B,21,98.000000
dry_stable__a_quarter__b_maximum,dry_stable,quarter,maximum,B,22,98.000000
dry_stable__a_quarter__b_maximum,dry_stable,quarter,maximum,B,23,98.000000
dry_stable__a_half__b_off,dry_stable,half,off,A,0,86.500000
dry_stable__a_half__b_off,dry_stable,half,off,A,1,86.500000
dry_stable__a_half__b_off,dry_stable,half,off,A,2,86.500000
dry_stable__a_half__b_off,dry_stable,half,off,A,3,86.500000
dry_stable__a_half__b_off,dry_stable,half,off,A,4,86.500000
dry_stable__a_half__b_off,dry_stable,half,off,A,5,86.500000
dry_stable__a_half__b_off,dry_stable,half,off,A,6,86.500000
dry_stable__a_half__b_off,dry_stable,half,off,A,7,86.500000
dry_stable__a_half__b_off,dry_stable,half,off,A,8,86.500000
dry_stable__a_half__b_off,dry_stable,half,off,A,9,86.500000
dry_stable__a_half__b_off,dry_stable,half,off,A,10,86.500000
dry_stable__a_half__b_off,dry_stable,half,off,A,11,86.500000
dry_stable__a_half__b_off,dry_stable,half,off,A,12,86.500000
dry_stable__a_half__b_off,dry_stable,half,off,A,13,86.500000
dry_stable__a_half__b_off,dry_stable,half,off,A,14,86.500000
dry_stable__a_half__b_off,dry_stable,half,off,A,15,86.500000
dry_stable__a_half__b_off,dry_stable,half,off,A,16,86.500000
dry_stable__a_half__b_off,dry_stable,half,off,A,17,86.500000
dry_stable__a_half__b_off,dry_stable,half,off,A,18,86.500000
dry_stable__a_half__b_off,dry_stable,half,off,A,19,86.500000
dry_stable__a_half__b_off,dry_stable,half,off,A,20,86.500000
dry_stable__a_half__b_off,dry_stable,half,off,A,21,86.500000
dry_stable__a_half__b_off,dry_stable,half,off,A,22,86.500000
dry_stable__a_half__b_off,dry_stable,half,off,A,23,86.500000
dry_stable__a_half__b_off,dry_stable,half,off,B,0,0.000000
dry_stable__a_half__b_off,dry_stable,half,off,B,1,0.000000
dry_stable__a_half__b_off,dry_stable,half,off,B,2,0.000000
dry_stable__a_half__b_off,dry_stable,half,off,B,3,0.000000
dry_stable__a_half__b_off,dry_stable,half,off,B,4,0.000000
dry_stable__a_half__b_off,dry_stable,half,off,B,5,0.000000
dry_stable__a_half__b_off,dry_stable,half,off,B,6,0.000000
dry_stable__a_half__b_off,dry_stable,half,off,B,7,0.000000
dry_stable__a_half__b_off,dry_stable,half,off,B,8,0.000000
dry_stable__a_half__b_off,dry_stable,half,off,B,9,0.000000
dry_stable__a_half__b_off,dry_stable,half,off,B,10,0.000000
dry_stable__a_half__b_off,dry_stable,half,off,B,11,0.000000
dry_stable__a_half__b_off,dry_stable,half,off,B,12,0.000000
dry_stable__a_half__b_off,dry_stable,half,off,B,13,0.000000
dry_stable__a_half__b_off,dry_stable,half,off,B,14,0.000000
dry_stable__a_half__b_off,dry_stable,half,off,B,15,0.000000
dry_stable__a_half__b_off,dry_stable,half,off,B,16,0.000000
dry_stable__a_half__b_off,dry_stable,half,off,B,17,0.000000
dry_stable__a_half__b_off,dry_stable,half,off,B,18,0.000000
dry_stable__a_half__b_off,dry_stable,half,off,B,19,0.000000
dry_stable__a_half__b_off,dry_stable,half,off,B,20,0.000000
dry_stable__a_half__b_off,dry_stable,half,off,B,21,0.000000
dry_stable__a_half__b_off,dry_stable,half,off,B,22,0.000000
dry_stable__a_half__b_off,dry_stable,half,off,B,23,0.000000
dry_stable__a_half__b_minimum,dry_stable,half,minimum,A,0,86.500000
dry_stable__a_half__b_minimum,dry_stable,half,minimum,A,1,86.500000
dry_stable__a_half__b_minimum,dry_stable,half,minimum,A,2,86.500000
dry_stable__a_half__b_minimum,dry_stable,half,minimum,A,3,86.500000
dry_stable__a_half__b_minimum,dry_stable,half,minimum,A,4,86.500000
dry_stable__a_half__b_minimum,dry_stable,half,minimum,A,5,86.500000
dry_stable__a_half__b_minimum,dry_stable,half,minimum,A,6,86.500000
dry_stable__a_half__b_minimum,dry_stable,half,minimum,A,7,86.500000
dry_stable__a_half__b_minimum,dry_stable,half,minimum,A,8,86.500000
dry_stable__a_half__b_minimum,dry_stable,half,minimum,A,9,86.500000
dry_stable__a_half__b_minimum,dry_stable,half,minimum,A,10,86.500000
dry_stable__a_half__b_minimum,dry_stable,half,minimum,A,11,86.500000
dry_stable__a_half__b_minimum,dry_stable,half,minimum,A,12,86.500000
dry_stable__a_half__b_minimum,dry_stable,half,minimum,A,13,86.500000
dry_stable__a_half__b_minimum,dry_stable,half,minimum,A,14,86.500000
dry_stable__a_half__b_minimum,dry_stable,half,minimum,A,15,86.500000
dry_stable__a_half__b_minimum,dry_stable,half,minimum,A,16,86.500000
dry_stable__a_half__b_minimum,dry_stable,half,minimum,A,17,86.500000
dry_stable__a_half__b_minimum,dry_stable,half,minimum,A,18,86.500000
dry_stable__a_half__b_minimum,dry_stable,half,minimum,A,19,86.500000
dry_stable__a_half__b_minimum,dry_stable,half,minimum,A,20,86.500000
dry_stable__a_half__b_minimum,dry_stable,half,minimum,A,21,86.500000
dry_stable__a_half__b_minimum,dry_stable,half,minimum,A,22,86.500000
dry_stable__a_half__b_minimum,dry_stable,half,minimum,A,23,86.500000
dry_stable__a_half__b_minimum,dry_stable,half,minimum,B,0,32.000000
dry_stable__a_half__b_minimum,dry_stable,half,minimum,B,1,32.000000
dry_stable__a_half__b_minimum,dry_stable,half,minimum,B,2,32.000000
dry_stable__a_half__b_minimum,dry_stable,half,minimum,B,3,32.000000
dry_stable__a_half__b_minimum,dry_stable,half,minimum,B,4,32.000000
dry_stable__a_half__b_minimum,dry_stable,half,minimum,B,5,32.000000
dry_stable__a_half__b_minimum,dry_stable,half,minimum,B,6,32.000000
dry_stable__a_half__b_minimum,dry_stable,half,minimum,B,7,32.000000
dry_stable__a_half__b_minimum,dry_stable,half,minimum,B,8,32.000000
dry_stable__a_half__b_minimum,dry_stable,half,minimum,B,9,32.000000
dry_stable__a_half__b_minimum,dry_stable,half,minimum,B,10,32.000000
dry_stable__a_half__b_minimum,dry_stable,half,minimum,B,11,32.000000
dry_stable__a_half__b_minimum,dry_stable,half,minimum,B,12,32.000000
dry_stable__a_half__b_minimum,dry_stable,half,minimum,B,13,32.000000
dry_stable__a_half__b_minimum,dry_stable,half,minimum,B,14,32.000000
dry_stable__a_half__b_minimum,dry_stable,half,minimum,B,15,32.000000
dry_stable__a_half__b_minimum,dry_stable,half,minimum,B,16,32.000000
dry_stable__a_half__b_minimum,dry_stable,half,minimum,B,17,32.000000
dry_stable__a_half__b_minimum,dry_stable,half,minimum,B,18,32.000000
dry_stable__a_half__b_minimum,dry_stable,half,minimum,B,19,32.000000
dry_stable__a_half__b_minimum,dry_stable,half,minimum,B,20,32.000000
dry_stable__a_half__b_minimum,dry_stable,half,minimum,B,21,32.000000
dry_stable__a_half__b_minimum,dry_stable,half,minimum,B,22,32.000000
dry_stable__a_half__b_minimum,dry_stable,half,minimum,B,23,32.000000
dry_stable__a_half__b_quarter,dry_stable,half,quarter,A,0,86.500000
dry_stable__a_half__b_quarter,dry_stable,half,quarter,A,1,86.500000
dry_stable__a_half__b_quarter,dry_stable,half,quarter,A,2,86.500000
dry_stable__a_half__b_quarter,dry_stable,half,quarter,A,3,86.500000
dry_stable__a_half__b_quarter,dry_stable,half,quarter,A,4,86.500000
dry_stable__a_half__b_quarter,dry_stable,half,quarter,A,5,86.500000
dry_stable__a_half__b_quarter,dry_stable,half,quarter,A,6,86.500000
dry_stable__a_half__b_quarter,dry_stable,half,quarter,A,7,86.500000
dry_stable__a_half__b_quarter,dry_stable,half,quarter,A,8,86.500000
dry_stable__a_half__b_quarter,dry_stable,half,quarter,A,9,86.500000
dry_stable__a_half__b_quarter,dry_stable,half,quarter,A,10,86.500000
dry_stable__a_half__b_quarter,dry_stable,half,quarter,A,11,86.500000
dry_stable__a_half__b_quarter,dry_stable,half,quarter,A,12,86.500000
dry_stable__a_half__b_quarter,dry_stable,half,quarter,A,13,86.500000
dry_stable__a_half__b_quarter,dry_stable,half,quarter,A,14,86.500000
dry_stable__a_half__b_quarter,dry_stable,half,quarter,A,15,86.500000
dry_stable__a_half__b_quarter,dry_stable,half,quarter,A,16,86.500000
dry_stable__a_half__b_quarter,dry_stable,half,quarter,A,17,86.500000
dry_stable__a_half__b_quarter,dry_stable,half,quarter,A,18,86.500000
dry_stable__a_half__b_quarter,dry_stable,half,quarter,A,19,86.500000
dry_stable__a_half__b_quarter,dry_stable,half,quarter,A,20,86.500000
dry_stable__a_half__b_quarter,dry_stable,half,quarter,A,21,86.500000
dry_stable__a_half__b_quarter,dry_stable,half,quarter,A,22,86.500000
dry_stable__a_half__b_quarter,dry_stable,half,quarter,A,23,86.500000
dry_stable__a_half__b_quarter,dry_stable,half,quarter,B,0,48.500000
dry_stable__a_half__b_quarter,dry_stable,half,quarter,B,1,48.500000
dry_stable__a_half__b_quarter,dry_stable,half,quarter,B,2,48.500000
dry_stable__a_half__b_quarter,dry_stable,half,quarter,B,3,48.500000
dry_stable__a_half__b_quarter,dry_stable,half,quarter,B,4,48.500000
dry_stable__a_half__b_quarter,dry_stable,half,quarter,B,5,48.500000
dry_stable__a_half__b_quarter,dry_stable,half,quarter,B,6,48.500000
dry_stable__a_half__b_quarter,dry_stable,half,quarter,B,7,48.500000
dry_stable__a_half__b_quarter,dry_stable,half,quarter,B,8,48.500000
dry_stable__a_half__b_quarter,dry_stable,half,quarter,B,9,48.500000
dry_stable__a_half__b_quarter,dry_stable,half,quarter,B,10,48.500000
dry_stable__a_half__b_quarter,dry_stable,half,quarter,B,11,48.500000
dry_stable__a_half__b_quarter,dry_stable,half,quarter,B,12,48.500000
dry_stable__a_half__b_quarter,dry_stable,half,quarter,B,13,48.500000
dry_stable__a_half__b_quarter,dry_stable,half,quarter,B,14,48.500000
dry_stable__a_half__b_quarter,dry_stable,half,quarter,B,15,48.500000
dry_stable__a_half__b_quarter,dry_stable,half,quarter,B,16,48.500000
dry_stable__a_half__b_quarter,dry_stable,half,quarter,B,17,48.500000
dry_stable__a_half__b_quarter,dry_stable,half,quarter,B,18,48.500000
dry_stable__a_half__b_quarter,dry_stable,half,quarter,B,19,48.500000
dry_stable__a_half__b_quarter,dry_stable,half,quarter,B,20,48.500000
dry_stable__a_half__b_quarter,dry_stable,half,quarter,B,21,48.500000
dry_stable__a_half__b_quarter,dry_stable,half,quarter,B,22,48.500000
dry_stable__a_half__b_quarter,dry_stable,half,quarter,B,23,48.500000
dry_stable__a_half__b_half,dry_stable,half,half,A,0,86.500000
dry_stable__a_half__b_half,dry_stable,half,half,A,1,86.500000
dry_stable__a_half__b_half,dry_stable,half,half,A,2,86.500000
dry_stable__a_half__b_half,dry_stable,half,half,A,3,86.500000
dry_stable__a_half__b_half,dry_stable,half,half,A,4,86.500000
dry_stable__a_half__b_half,dry_stable,half,half,A,5,86.500000
dry_stable__a_half__b_half,dry_stable,half,half,A,6,86.500000
dry_stable__a_half__b_half,dry_stable,half,half,A,7,86.500000
dry_stable__a_half__b_half,dry_stable,half,half,A,8,86.500000
dry_stable__a_half__b_half,dry_stable,half,half,A,9,86.500000
dry_stable__a_half__b_half,dry_stable,half,half,A,10,86.500000
dry_stable__a_half__b_half,dry_stable,half,half,A,11,86.500000
dry_stable__a_half__b_half,dry_stable,half,half,A,12,86.500000
dry_stable__a_half__b_half,dry_stable,half,half,A,13,86.500000
dry_stable__a_half__b_half,dry_stable,half,half,A,14,86.500000
dry_stable__a_half__b_half,dry_stable,half,half,A,15,86.500000
dry_stable__a_half__b_half,dry_stable,half,half,A,16,86.500000
dry_stable__a_half__b_half,dry_stable,half,half,A,17,86.500000
dry_stable__a_half__b_half,dry_stable,half,half,A,18,86.500000
dry_stable__a_half__b_half,dry_stable,half,half,A,19,86.500000
dry_stable__a_half__b_half,dry_stable,half,half,A,20,86.500000
dry_stable__a_half__b_half,dry_stable,half,half,A,21,86.500000
dry_stable__a_half__b_half,dry_stable,half,half,A,22,86.500000
dry_stable__a_half__b_half,dry_stable,half,half,A,23,86.500000
dry_stable__a_half__b_half,dry_stable,half,half,B,0,65.000000
dry_stable__a_half__b_half,dry_stable,half,half,B,1,65.000000
dry_stable__a_half__b_half,dry_stable,half,half,B,2,65.000000
dry_stable__a_half__b_half,dry_stable,half,half,B,3,65.000000
dry_stable__a_half__b_half,dry_stable,half,half,B,4,65.000000
dry_stable__a_half__b_half,dry_stable,half,half,B,5,65.000000
dry_stable__a_half__b_half,dry_stable,half,half,B,6,65.000000
dry_stable__a_half__b_half,dry_stable,half,half,B,7,65.000000
dry_stable__a_half__b_half,dry_stable,half,half,B,8,65.000000
dry_stable__a_half__b_half,dry_stable,half,half,B,9,65.000000
dry_stable__a_half__b_half,dry_stable,half,half,B,10,65.000000
dry_stable__a_half__b_half,dry_stable,half,half,B,11,65.000000
dry_stable__a_half__b_half,dry_stable,half,half,B,12,65.000000
dry_stable__a_half__b_half,dry_stable,half,half,B,13,65.000000
dry_stable__a_half__b_half,dry_stable,half,half,B,14,65.000000
dry_stable__a_half__b_half,dry_stable,half,half,B,15,65.000000
dry_stable__a_half__b_half,dry_stable,half,half,B,16,65.000000
dry_stable__a_half__b_half,dry_stable,half,half,B,17,65.000000
dry_stable__a_half__b_half,dry_stable,half,half,B,18,65.000000
dry_stable__a_half__b_half,dry_stable,half,half,B,19,65.000000
dry_stable__a_half__b_half,dry_stable,half,half,B,20,65.000000
dry_stable__a_half__b_half,dry_stable,half,half,B,21,65.000000
dry_stable__a_half__b_half,dry_stable,half,half,B,22,65.000000
dry_stable__a_half__b_half,dry_stable,half,half,B,23,65.000000
dry_stable__a_half__b_three_quarters,dry_stable,half,three_quarters,A,0,86.500000
dry_stable__a_half__b_three_quarters,dry_stable,half,three_quarters,A,1,86.500000
dry_stable__a_half__b_three_quarters,dry_stable,half,three_quarters,A,2,86.500000
dry_stable__a_half__b_three_quarters,dry_stable,half,three_quarters,A,3,86.500000
dry_stable__a_half__b_three_quarters,dry_stable,half,three_quarters,A,4,86.500000
dry_stable__a_half__b_three_quarters,dry_stable,half,three_quarters,A,5,86.500000
dry_stable__a_half__b_three_quarters,dry_stable,half,three_quarters,A,6,86.500000
dry_stable__a_half__b_three_quarters,dry_stable,half,three_quarters,A,7,86.500000
dry_stable__a_half__b_three_quarters,dry_stable,half,three_quarters,A,8,86.500000
dry_stable__a_half__b_three_quarters,dry_stable,half,three_quarters,A,9,86.500000
dry_stable__a_half__b_three_quarters,dry_stable,half,three_quarters,A,10,86.500000
dry_stable__a_half__b_three_quarters,dry_stable,half,three_quarters,A,11,86.500000
dry_stable__a_half__b_three_quarters,dry_stable,half,three_quarters,A,12,86.500000
dry_stable__a_half__b_three_quarters,dry_stable,half,three_quarters,A,13,86.500000
dry_stable__a_half__b_three_quarters,dry_stable,half,three_quarters,A,14,86.500000
dry_stable__a_half__b_three_quarters,dry_stable,half,three_quarters,A,15,86.500000
dry_stable__a_half__b_three_quarters,dry_stable,half,three_quarters,A,16,86.500000
dry_stable__a_half__b_three_quarters,dry_stable,half,three_quarters,A,17,86.500000
dry_stable__a_half__b_three_quarters,dry_stable,half,three_quarters,A,18,86.500000
dry_stable__a_half__b_three_quarters,dry_stable,half,three_quarters,A,19,86.500000
dry_stable__a_half__b_three_quarters,dry_stable,half,three_quarters,A,20,86.500000
dry_stable__a_half__b_three_quarters,dry_stable,half,three_quarters,A,21,86.500000
dry_stable__a_half__b_three_quarters,dry_stable,half,three_quarters,A,22,86.500000
dry_stable__a_half__b_three_quarters,dry_stable,half,three_quarters,A,23,86.500000
dry_stable__a_half__b_three_quarters,dry_stable,half,three_quarters,B,0,81.500000
dry_stable__a_half__b_three_quarters,dry_stable,half,three_quarters,B,1,81.500000
dry_stable__a_half__b_three_quarters,dry_stable,half,three_quarters,B,2,81.500000
dry_stable__a_half__b_three_quarters,dry_stable,half,three_quarters,B,3,81.500000
dry_stable__a_half__b_three_quarters,dry_stable,half,three_quarters,B,4,81.500000
dry_stable__a_half__b_three_quarters,dry_stable,half,three_quarters,B,5,81.500000
dry_stable__a_half__b_three_quarters,dry_stable,half,three_quarters,B,6,81.500000
dry_stable__a_half__b_three_quarters,dry_stable,half,three_quarters,B,7,81.500000
dry_stable__a_half__b_three_quarters,dry_stable,half,three_quarters,B,8,81.500000
dry_stable__a_half__b_three_quarters,dry_stable,half,three_quarters,B,9,81.500000
dry_stable__a_half__b_three_quarters,dry_stable,half,three_quarters,B,10,81.500000
dry_stable__a_half__b_three_quarters,dry_stable,half,three_quarters,B,11,81.500000
dry_stable__a_half__b_three_quarters,dry_stable,half,three_quarters,B,12,81.500000
dry_stable__a_half__b_three_quarters,dry_stable,half,three_quarters,B,13,81.500000
dry_stable__a_half__b_three_quarters,dry_stable,half,three_quarters,B,14,81.500000
dry_stable__a_half__b_three_quarters,dry_stable,half,three_quarters,B,15,81.500000
dry_stable__a_half__b_three_quarters,dry_stable,half,three_quarters,B,16,81.500000
dry_stable__a_half__b_three_quarters,dry_stable,half,three_quarters,B,17,81.500000
dry_stable__a_half__b_three_quarters,dry_stable,half,three_quarters,B,18,81.500000
dry_stable__a_half__b_three_quarters,dry_stable,half,three_quarters,B,19,81.500000
dry_stable__a_half__b_three_quarters,dry_stable,half,three_quarters,B,20,81.500000
dry_stable__a_half__b_three_quarters,dry_stable,half,three_quarters,B,21,81.500000
dry_stable__a_half__b_three_quarters,dry_stable,half,three_quarters,B,22,81.500000
dry_stable__a_half__b_three_quarters,dry_stable,half,three_quarters,B,23,81.500000
dry_stable__a_half__b_maximum,dry_stable,half,maximum,A,0,86.500000
dry_stable__a_half__b_maximum,dry_stable,half,maximum,A,1,86.500000
dry_stable__a_half__b_maximum,dry_stable,half,maximum,A,2,86.500000
dry_stable__a_half__b_maximum,dry_stable,half,maximum,A,3,86.500000
dry_stable__a_half__b_maximum,dry_stable,half,maximum,A,4,86.500000
dry_stable__a_half__b_maximum,dry_stable,half,maximum,A,5,86.500000
dry_stable__a_half__b_maximum,dry_stable,half,maximum,A,6,86.500000
dry_stable__a_half__b_maximum,dry_stable,half,maximum,A,7,86.500000
dry_stable__a_half__b_maximum,dry_stable,half,maximum,A,8,86.500000
dry_stable__a_half__b_maximum,dry_stable,half,maximum,A,9,86.500000
dry_stable__a_half__b_maximum,dry_stable,half,maximum,A,10,86.500000
dry_stable__a_half__b_maximum,dry_stable,half,maximum,A,11,86.500000
dry_stable__a_half__b_maximum,dry_stable,half,maximum,A,12,86.500000
dry_stable__a_half__b_maximum,dry_stable,half,maximum,A,13,86.500000
dry_stable__a_half__b_maximum,dry_stable,half,maximum,A,14,86.500000
dry_stable__a_half__b_maximum,dry_stable,half,maximum,A,15,86.500000
dry_stable__a_half__b_maximum,dry_stable,half,maximum,A,16,86.500000
dry_stable__a_half__b_maximum,dry_stable,half,maximum,A,17,86.500000
dry_stable__a_half__b_maximum,dry_stable,half,maximum,A,18,86.500000
dry_stable__a_half__b_maximum,dry_stable,half,maximum,A,19,86.500000
dry_stable__a_half__b_maximum,dry_stable,half,maximum,A,20,86.500000
dry_stable__a_half__b_maximum,dry_stable,half,maximum,A,21,86.500000
dry_stable__a_half__b_maximum,dry_stable,half,maximum,A,22,86.500000
dry_stable__a_half__b_maximum,dry_stable,half,maximum,A,23,86.500000
dry_stable__a_half__b_maximum,dry_stable,half,maximum,B,0,98.000000
dry_stable__a_half__b_maximum,dry_stable,half,maximum,B,1,98.000000
dry_stable__a_half__b_maximum,dry_stable,half,maximum,B,2,98.000000
dry_stable__a_half__b_maximum,dry_stable,half,maximum,B,3,98.000000
dry_stable__a_half__b_maximum,dry_stable,half,maximum,B,4,98.000000
dry_stable__a_half__b_maximum,dry_stable,half,maximum,B,5,98.000000
dry_stable__a_half__b_maximum,dry_stable,half,maximum,B,6,98.000000
dry_stable__a_half__b_maximum,dry_stable,half,maximum,B,7,98.000000
dry_stable__a_half__b_maximum,dry_stable,half,maximum,B,8,98.000000
dry_stable__a_half__b_maximum,dry_stable,half,maximum,B,9,98.000000
dry_stable__a_half__b_maximum,dry_stable,half,maximum,B,10,98.000000
dry_stable__a_half__b_maximum,dry_stable,half,maximum,B,11,98.000000
dry_stable__a_half__b_maximum,dry_stable,half,maximum,B,12,98.000000
dry_stable__a_half__b_maximum,dry_stable,half,maximum,B,13,98.000000
dry_stable__a_half__b_maximum,dry_stable,half,maximum,B,14,98.000000
dry_stable__a_half__b_maximum,dry_stable,half,maximum,B,15,98.000000
dry_stable__a_half__b_maximum,dry_stable,half,maximum,B,16,98.000000
dry_stable__a_half__b_maximum,dry_stable,half,maximum,B,17,98.000000
dry_stable__a_half__b_maximum,dry_stable,half,maximum,B,18,98.000000
dry_stable__a_half__b_maximum,dry_stable,half,maximum,B,19,98.000000
dry_stable__a_half__b_maximum,dry_stable,half,maximum,B,20,98.000000
dry_stable__a_half__b_maximum,dry_stable,half,maximum,B,21,98.000000
dry_stable__a_half__b_maximum,dry_stable,half,maximum,B,22,98.000000
dry_stable__a_half__b_maximum,dry_stable,half,maximum,B,23,98.000000
dry_stable__a_three_quarters__b_off,dry_stable,three_quarters,off,A,0,107.250000
dry_stable__a_three_quarters__b_off,dry_stable,three_quarters,off,A,1,107.250000
dry_stable__a_three_quarters__b_off,dry_stable,three_quarters,off,A,2,107.250000
dry_stable__a_three_quarters__b_off,dry_stable,three_quarters,off,A,3,107.250000
dry_stable__a_three_quarters__b_off,dry_stable,three_quarters,off,A,4,107.250000
dry_stable__a_three_quarters__b_off,dry_stable,three_quarters,off,A,5,107.250000
dry_stable__a_three_quarters__b_off,dry_stable,three_quarters,off,A,6,107.250000
dry_stable__a_three_quarters__b_off,dry_stable,three_quarters,off,A,7,107.250000
dry_stable__a_three_quarters__b_off,dry_stable,three_quarters,off,A,8,107.250000
dry_stable__a_three_quarters__b_off,dry_stable,three_quarters,off,A,9,107.250000
dry_stable__a_three_quarters__b_off,dry_stable,three_quarters,off,A,10,107.250000
dry_stable__a_three_quarters__b_off,dry_stable,three_quarters,off,A,11,107.250000
dry_stable__a_three_quarters__b_off,dry_stable,three_quarters,off,A,12,107.250000
dry_stable__a_three_quarters__b_off,dry_stable,three_quarters,off,A,13,107.250000
dry_stable__a_three_quarters__b_off,dry_stable,three_quarters,off,A,14,107.250000
dry_stable__a_three_quarters__b_off,dry_stable,three_quarters,off,A,15,107.250000
dry_stable__a_three_quarters__b_off,dry_stable,three_quarters,off,A,16,107.250000
dry_stable__a_three_quarters__b_off,dry_stable,three_quarters,off,A,17,107.250000
dry_stable__a_three_quarters__b_off,dry_stable,three_quarters,off,A,18,107.250000
dry_stable__a_three_quarters__b_off,dry_stable,three_quarters,off,A,19,107.250000
dry_stable__a_three_quarters__b_off,dry_stable,three_quarters,off,A,20,107.250000
dry_stable__a_three_quarters__b_off,dry_stable,three_quarters,off,A,21,107.250000
dry_stable__a_three_quarters__b_off,dry_stable,three_quarters,off,A,22,107.250000
dry_stable__a_three_quarters__b_off,dry_stable,three_quarters,off,A,23,107.250000
dry_stable__a_three_quarters__b_off,dry_stable,three_quarters,off,B,0,0.000000
dry_stable__a_three_quarters__b_off,dry_stable,three_quarters,off,B,1,0.000000
dry_stable__a_three_quarters__b_off,dry_stable,three_quarters,off,B,2,0.000000
dry_stable__a_three_quarters__b_off,dry_stable,three_quarters,off,B,3,0.000000
dry_stable__a_three_quarters__b_off,dry_stable,three_quarters,off,B,4,0.000000
dry_stable__a_three_quarters__b_off,dry_stable,three_quarters,off,B,5,0.000000
dry_stable__a_three_quarters__b_off,dry_stable,three_quarters,off,B,6,0.000000
dry_stable__a_three_quarters__b_off,dry_stable,three_quarters,off,B,7,0.000000
dry_stable__a_three_quarters__b_off,dry_stable,three_quarters,off,B,8,0.000000
dry_stable__a_three_quarters__b_off,dry_stable,three_quarters,off,B,9,0.000000
dry_stable__a_three_quarters__b_off,dry_stable,three_quarters,off,B,10,0.000000
dry_stable__a_three_quarters__b_off,dry_stable,three_quarters,off,B,11,0.000000
dry_stable__a_three_quarters__b_off,dry_stable,three_quarters,off,B,12,0.000000
dry_stable__a_three_quarters__b_off,dry_stable,three_quarters,off,B,13,0.000000
dry_stable__a_three_quarters__b_off,dry_stable,three_quarters,off,B,14,0.000000
dry_stable__a_three_quarters__b_off,dry_stable,three_quarters,off,B,15,0.000000
dry_stable__a_three_quarters__b_off,dry_stable,three_quarters,off,B,16,0.000000
dry_stable__a_three_quarters__b_off,dry_stable,three_quarters,off,B,17,0.000000
dry_stable__a_three_quarters__b_off,dry_stable,three_quarters,off,B,18,0.000000
dry_stable__a_three_quarters__b_off,dry_stable,three_quarters,off,B,19,0.000000
dry_stable__a_three_quarters__b_off,dry_stable,three_quarters,off,B,20,0.000000
dry_stable__a_three_quarters__b_off,dry_stable,three_quarters,off,B,21,0.000000
dry_stable__a_three_quarters__b_off,dry_stable,three_quarters,off,B,22,0.000000
dry_stable__a_three_quarters__b_off,dry_stable,three_quarters,off,B,23,0.000000
dry_stable__a_three_quarters__b_minimum,dry_stable,three_quarters,minimum,A,0,107.250000
dry_stable__a_three_quarters__b_minimum,dry_stable,three_quarters,minimum,A,1,107.250000
dry_stable__a_three_quarters__b_minimum,dry_stable,three_quarters,minimum,A,2,107.250000
dry_stable__a_three_quarters__b_minimum,dry_stable,three_quarters,minimum,A,3,107.250000
dry_stable__a_three_quarters__b_minimum,dry_stable,three_quarters,minimum,A,4,107.250000
dry_stable__a_three_quarters__b_minimum,dry_stable,three_quarters,minimum,A,5,107.250000
dry_stable__a_three_quarters__b_minimum,dry_stable,three_quarters,minimum,A,6,107.250000
dry_stable__a_three_quarters__b_minimum,dry_stable,three_quarters,minimum,A,7,107.250000
dry_stable__a_three_quarters__b_minimum,dry_stable,three_quarters,minimum,A,8,107.250000
dry_stable__a_three_quarters__b_minimum,dry_stable,three_quarters,minimum,A,9,107.250000
dry_stable__a_three_quarters__b_minimum,dry_stable,three_quarters,minimum,A,10,107.250000
dry_stable__a_three_quarters__b_minimum,dry_stable,three_quarters,minimum,A,11,107.250000
dry_stable__a_three_quarters__b_minimum,dry_stable,three_quarters,minimum,A,12,107.250000
dry_stable__a_three_quarters__b_minimum,dry_stable,three_quarters,minimum,A,13,107.250000
dry_stable__a_three_quarters__b_minimum,dry_stable,three_quarters,minimum,A,14,107.250000
dry_stable__a_three_quarters__b_minimum,dry_stable,three_quarters,minimum,A,15,107.250000
dry_stable__a_three_quarters__b_minimum,dry_stable,three_quarters,minimum,A,16,107.250000
dry_stable__a_three_quarters__b_minimum,dry_stable,three_quarters,minimum,A,17,107.250000
dry_stable__a_three_quarters__b_minimum,dry_stable,three_quarters,minimum,A,18,107.250000
dry_stable__a_three_quarters__b_minimum,dry_stable,three_quarters,minimum,A,19,107.250000
dry_stable__a_three_quarters__b_minimum,dry_stable,three_quarters,minimum,A,20,107.250000
dry_stable__a_three_quarters__b_minimum,dry_stable,three_quarters,minimum,A,21,107.250000
dry_stable__a_three_quarters__b_minimum,dry_stable,three_quarters,minimum,A,22,107.250000
dry_stable__a_three_quarters__b_minimum,dry_stable,three_quarters,minimum,A,23,107.250000
dry_stable__a_three_quarters__b_minimum,dry_stable,three_quarters,minimum,B,0,32.000000
dry_stable__a_three_quarters__b_minimum,dry_stable,three_quarters,minimum,B,1,32.000000
dry_stable__a_three_quarters__b_minimum,dry_stable,three_quarters,minimum,B,2,32.000000
dry_stable__a_three_quarters__b_minimum,dry_stable,three_quarters,minimum,B,3,32.000000
dry_stable__a_three_quarters__b_minimum,dry_stable,three_quarters,minimum,B,4,32.000000
dry_stable__a_three_quarters__b_minimum,dry_stable,three_quarters,minimum,B,5,32.000000
dry_stable__a_three_quarters__b_minimum,dry_stable,three_quarters,minimum,B,6,32.000000
dry_stable__a_three_quarters__b_minimum,dry_stable,three_quarters,minimum,B,7,32.000000
dry_stable__a_three_quarters__b_minimum,dry_stable,three_quarters,minimum,B,8,32.000000
dry_stable__a_three_quarters__b_minimum,dry_stable,three_quarters,minimum,B,9,32.000000
dry_stable__a_three_quarters__b_minimum,dry_stable,three_quarters,minimum,B,10,32.000000
dry_stable__a_three_quarters__b_minimum,dry_stable,three_quarters,minimum,B,11,32.000000
dry_stable__a_three_quarters__b_minimum,dry_stable,three_quarters,minimum,B,12,32.000000
dry_stable__a_three_quarters__b_minimum,dry_stable,three_quarters,minimum,B,13,32.000000
dry_stable__a_three_quarters__b_minimum,dry_stable,three_quarters,minimum,B,14,32.000000
dry_stable__a_three_quarters__b_minimum,dry_stable,three_quarters,minimum,B,15,32.000000
dry_stable__a_three_quarters__b_minimum,dry_stable,three_quarters,minimum,B,16,32.000000
dry_stable__a_three_quarters__b_minimum,dry_stable,three_quarters,minimum,B,17,32.000000
dry_stable__a_three_quarters__b_minimum,dry_stable,three_quarters,minimum,B,18,32.000000
dry_stable__a_three_quarters__b_minimum,dry_stable,three_quarters,minimum,B,19,32.000000
dry_stable__a_three_quarters__b_minimum,dry_stable,three_quarters,minimum,B,20,32.000000
dry_stable__a_three_quarters__b_minimum,dry_stable,three_quarters,minimum,B,21,32.000000
dry_stable__a_three_quarters__b_minimum,dry_stable,three_quarters,minimum,B,22,32.000000
dry_stable__a_three_quarters__b_minimum,dry_stable,three_quarters,minimum,B,23,32.000000
dry_stable__a_three_quarters__b_quarter,dry_stable,three_quarters,quarter,A,0,107.250000
dry_stable__a_three_quarters__b_quarter,dry_stable,three_quarters,quarter,A,1,107.250000
dry_stable__a_three_quarters__b_quarter,dry_stable,three_quarters,quarter,A,2,107.250000
dry_stable__a_three_quarters__b_quarter,dry_stable,three_quarters,quarter,A,3,107.250000
dry_stable__a_three_quarters__b_quarter,dry_stable,three_quarters,quarter,A,4,107.250000
dry_stable__a_three_quarters__b_quarter,dry_stable,three_quarters,quarter,A,5,107.250000
dry_stable__a_three_quarters__b_quarter,dry_stable,three_quarters,quarter,A,6,107.250000
dry_stable__a_three_quarters__b_quarter,dry_stable,three_quarters,quarter,A,7,107.250000
dry_stable__a_three_quarters__b_quarter,dry_stable,three_quarters,quarter,A,8,107.250000
dry_stable__a_three_quarters__b_quarter,dry_stable,three_quarters,quarter,A,9,107.250000
dry_stable__a_three_quarters__b_quarter,dry_stable,three_quarters,quarter,A,10,107.250000
dry_stable__a_three_quarters__b_quarter,dry_stable,three_quarters,quarter,A,11,107.250000
dry_stable__a_three_quarters__b_quarter,dry_stable,three_quarters,quarter,A,12,107.250000
dry_stable__a_three_quarters__b_quarter,dry_stable,three_quarters,quarter,A,13,107.250000
dry_stable__a_three_quarters__b_quarter,dry_stable,three_quarters,quarter,A,14,107.250000
dry_stable__a_three_quarters__b_quarter,dry_stable,three_quarters,quarter,A,15,107.250000
dry_stable__a_three_quarters__b_quarter,dry_stable,three_quarters,quarter,A,16,107.250000
dry_stable__a_three_quarters__b_quarter,dry_stable,three_quarters,quarter,A,17,107.250000
dry_stable__a_three_quarters__b_quarter,dry_stable,three_quarters,quarter,A,18,107.250000
dry_stable__a_three_quarters__b_quarter,dry_stable,three_quarters,quarter,A,19,107.250000
dry_stable__a_three_quarters__b_quarter,dry_stable,three_quarters,quarter,A,20,107.250000
dry_stable__a_three_quarters__b_quarter,dry_stable,three_quarters,quarter,A,21,107.250000
dry_stable__a_three_quarters__b_quarter,dry_stable,three_quarters,quarter,A,22,107.250000
dry_stable__a_three_quarters__b_quarter,dry_stable,three_quarters,quarter,A,23,107.250000
dry_stable__a_three_quarters__b_quarter,dry_stable,three_quarters,quarter,B,0,48.500000
dry_stable__a_three_quarters__b_quarter,dry_stable,three_quarters,quarter,B,1,48.500000
dry_stable__a_three_quarters__b_quarter,dry_stable,three_quarters,quarter,B,2,48.500000
dry_stable__a_three_quarters__b_quarter,dry_stable,three_quarters,quarter,B,3,48.500000
dry_stable__a_three_quarters__b_quarter,dry_stable,three_quarters,quarter,B,4,48.500000
dry_stable__a_three_quarters__b_quarter,dry_stable,three_quarters,quarter,B,5,48.500000
dry_stable__a_three_quarters__b_quarter,dry_stable,three_quarters,quarter,B,6,48.500000
dry_stable__a_three_quarters__b_quarter,dry_stable,three_quarters,quarter,B,7,48.500000
dry_stable__a_three_quarters__b_quarter,dry_stable,three_quarters,quarter,B,8,48.500000
dry_stable__a_three_quarters__b_quarter,dry_stable,three_quarters,quarter,B,9,48.500000
dry_stable__a_three_quarters__b_quarter,dry_stable,three_quarters,quarter,B,10,48.500000
dry_stable__a_three_quarters__b_quarter,dry_stable,three_quarters,quarter,B,11,48.500000
dry_stable__a_three_quarters__b_quarter,dry_stable,three_quarters,quarter,B,12,48.500000
dry_stable__a_three_quarters__b_quarter,dry_stable,three_quarters,quarter,B,13,48.500000
dry_stable__a_three_quarters__b_quarter,dry_stable,three_quarters,quarter,B,14,48.500000
dry_stable__a_three_quarters__b_quarter,dry_stable,three_quarters,quarter,B,15,48.500000
dry_stable__a_three_quarters__b_quarter,dry_stable,three_quarters,quarter,B,16,48.500000
dry_stable__a_three_quarters__b_quarter,dry_stable,three_quarters,quarter,B,17,48.500000
dry_stable__a_three_quarters__b_quarter,dry_stable,three_quarters,quarter,B,18,48.500000
dry_stable__a_three_quarters__b_quarter,dry_stable,three_quarters,quarter,B,19,48.500000
dry_stable__a_three_quarters__b_quarter,dry_stable,three_quarters,quarter,B,20,48.500000
dry_stable__a_three_quarters__b_quarter,dry_stable,three_quarters,quarter,B,21,48.500000
dry_stable__a_three_quarters__b_quarter,dry_stable,three_quarters,quarter,B,22,48.500000
dry_stable__a_three_quarters__b_quarter,dry_stable,three_quarters,quarter,B,23,48.500000
dry_stable__a_three_quarters__b_half,dry_stable,three_quarters,half,A,0,107.250000
dry_stable__a_three_quarters__b_half,dry_stable,three_quarters,half,A,1,107.250000
dry_stable__a_three_quarters__b_half,dry_stable,three_quarters,half,A,2,107.250000
dry_stable__a_three_quarters__b_half,dry_stable,three_quarters,half,A,3,107.250000
dry_stable__a_three_quarters__b_half,dry_stable,three_quarters,half,A,4,107.250000
dry_stable__a_three_quarters__b_half,dry_stable,three_quarters,half,A,5,107.250000
dry_stable__a_three_quarters__b_half,dry_stable,three_quarters,half,A,6,107.250000
dry_stable__a_three_quarters__b_half,dry_stable,three_quarters,half,A,7,107.250000
dry_stable__a_three_quarters__b_half,dry_stable,three_quarters,half,A,8,107.250000
dry_stable__a_three_quarters__b_half,dry_stable,three_quarters,half,A,9,107.250000
dry_stable__a_three_quarters__b_half,dry_stable,three_quarters,half,A,10,107.250000
dry_stable__a_three_quarters__b_half,dry_stable,three_quarters,half,A,11,107.250000
dry_stable__a_three_quarters__b_half,dry_stable,three_quarters,half,A,12,107.250000
dry_stable__a_three_quarters__b_half,dry_stable,three_quarters,half,A,13,107.250000
dry_stable__a_three_quarters__b_half,dry_stable,three_quarters,half,A,14,107.250000
dry_stable__a_three_quarters__b_half,dry_stable,three_quarters,half,A,15,107.250000
dry_stable__a_three_quarters__b_half,dry_stable,three_quarters,half,A,16,107.250000
dry_stable__a_three_quarters__b_half,dry_stable,three_quarters,half,A,17,107.250000
dry_stable__a_three_quarters__b_half,dry_stable,three_quarters,half,A,18,107.250000
dry_stable__a_three_quarters__b_half,dry_stable,three_quarters,half,A,19,107.250000
dry_stable__a_three_quarters__b_half,dry_stable,three_quarters,half,A,20,107.250000
dry_stable__a_three_quarters__b_half,dry_stable,three_quarters,half,A,21,107.250000
dry_stable__a_three_quarters__b_half,dry_stable,three_quarters,half,A,22,107.250000
dry_stable__a_three_quarters__b_half,dry_stable,three_quarters,half,A,23,107.250000
dry_stable__a_three_quarters__b_half,dry_stable,three_quarters,half,B,0,65.000000
dry_stable__a_three_quarters__b_half,dry_stable,three_quarters,half,B,1,65.000000
dry_stable__a_three_quarters__b_half,dry_stable,three_quarters,half,B,2,65.000000
dry_stable__a_three_quarters__b_half,dry_stable,three_quarters,half,B,3,65.000000
dry_stable__a_three_quarters__b_half,dry_stable,three_quarters,half,B,4,65.000000
dry_stable__a_three_quarters__b_half,dry_stable,three_quarters,half,B,5,65.000000
dry_stable__a_three_quarters__b_half,dry_stable,three_quarters,half,B,6,65.000000
dry_stable__a_three_quarters__b_half,dry_stable,three_quarters,half,B,7,65.000000
dry_stable__a_three_quarters__b_half,dry_stable,three_quarters,half,B,8,65.000000
dry_stable__a_three_quarters__b_half,dry_stable,three_quarters,half,B,9,65.000000
dry_stable__a_three_quarters__b_half,dry_stable,three_quarters,half,B,10,65.000000
dry_stable__a_three_quarters__b_half,dry_stable,three_quarters,half,B,11,65.000000
dry_stable__a_three_quarters__b_half,dry_stable,three_quarters,half,B,12,65.000000
dry_stable__a_three_quarters__b_half,dry_stable,three_quarters,half,B,13,65.000000
dry_stable__a_three_quarters__b_half,dry_stable,three_quarters,half,B,14,65.000000
dry_stable__a_three_quarters__b_half,dry_stable,three_quarters,half,B,15,65.000000
dry_stable__a_three_quarters__b_half,dry_stable,three_quarters,half,B,16,65.000000
dry_stable__a_three_quarters__b_half,dry_stable,three_quarters,half,B,17,65.000000
dry_stable__a_three_quarters__b_half,dry_stable,three_quarters,half,B,18,65.000000
dry_stable__a_three_quarters__b_half,dry_stable,three_quarters,half,B,19,65.000000
dry_stable__a_three_quarters__b_half,dry_stable,three_quarters,half,B,20,65.000000
dry_stable__a_three_quarters__b_half,dry_stable,three_quarters,half,B,21,65.000000
dry_stable__a_three_quarters__b_half,dry_stable,three_quarters,half,B,22,65.000000
dry_stable__a_three_quarters__b_half,dry_stable,three_quarters,half,B,23,65.000000
dry_stable__a_three_quarters__b_three_quarters,dry_stable,three_quarters,three_quarters,A,0,107.250000
dry_stable__a_three_quarters__b_three_quarters,dry_stable,three_quarters,three_quarters,A,1,107.250000
dry_stable__a_three_quarters__b_three_quarters,dry_stable,three_quarters,three_quarters,A,2,107.250000
dry_stable__a_three_quarters__b_three_quarters,dry_stable,three_quarters,three_quarters,A,3,107.250000
dry_stable__a_three_quarters__b_three_quarters,dry_stable,three_quarters,three_quarters,A,4,107.250000
dry_stable__a_three_quarters__b_three_quarters,dry_stable,three_quarters,three_quarters,A,5,107.250000
dry_stable__a_three_quarters__b_three_quarters,dry_stable,three_quarters,three_quarters,A,6,107.250000
dry_stable__a_three_quarters__b_three_quarters,dry_stable,three_quarters,three_quarters,A,7,107.250000
dry_stable__a_three_quarters__b_three_quarters,dry_stable,three_quarters,three_quarters,A,8,107.250000
dry_stable__a_three_quarters__b_three_quarters,dry_stable,three_quarters,three_quarters,A,9,107.250000
dry_stable__a_three_quarters__b_three_quarters,dry_stable,three_quarters,three_quarters,A,10,107.250000
dry_stable__a_three_quarters__b_three_quarters,dry_stable,three_quarters,three_quarters,A,11,107.250000
dry_stable__a_three_quarters__b_three_quarters,dry_stable,three_quarters,three_quarters,A,12,107.250000
dry_stable__a_three_quarters__b_three_quarters,dry_stable,three_quarters,three_quarters,A,13,107.250000
dry_stable__a_three_quarters__b_three_quarters,dry_stable,three_quarters,three_quarters,A,14,107.250000
dry_stable__a_three_quarters__b_three_quarters,dry_stable,three_quarters,three_quarters,A,15,107.250000
dry_stable__a_three_quarters__b_three_quarters,dry_stable,three_quarters,three_quarters,A,16,107.250000
dry_stable__a_three_quarters__b_three_quarters,dry_stable,three_quarters,three_quarters,A,17,107.250000
dry_stable__a_three_quarters__b_three_quarters,dry_stable,three_quarters,three_quarters,A,18,107.250000
dry_stable__a_three_quarters__b_three_quarters,dry_stable,three_quarters,three_quarters,A,19,107.250000
dry_stable__a_three_quarters__b_three_quarters,dry_stable,three_quarters,three_quarters,A,20,107.250000
dry_stable__a_three_quarters__b_three_quarters,dry_stable,three_quarters,three_quarters,A,21,107.250000
dry_stable__a_three_quarters__b_three_quarters,dry_stable,three_quarters,three_quarters,A,22,107.250000
dry_stable__a_three_quarters__b_three_quarters,dry_stable,three_quarters,three_quarters,A,23,107.250000
dry_stable__a_three_quarters__b_three_quarters,dry_stable,three_quarters,three_quarters,B,0,81.500000
dry_stable__a_three_quarters__b_three_quarters,dry_stable,three_quarters,three_quarters,B,1,81.500000
dry_stable__a_three_quarters__b_three_quarters,dry_stable,three_quarters,three_quarters,B,2,81.500000
dry_stable__a_three_quarters__b_three_quarters,dry_stable,three_quarters,three_quarters,B,3,81.500000
dry_stable__a_three_quarters__b_three_quarters,dry_stable,three_quarters,three_quarters,B,4,81.500000
dry_stable__a_three_quarters__b_three_quarters,dry_stable,three_quarters,three_quarters,B,5,81.500000
dry_stable__a_three_quarters__b_three_quarters,dry_stable,three_quarters,three_quarters,B,6,81.500000
dry_stable__a_three_quarters__b_three_quarters,dry_stable,three_quarters,three_quarters,B,7,81.500000
dry_stable__a_three_quarters__b_three_quarters,dry_stable,three_quarters,three_quarters,B,8,81.500000
dry_stable__a_three_quarters__b_three_quarters,dry_stable,three_quarters,three_quarters,B,9,81.500000
dry_stable__a_three_quarters__b_three_quarters,dry_stable,three_quarters,three_quarters,B,10,81.500000
dry_stable__a_three_quarters__b_three_quarters,dry_stable,three_quarters,three_quarters,B,11,81.500000
dry_stable__a_three_quarters__b_three_quarters,dry_stable,three_quarters,three_quarters,B,12,81.500000
dry_stable__a_three_quarters__b_three_quarters,dry_stable,three_quarters,three_quarters,B,13,81.500000
dry_stable__a_three_quarters__b_three_quarters,dry_stable,three_quarters,three_quarters,B,14,81.500000
dry_stable__a_three_quarters__b_three_quarters,dry_stable,three_quarters,three_quarters,B,15,81.500000
dry_stable__a_three_quarters__b_three_quarters,dry_stable,three_quarters,three_quarters,B,16,81.500000
dry_stable__a_three_quarters__b_three_quarters,dry_stable,three_quarters,three_quarters,B,17,81.500000
dry_stable__a_three_quarters__b_three_quarters,dry_stable,three_quarters,three_quarters,B,18,81.500000
dry_stable__a_three_quarters__b_three_quarters,dry_stable,three_quarters,three_quarters,B,19,81.500000
dry_stable__a_three_quarters__b_three_quarters,dry_stable,three_quarters,three_quarters,B,20,81.500000
dry_stable__a_three_quarters__b_three_quarters,dry_stable,three_quarters,three_quarters,B,21,81.500000
dry_stable__a_three_quarters__b_three_quarters,dry_stable,three_quarters,three_quarters,B,22,81.500000
dry_stable__a_three_quarters__b_three_quarters,dry_stable,three_quarters,three_quarters,B,23,81.500000
dry_stable__a_three_quarters__b_maximum,dry_stable,three_quarters,maximum,A,0,107.250000
dry_stable__a_three_quarters__b_maximum,dry_stable,three_quarters,maximum,A,1,107.250000
dry_stable__a_three_quarters__b_maximum,dry_stable,three_quarters,maximum,A,2,107.250000
dry_stable__a_three_quarters__b_maximum,dry_stable,three_quarters,maximum,A,3,107.250000
dry_stable__a_three_quarters__b_maximum,dry_stable,three_quarters,maximum,A,4,107.250000
dry_stable__a_three_quarters__b_maximum,dry_stable,three_quarters,maximum,A,5,107.250000
dry_stable__a_three_quarters__b_maximum,dry_stable,three_quarters,maximum,A,6,107.250000
dry_stable__a_three_quarters__b_maximum,dry_stable,three_quarters,maximum,A,7,107.250000
dry_stable__a_three_quarters__b_maximum,dry_stable,three_quarters,maximum,A,8,107.250000
dry_stable__a_three_quarters__b_maximum,dry_stable,three_quarters,maximum,A,9,107.250000
dry_stable__a_three_quarters__b_maximum,dry_stable,three_quarters,maximum,A,10,107.250000
dry_stable__a_three_quarters__b_maximum,dry_stable,three_quarters,maximum,A,11,107.250000
dry_stable__a_three_quarters__b_maximum,dry_stable,three_quarters,maximum,A,12,107.250000
dry_stable__a_three_quarters__b_maximum,dry_stable,three_quarters,maximum,A,13,107.250000
dry_stable__a_three_quarters__b_maximum,dry_stable,three_quarters,maximum,A,14,107.250000
dry_stable__a_three_quarters__b_maximum,dry_stable,three_quarters,maximum,A,15,107.250000
dry_stable__a_three_quarters__b_maximum,dry_stable,three_quarters,maximum,A,16,107.250000
dry_stable__a_three_quarters__b_maximum,dry_stable,three_quarters,maximum,A,17,107.250000
dry_stable__a_three_quarters__b_maximum,dry_stable,three_quarters,maximum,A,18,107.250000
dry_stable__a_three_quarters__b_maximum,dry_stable,three_quarters,maximum,A,19,107.250000
dry_stable__a_three_quarters__b_maximum,dry_stable,three_quarters,maximum,A,20,107.250000
dry_stable__a_three_quarters__b_maximum,dry_stable,three_quarters,maximum,A,21,107.250000
dry_stable__a_three_quarters__b_maximum,dry_stable,three_quarters,maximum,A,22,107.250000
dry_stable__a_three_quarters__b_maximum,dry_stable,three_quarters,maximum,A,23,107.250000
dry_stable__a_three_quarters__b_maximum,dry_stable,three_quarters,maximum,B,0,98.000000
dry_stable__a_three_quarters__b_maximum,dry_stable,three_quarters,maximum,B,1,98.000000
dry_stable__a_three_quarters__b_maximum,dry_stable,three_quarters,maximum,B,2,98.000000
dry_stable__a_three_quarters__b_maximum,dry_stable,three_quarters,maximum,B,3,98.000000
dry_stable__a_three_quarters__b_maximum,dry_stable,three_quarters,maximum,B,4,98.000000
dry_stable__a_three_quarters__b_maximum,dry_stable,three_quarters,maximum,B,5,98.000000
dry_stable__a_three_quarters__b_maximum,dry_stable,three_quarters,maximum,B,6,98.000000
dry_stable__a_three_quarters__b_maximum,dry_stable,three_quarters,maximum,B,7,98.000000
dry_stable__a_three_quarters__b_maximum,dry_stable,three_quarters,maximum,B,8,98.000000
dry_stable__a_three_quarters__b_maximum,dry_stable,three_quarters,maximum,B,9,98.000000
dry_stable__a_three_quarters__b_maximum,dry_stable,three_quarters,maximum,B,10,98.000000
dry_stable__a_three_quarters__b_maximum,dry_stable,three_quarters,maximum,B,11,98.000000
dry_stable__a_three_quarters__b_maximum,dry_stable,three_quarters,maximum,B,12,98.000000
dry_stable__a_three_quarters__b_maximum,dry_stable,three_quarters,maximum,B,13,98.000000
dry_stable__a_three_quarters__b_maximum,dry_stable,three_quarters,maximum,B,14,98.000000
dry_stable__a_three_quarters__b_maximum,dry_stable,three_quarters,maximum,B,15,98.000000
dry_stable__a_three_quarters__b_maximum,dry_stable,three_quarters,maximum,B,16,98.000000
dry_stable__a_three_quarters__b_maximum,dry_stable,three_quarters,maximum,B,17,98.000000
dry_stable__a_three_quarters__b_maximum,dry_stable,three_quarters,maximum,B,18,98.000000
dry_stable__a_three_quarters__b_maximum,dry_stable,three_quarters,maximum,B,19,98.000000
dry_stable__a_three_quarters__b_maximum,dry_stable,three_quarters,maximum,B,20,98.000000
dry_stable__a_three_quarters__b_maximum,dry_stable,three_quarters,maximum,B,21,98.000000
dry_stable__a_three_quarters__b_maximum,dry_stable,three_quarters,maximum,B,22,98.000000
dry_stable__a_three_quarters__b_maximum,dry_stable,three_quarters,maximum,B,23,98.000000
dry_stable__a_maximum__b_off,dry_stable,maximum,off,A,0,128.000000
dry_stable__a_maximum__b_off,dry_stable,maximum,off,A,1,128.000000
dry_stable__a_maximum__b_off,dry_stable,maximum,off,A,2,128.000000
dry_stable__a_maximum__b_off,dry_stable,maximum,off,A,3,128.000000
dry_stable__a_maximum__b_off,dry_stable,maximum,off,A,4,128.000000
dry_stable__a_maximum__b_off,dry_stable,maximum,off,A,5,128.000000
dry_stable__a_maximum__b_off,dry_stable,maximum,off,A,6,128.000000
dry_stable__a_maximum__b_off,dry_stable,maximum,off,A,7,128.000000
dry_stable__a_maximum__b_off,dry_stable,maximum,off,A,8,128.000000
dry_stable__a_maximum__b_off,dry_stable,maximum,off,A,9,128.000000
dry_stable__a_maximum__b_off,dry_stable,maximum,off,A,10,128.000000
dry_stable__a_maximum__b_off,dry_stable,maximum,off,A,11,128.000000
dry_stable__a_maximum__b_off,dry_stable,maximum,off,A,12,128.000000
dry_stable__a_maximum__b_off,dry_stable,maximum,off,A,13,128.000000
dry_stable__a_maximum__b_off,dry_stable,maximum,off,A,14,128.000000
dry_stable__a_maximum__b_off,dry_stable,maximum,off,A,15,128.000000
dry_stable__a_maximum__b_off,dry_stable,maximum,off,A,16,128.000000
dry_stable__a_maximum__b_off,dry_stable,maximum,off,A,17,128.000000
dry_stable__a_maximum__b_off,dry_stable,maximum,off,A,18,128.000000
dry_stable__a_maximum__b_off,dry_stable,maximum,off,A,19,128.000000
dry_stable__a_maximum__b_off,dry_stable,maximum,off,A,20,128.000000
dry_stable__a_maximum__b_off,dry_stable,maximum,off,A,21,128.000000
dry_stable__a_maximum__b_off,dry_stable,maximum,off,A,22,128.000000
dry_stable__a_maximum__b_off,dry_stable,maximum,off,A,23,128.000000
dry_stable__a_maximum__b_off,dry_stable,maximum,off,B,0,0.000000
dry_stable__a_maximum__b_off,dry_stable,maximum,off,B,1,0.000000
dry_stable__a_maximum__b_off,dry_stable,maximum,off,B,2,0.000000
dry_stable__a_maximum__b_off,dry_stable,maximum,off,B,3,0.000000
dry_stable__a_maximum__b_off,dry_stable,maximum,off,B,4,0.000000
dry_stable__a_maximum__b_off,dry_stable,maximum,off,B,5,0.000000
dry_stable__a_maximum__b_off,dry_stable,maximum,off,B,6,0.000000
dry_stable__a_maximum__b_off,dry_stable,maximum,off,B,7,0.000000
dry_stable__a_maximum__b_off,dry_stable,maximum,off,B,8,0.000000
dry_stable__a_maximum__b_off,dry_stable,maximum,off,B,9,0.000000
dry_stable__a_maximum__b_off,dry_stable,maximum,off,B,10,0.000000
dry_stable__a_maximum__b_off,dry_stable,maximum,off,B,11,0.000000
dry_stable__a_maximum__b_off,dry_stable,maximum,off,B,12,0.000000
dry_stable__a_maximum__b_off,dry_stable,maximum,off,B,13,0.000000
dry_stable__a_maximum__b_off,dry_stable,maximum,off,B,14,0.000000
dry_stable__a_maximum__b_off,dry_stable,maximum,off,B,15,0.000000
dry_stable__a_maximum__b_off,dry_stable,maximum,off,B,16,0.000000
dry_stable__a_maximum__b_off,dry_stable,maximum,off,B,17,0.000000
dry_stable__a_maximum__b_off,dry_stable,maximum,off,B,18,0.000000
dry_stable__a_maximum__b_off,dry_stable,maximum,off,B,19,0.000000
dry_stable__a_maximum__b_off,dry_stable,maximum,off,B,20,0.000000
dry_stable__a_maximum__b_off,dry_stable,maximum,off,B,21,0.000000
dry_stable__a_maximum__b_off,dry_stable,maximum,off,B,22,0.000000
dry_stable__a_maximum__b_off,dry_stable,maximum,off,B,23,0.000000
dry_stable__a_maximum__b_minimum,dry_stable,maximum,minimum,A,0,128.000000
dry_stable__a_maximum__b_minimum,dry_stable,maximum,minimum,A,1,128.000000
dry_stable__a_maximum__b_minimum,dry_stable,maximum,minimum,A,2,128.000000
dry_stable__a_maximum__b_minimum,dry_stable,maximum,minimum,A,3,128.000000
dry_stable__a_maximum__b_minimum,dry_stable,maximum,minimum,A,4,128.000000
dry_stable__a_maximum__b_minimum,dry_stable,maximum,minimum,A,5,128.000000
dry_stable__a_maximum__b_minimum,dry_stable,maximum,minimum,A,6,128.000000
dry_stable__a_maximum__b_minimum,dry_stable,maximum,minimum,A,7,128.000000
dry_stable__a_maximum__b_minimum,dry_stable,maximum,minimum,A,8,128.000000
dry_stable__a_maximum__b_minimum,dry_stable,maximum,minimum,A,9,128.000000
dry_stable__a_maximum__b_minimum,dry_stable,maximum,minimum,A,10,128.000000
dry_stable__a_maximum__b_minimum,dry_stable,maximum,minimum,A,11,128.000000
dry_stable__a_maximum__b_minimum,dry_stable,maximum,minimum,A,12,128.000000
dry_stable__a_maximum__b_minimum,dry_stable,maximum,minimum,A,13,128.000000
dry_stable__a_maximum__b_minimum,dry_stable,maximum,minimum,A,14,128.000000
dry_stable__a_maximum__b_minimum,dry_stable,maximum,minimum,A,15,128.000000
dry_stable__a_maximum__b_minimum,dry_stable,maximum,minimum,A,16,128.000000
dry_stable__a_maximum__b_minimum,dry_stable,maximum,minimum,A,17,128.000000
dry_stable__a_maximum__b_minimum,dry_stable,maximum,minimum,A,18,128.000000
dry_stable__a_maximum__b_minimum,dry_stable,maximum,minimum,A,19,128.000000
dry_stable__a_maximum__b_minimum,dry_stable,maximum,minimum,A,20,128.000000
dry_stable__a_maximum__b_minimum,dry_stable,maximum,minimum,A,21,128.000000
dry_stable__a_maximum__b_minimum,dry_stable,maximum,minimum,A,22,128.000000
dry_stable__a_maximum__b_minimum,dry_stable,maximum,minimum,A,23,128.000000
dry_stable__a_maximum__b_minimum,dry_stable,maximum,minimum,B,0,32.000000
dry_stable__a_maximum__b_minimum,dry_stable,maximum,minimum,B,1,32.000000
dry_stable__a_maximum__b_minimum,dry_stable,maximum,minimum,B,2,32.000000
dry_stable__a_maximum__b_minimum,dry_stable,maximum,minimum,B,3,32.000000
dry_stable__a_maximum__b_minimum,dry_stable,maximum,minimum,B,4,32.000000
dry_stable__a_maximum__b_minimum,dry_stable,maximum,minimum,B,5,32.000000
dry_stable__a_maximum__b_minimum,dry_stable,maximum,minimum,B,6,32.000000
dry_stable__a_maximum__b_minimum,dry_stable,maximum,minimum,B,7,32.000000
dry_stable__a_maximum__b_minimum,dry_stable,maximum,minimum,B,8,32.000000
dry_stable__a_maximum__b_minimum,dry_stable,maximum,minimum,B,9,32.000000
dry_stable__a_maximum__b_minimum,dry_stable,maximum,minimum,B,10,32.000000
dry_stable__a_maximum__b_minimum,dry_stable,maximum,minimum,B,11,32.000000
dry_stable__a_maximum__b_minimum,dry_stable,maximum,minimum,B,12,32.000000
dry_stable__a_maximum__b_minimum,dry_stable,maximum,minimum,B,13,32.000000
dry_stable__a_maximum__b_minimum,dry_stable,maximum,minimum,B,14,32.000000
dry_stable__a_maximum__b_minimum,dry_stable,maximum,minimum,B,15,32.000000
dry_stable__a_maximum__b_minimum,dry_stable,maximum,minimum,B,16,32.000000
dry_stable__a_maximum__b_minimum,dry_stable,maximum,minimum,B,17,32.000000
dry_stable__a_maximum__b_minimum,dry_stable,maximum,minimum,B,18,32.000000
dry_stable__a_maximum__b_minimum,dry_stable,maximum,minimum,B,19,32.000000
dry_stable__a_maximum__b_minimum,dry_stable,maximum,minimum,B,20,32.000000
dry_stable__a_maximum__b_minimum,dry_stable,maximum,minimum,B,21,32.000000
dry_stable__a_maximum__b_minimum,dry_stable,maximum,minimum,B,22,32.000000
dry_stable__a_maximum__b_minimum,dry_stable,maximum,minimum,B,23,32.000000
dry_stable__a_maximum__b_quarter,dry_stable,maximum,quarter,A,0,128.000000
dry_stable__a_maximum__b_quarter,dry_stable,maximum,quarter,A,1,128.000000
dry_stable__a_maximum__b_quarter,dry_stable,maximum,quarter,A,2,128.000000
dry_stable__a_maximum__b_quarter,dry_stable,maximum,quarter,A,3,128.000000
dry_stable__a_maximum__b_quarter,dry_stable,maximum,quarter,A,4,128.000000
dry_stable__a_maximum__b_quarter,dry_stable,maximum,quarter,A,5,128.000000
dry_stable__a_maximum__b_quarter,dry_stable,maximum,quarter,A,6,128.000000
dry_stable__a_maximum__b_quarter,dry_stable,maximum,quarter,A,7,128.000000
dry_stable__a_maximum__b_quarter,dry_stable,maximum,quarter,A,8,128.000000
dry_stable__a_maximum__b_quarter,dry_stable,maximum,quarter,A,9,128.000000
dry_stable__a_maximum__b_quarter,dry_stable,maximum,quarter,A,10,128.000000
dry_stable__a_maximum__b_quarter,dry_stable,maximum,quarter,A,11,128.000000
dry_stable__a_maximum__b_quarter,dry_stable,maximum,quarter,A,12,128.000000
dry_stable__a_maximum__b_quarter,dry_stable,maximum,quarter,A,13,128.000000
dry_stable__a_maximum__b_quarter,dry_stable,maximum,quarter,A,14,128.000000
dry_stable__a_maximum__b_quarter,dry_stable,maximum,quarter,A,15,128.000000
dry_stable__a_maximum__b_quarter,dry_stable,maximum,quarter,A,16,128.000000
dry_stable__a_maximum__b_quarter,dry_stable,maximum,quarter,A,17,128.000000
dry_stable__a_maximum__b_quarter,dry_stable,maximum,quarter,A,18,128.000000
dry_stable__a_maximum__b_quarter,dry_stable,maximum,quarter,A,19,128.000000
dry_stable__a_maximum__b_quarter,dry_stable,maximum,quarter,A,20,128.000000
dry_stable__a_maximum__b_quarter,dry_stable,maximum,quarter,A,21,128.000000
dry_stable__a_maximum__b_quarter,dry_stable,maximum,quarter,A,22,128.000000
dry_stable__a_maximum__b_quarter,dry_stable,maximum,quarter,A,23,128.000000
dry_stable__a_maximum__b_quarter,dry_stable,maximum,quarter,B,0,48.500000
dry_stable__a_maximum__b_quarter,dry_stable,maximum,quarter,B,1,48.500000
dry_stable__a_maximum__b_quarter,dry_stable,maximum,quarter,B,2,48.500000
dry_stable__a_maximum__b_quarter,dry_stable,maximum,quarter,B,3,48.500000
dry_stable__a_maximum__b_quarter,dry_stable,maximum,quarter,B,4,48.500000
dry_stable__a_maximum__b_quarter,dry_stable,maximum,quarter,B,5,48.500000
dry_stable__a_maximum__b_quarter,dry_stable,maximum,quarter,B,6,48.500000
dry_stable__a_maximum__b_quarter,dry_stable,maximum,quarter,B,7,48.500000
dry_stable__a_maximum__b_quarter,dry_stable,maximum,quarter,B,8,48.500000
dry_stable__a_maximum__b_quarter,dry_stable,maximum,quarter,B,9,48.500000
dry_stable__a_maximum__b_quarter,dry_stable,maximum,quarter,B,10,48.500000
dry_stable__a_maximum__b_quarter,dry_stable,maximum,quarter,B,11,48.500000
dry_stable__a_maximum__b_quarter,dry_stable,maximum,quarter,B,12,48.500000
dry_stable__a_maximum__b_quarter,dry_stable,maximum,quarter,B,13,48.500000
dry_stable__a_maximum__b_quarter,dry_stable,maximum,quarter,B,14,48.500000
dry_stable__a_maximum__b_quarter,dry_stable,maximum,quarter,B,15,48.500000
dry_stable__a_maximum__b_quarter,dry_stable,maximum,quarter,B,16,48.500000
dry_stable__a_maximum__b_quarter,dry_stable,maximum,quarter,B,17,48.500000
dry_stable__a_maximum__b_quarter,dry_stable,maximum,quarter,B,18,48.500000
dry_stable__a_maximum__b_quarter,dry_stable,maximum,quarter,B,19,48.500000
dry_stable__a_maximum__b_quarter,dry_stable,maximum,quarter,B,20,48.500000
dry_stable__a_maximum__b_quarter,dry_stable,maximum,quarter,B,21,48.500000
dry_stable__a_maximum__b_quarter,dry_stable,maximum,quarter,B,22,48.500000
dry_stable__a_maximum__b_quarter,dry_stable,maximum,quarter,B,23,48.500000
dry_stable__a_maximum__b_half,dry_stable,maximum,half,A,0,128.000000
dry_stable__a_maximum__b_half,dry_stable,maximum,half,A,1,128.000000
dry_stable__a_maximum__b_half,dry_stable,maximum,half,A,2,128.000000
dry_stable__a_maximum__b_half,dry_stable,maximum,half,A,3,128.000000
dry_stable__a_maximum__b_half,dry_stable,maximum,half,A,4,128.000000
dry_stable__a_maximum__b_half,dry_stable,maximum,half,A,5,128.000000
dry_stable__a_maximum__b_half,dry_stable,maximum,half,A,6,128.000000
dry_stable__a_maximum__b_half,dry_stable,maximum,half,A,7,128.000000
dry_stable__a_maximum__b_half,dry_stable,maximum,half,A,8,128.000000
dry_stable__a_maximum__b_half,dry_stable,maximum,half,A,9,128.000000
dry_stable__a_maximum__b_half,dry_stable,maximum,half,A,10,128.000000
dry_stable__a_maximum__b_half,dry_stable,maximum,half,A,11,128.000000
dry_stable__a_maximum__b_half,dry_stable,maximum,half,A,12,128.000000
dry_stable__a_maximum__b_half,dry_stable,maximum,half,A,13,128.000000
dry_stable__a_maximum__b_half,dry_stable,maximum,half,A,14,128.000000
dry_stable__a_maximum__b_half,dry_stable,maximum,half,A,15,128.000000
dry_stable__a_maximum__b_half,dry_stable,maximum,half,A,16,128.000000
dry_stable__a_maximum__b_half,dry_stable,maximum,half,A,17,128.000000
dry_stable__a_maximum__b_half,dry_stable,maximum,half,A,18,128.000000
dry_stable__a_maximum__b_half,dry_stable,maximum,half,A,19,128.000000
dry_stable__a_maximum__b_half,dry_stable,maximum,half,A,20,128.000000
dry_stable__a_maximum__b_half,dry_stable,maximum,half,A,21,128.000000
dry_stable__a_maximum__b_half,dry_stable,maximum,half,A,22,128.000000
dry_stable__a_maximum__b_half,dry_stable,maximum,half,A,23,128.000000
dry_stable__a_maximum__b_half,dry_stable,maximum,half,B,0,65.000000
dry_stable__a_maximum__b_half,dry_stable,maximum,half,B,1,65.000000
dry_stable__a_maximum__b_half,dry_stable,maximum,half,B,2,65.000000
dry_stable__a_maximum__b_half,dry_stable,maximum,half,B,3,65.000000
dry_stable__a_maximum__b_half,dry_stable,maximum,half,B,4,65.000000
dry_stable__a_maximum__b_half,dry_stable,maximum,half,B,5,65.000000
dry_stable__a_maximum__b_half,dry_stable,maximum,half,B,6,65.000000
dry_stable__a_maximum__b_half,dry_stable,maximum,half,B,7,65.000000
dry_stable__a_maximum__b_half,dry_stable,maximum,half,B,8,65.000000
dry_stable__a_maximum__b_half,dry_stable,maximum,half,B,9,65.000000
dry_stable__a_maximum__b_half,dry_stable,maximum,half,B,10,65.000000
dry_stable__a_maximum__b_half,dry_stable,maximum,half,B,11,65.000000
dry_stable__a_maximum__b_half,dry_stable,maximum,half,B,12,65.000000
dry_stable__a_maximum__b_half,dry_stable,maximum,half,B,13,65.000000
dry_stable__a_maximum__b_half,dry_stable,maximum,half,B,14,65.000000
dry_stable__a_maximum__b_half,dry_stable,maximum,half,B,15,65.000000
dry_stable__a_maximum__b_half,dry_stable,maximum,half,B,16,65.000000
dry_stable__a_maximum__b_half,dry_stable,maximum,half,B,17,65.000000
dry_stable__a_maximum__b_half,dry_stable,maximum,half,B,18,65.000000
dry_stable__a_maximum__b_half,dry_stable,maximum,half,B,19,65.000000
dry_stable__a_maximum__b_half,dry_stable,maximum,half,B,20,65.000000
dry_stable__a_maximum__b_half,dry_stable,maximum,half,B,21,65.000000
dry_stable__a_maximum__b_half,dry_stable,maximum,half,B,22,65.000000
dry_stable__a_maximum__b_half,dry_stable,maximum,half,B,23,65.000000
dry_stable__a_maximum__b_three_quarters,dry_stable,maximum,three_quarters,A,0,128.000000
dry_stable__a_maximum__b_three_quarters,dry_stable,maximum,three_quarters,A,1,128.000000
dry_stable__a_maximum__b_three_quarters,dry_stable,maximum,three_quarters,A,2,128.000000
dry_stable__a_maximum__b_three_quarters,dry_stable,maximum,three_quarters,A,3,128.000000
dry_stable__a_maximum__b_three_quarters,dry_stable,maximum,three_quarters,A,4,128.000000
dry_stable__a_maximum__b_three_quarters,dry_stable,maximum,three_quarters,A,5,128.000000
dry_stable__a_maximum__b_three_quarters,dry_stable,maximum,three_quarters,A,6,128.000000
dry_stable__a_maximum__b_three_quarters,dry_stable,maximum,three_quarters,A,7,128.000000
dry_stable__a_maximum__b_three_quarters,dry_stable,maximum,three_quarters,A,8,128.000000
dry_stable__a_maximum__b_three_quarters,dry_stable,maximum,three_quarters,A,9,128.000000
dry_stable__a_maximum__b_three_quarters,dry_stable,maximum,three_quarters,A,10,128.000000
dry_stable__a_maximum__b_three_quarters,dry_stable,maximum,three_quarters,A,11,128.000000
dry_stable__a_maximum__b_three_quarters,dry_stable,maximum,three_quarters,A,12,128.000000
dry_stable__a_maximum__b_three_quarters,dry_stable,maximum,three_quarters,A,13,128.000000
dry_stable__a_maximum__b_three_quarters,dry_stable,maximum,three_quarters,A,14,128.000000
dry_stable__a_maximum__b_three_quarters,dry_stable,maximum,three_quarters,A,15,128.000000
dry_stable__a_maximum__b_three_quarters,dry_stable,maximum,three_quarters,A,16,128.000000
dry_stable__a_maximum__b_three_quarters,dry_stable,maximum,three_quarters,A,17,128.000000
dry_stable__a_maximum__b_three_quarters,dry_stable,maximum,three_quarters,A,18,128.000000
dry_stable__a_maximum__b_three_quarters,dry_stable,maximum,three_quarters,A,19,128.000000
dry_stable__a_maximum__b_three_quarters,dry_stable,maximum,three_quarters,A,20,128.000000
dry_stable__a_maximum__b_three_quarters,dry_stable,maximum,three_quarters,A,21,128.000000
dry_stable__a_maximum__b_three_quarters,dry_stable,maximum,three_quarters,A,22,128.000000
dry_stable__a_maximum__b_three_quarters,dry_stable,maximum,three_quarters,A,23,128.000000
dry_stable__a_maximum__b_three_quarters,dry_stable,maximum,three_quarters,B,0,81.500000
dry_stable__a_maximum__b_three_quarters,dry_stable,maximum,three_quarters,B,1,81.500000
dry_stable__a_maximum__b_three_quarters,dry_stable,maximum,three_quarters,B,2,81.500000
dry_stable__a_maximum__b_three_quarters,dry_stable,maximum,three_quarters,B,3,81.500000
dry_stable__a_maximum__b_three_quarters,dry_stable,maximum,three_quarters,B,4,81.500000
dry_stable__a_maximum__b_three_quarters,dry_stable,maximum,three_quarters,B,5,81.500000
dry_stable__a_maximum__b_three_quarters,dry_stable,maximum,three_quarters,B,6,81.500000
dry_stable__a_maximum__b_three_quarters,dry_stable,maximum,three_quarters,B,7,81.500000
dry_stable__a_maximum__b_three_quarters,dry_stable,maximum,three_quarters,B,8,81.500000
dry_stable__a_maximum__b_three_quarters,dry_stable,maximum,three_quarters,B,9,81.500000
dry_stable__a_maximum__b_three_quarters,dry_stable,maximum,three_quarters,B,10,81.500000
dry_stable__a_maximum__b_three_quarters,dry_stable,maximum,three_quarters,B,11,81.500000
dry_stable__a_maximum__b_three_quarters,dry_stable,maximum,three_quarters,B,12,81.500000
dry_stable__a_maximum__b_three_quarters,dry_stable,maximum,three_quarters,B,13,81.500000
dry_stable__a_maximum__b_three_quarters,dry_stable,maximum,three_quarters,B,14,81.500000
dry_stable__a_maximum__b_three_quarters,dry_stable,maximum,three_quarters,B,15,81.500000
dry_stable__a_maximum__b_three_quarters,dry_stable,maximum,three_quarters,B,16,81.500000
dry_stable__a_maximum__b_three_quarters,dry_stable,maximum,three_quarters,B,17,81.500000
dry_stable__a_maximum__b_three_quarters,dry_stable,maximum,three_quarters,B,18,81.500000
dry_stable__a_maximum__b_three_quarters,dry_stable,maximum,three_quarters,B,19,81.500000
dry_stable__a_maximum__b_three_quarters,dry_stable,maximum,three_quarters,B,20,81.500000
dry_stable__a_maximum__b_three_quarters,dry_stable,maximum,three_quarters,B,21,81.500000
dry_stable__a_maximum__b_three_quarters,dry_stable,maximum,three_quarters,B,22,81.500000
dry_stable__a_maximum__b_three_quarters,dry_stable,maximum,three_quarters,B,23,81.500000
dry_stable__a_maximum__b_maximum,dry_stable,maximum,maximum,A,0,128.000000
dry_stable__a_maximum__b_maximum,dry_stable,maximum,maximum,A,1,128.000000
dry_stable__a_maximum__b_maximum,dry_stable,maximum,maximum,A,2,128.000000
dry_stable__a_maximum__b_maximum,dry_stable,maximum,maximum,A,3,128.000000
dry_stable__a_maximum__b_maximum,dry_stable,maximum,maximum,A,4,128.000000
dry_stable__a_maximum__b_maximum,dry_stable,maximum,maximum,A,5,128.000000
dry_stable__a_maximum__b_maximum,dry_stable,maximum,maximum,A,6,128.000000
dry_stable__a_maximum__b_maximum,dry_stable,maximum,maximum,A,7,128.000000
dry_stable__a_maximum__b_maximum,dry_stable,maximum,maximum,A,8,128.000000
dry_stable__a_maximum__b_maximum,dry_stable,maximum,maximum,A,9,128.000000
dry_stable__a_maximum__b_maximum,dry_stable,maximum,maximum,A,10,128.000000
dry_stable__a_maximum__b_maximum,dry_stable,maximum,maximum,A,11,128.000000
dry_stable__a_maximum__b_maximum,dry_stable,maximum,maximum,A,12,128.000000
dry_stable__a_maximum__b_maximum,dry_stable,maximum,maximum,A,13,128.000000
dry_stable__a_maximum__b_maximum,dry_stable,maximum,maximum,A,14,128.000000
dry_stable__a_maximum__b_maximum,dry_stable,maximum,maximum,A,15,128.000000
dry_stable__a_maximum__b_maximum,dry_stable,maximum,maximum,A,16,128.000000
dry_stable__a_maximum__b_maximum,dry_stable,maximum,maximum,A,17,128.000000
dry_stable__a_maximum__b_maximum,dry_stable,maximum,maximum,A,18,128.000000
dry_stable__a_maximum__b_maximum,dry_stable,maximum,maximum,A,19,128.000000
dry_stable__a_maximum__b_maximum,dry_stable,maximum,maximum,A,20,128.000000
dry_stable__a_maximum__b_maximum,dry_stable,maximum,maximum,A,21,128.000000
dry_stable__a_maximum__b_maximum,dry_stable,maximum,maximum,A,22,128.000000
dry_stable__a_maximum__b_maximum,dry_stable,maximum,maximum,A,23,128.000000
dry_stable__a_maximum__b_maximum,dry_stable,maximum,maximum,B,0,98.000000
dry_stable__a_maximum__b_maximum,dry_stable,maximum,maximum,B,1,98.000000
dry_stable__a_maximum__b_maximum,dry_stable,maximum,maximum,B,2,98.000000
dry_stable__a_maximum__b_maximum,dry_stable,maximum,maximum,B,3,98.000000
dry_stable__a_maximum__b_maximum,dry_stable,maximum,maximum,B,4,98.000000
dry_stable__a_maximum__b_maximum,dry_stable,maximum,maximum,B,5,98.000000
dry_stable__a_maximum__b_maximum,dry_stable,maximum,maximum,B,6,98.000000
dry_stable__a_maximum__b_maximum,dry_stable,maximum,maximum,B,7,98.000000
dry_stable__a_maximum__b_maximum,dry_stable,maximum,maximum,B,8,98.000000
dry_stable__a_maximum__b_maximum,dry_stable,maximum,maximum,B,9,98.000000
dry_stable__a_maximum__b_maximum,dry_stable,maximum,maximum,B,10,98.000000
dry_stable__a_maximum__b_maximum,dry_stable,maximum,maximum,B,11,98.000000
dry_stable__a_maximum__b_maximum,dry_stable,maximum,maximum,B,12,98.000000
dry_stable__a_maximum__b_maximum,dry_stable,maximum,maximum,B,13,98.000000
dry_stable__a_maximum__b_maximum,dry_stable,maximum,maximum,B,14,98.000000
dry_stable__a_maximum__b_maximum,dry_stable,maximum,maximum,B,15,98.000000
dry_stable__a_maximum__b_maximum,dry_stable,maximum,maximum,B,16,98.000000
dry_stable__a_maximum__b_maximum,dry_stable,maximum,maximum,B,17,98.000000
dry_stable__a_maximum__b_maximum,dry_stable,maximum,maximum,B,18,98.000000
dry_stable__a_maximum__b_maximum,dry_stable,maximum,maximum,B,19,98.000000
dry_stable__a_maximum__b_maximum,dry_stable,maximum,maximum,B,20,98.000000
dry_stable__a_maximum__b_maximum,dry_stable,maximum,maximum,B,21,98.000000
dry_stable__a_maximum__b_maximum,dry_stable,maximum,maximum,B,22,98.000000
dry_stable__a_maximum__b_maximum,dry_stable,maximum,maximum,B,23,98.000000
dry_variable__a_off__b_off,dry_variable,off,off,A,0,0.000000
dry_variable__a_off__b_off,dry_variable,off,off,A,1,0.000000
dry_variable__a_off__b_off,dry_variable,off,off,A,2,0.000000
dry_variable__a_off__b_off,dry_variable,off,off,A,3,0.000000
dry_variable__a_off__b_off,dry_variable,off,off,A,4,0.000000
dry_variable__a_off__b_off,dry_variable,off,off,A,5,0.000000
dry_variable__a_off__b_off,dry_variable,off,off,A,6,0.000000
dry_variable__a_off__b_off,dry_variable,off,off,A,7,0.000000
dry_variable__a_off__b_off,dry_variable,off,off,A,8,0.000000
dry_variable__a_off__b_off,dry_variable,off,off,A,9,0.000000
dry_variable__a_off__b_off,dry_variable,off,off,A,10,0.000000
dry_variable__a_off__b_off,dry_variable,off,off,A,11,0.000000
dry_variable__a_off__b_off,dry_variable,off,off,A,12,0.000000
dry_variable__a_off__b_off,dry_variable,off,off,A,13,0.000000
dry_variable__a_off__b_off,dry_variable,off,off,A,14,0.000000
dry_variable__a_off__b_off,dry_variable,off,off,A,15,0.000000
dry_variable__a_off__b_off,dry_variable,off,off,A,16,0.000000
dry_variable__a_off__b_off,dry_variable,off,off,A,17,0.000000
dry_variable__a_off__b_off,dry_variable,off,off,A,18,0.000000
dry_variable__a_off__b_off,dry_variable,off,off,A,19,0.000000
dry_variable__a_off__b_off,dry_variable,off,off,A,20,0.000000
dry_variable__a_off__b_off,dry_variable,off,off,A,21,0.000000
dry_variable__a_off__b_off,dry_variable,off,off,A,22,0.000000
dry_variable__a_off__b_off,dry_variable,off,off,A,23,0.000000
dry_variable__a_off__b_off,dry_variable,off,off,B,0,0.000000
dry_variable__a_off__b_off,dry_variable,off,off,B,1,0.000000
dry_variable__a_off__b_off,dry_variable,off,off,B,2,0.000000
dry_variable__a_off__b_off,dry_variable,off,off,B,3,0.000000
dry_variable__a_off__b_off,dry_variable,off,off,B,4,0.000000
dry_variable__a_off__b_off,dry_variable,off,off,B,5,0.000000
dry_variable__a_off__b_off,dry_variable,off,off,B,6,0.000000
dry_variable__a_off__b_off,dry_variable,off,off,B,7,0.000000
dry_variable__a_off__b_off,dry_variable,off,off,B,8,0.000000
dry_variable__a_off__b_off,dry_variable,off,off,B,9,0.000000
dry_variable__a_off__b_off,dry_variable,off,off,B,10,0.000000
dry_variable__a_off__b_off,dry_variable,off,off,B,11,0.000000
dry_variable__a_off__b_off,dry_variable,off,off,B,12,0.000000
dry_variable__a_off__b_off,dry_variable,off,off,B,13,0.000000
dry_variable__a_off__b_off,dry_variable,off,off,B,14,0.000000
dry_variable__a_off__b_off,dry_variable,off,off,B,15,0.000000
dry_variable__a_off__b_off,dry_variable,off,off,B,16,0.000000
dry_variable__a_off__b_off,dry_variable,off,off,B,17,0.000000
dry_variable__a_off__b_off,dry_variable,off,off,B,18,0.000000
dry_variable__a_off__b_off,dry_variable,off,off,B,19,0.000000
dry_variable__a_off__b_off,dry_variable,off,off,B,20,0.000000
dry_variable__a_off__b_off,dry_variable,off,off,B,21,0.000000
dry_variable__a_off__b_off,dry_variable,off,off,B,22,0.000000
dry_variable__a_off__b_off,dry_variable,off,off,B,23,0.000000
dry_variable__a_off__b_minimum,dry_variable,off,minimum,A,0,0.000000
dry_variable__a_off__b_minimum,dry_variable,off,minimum,A,1,0.000000
dry_variable__a_off__b_minimum,dry_variable,off,minimum,A,2,0.000000
dry_variable__a_off__b_minimum,dry_variable,off,minimum,A,3,0.000000
dry_variable__a_off__b_minimum,dry_variable,off,minimum,A,4,0.000000
dry_variable__a_off__b_minimum,dry_variable,off,minimum,A,5,0.000000
dry_variable__a_off__b_minimum,dry_variable,off,minimum,A,6,0.000000
dry_variable__a_off__b_minimum,dry_variable,off,minimum,A,7,0.000000
dry_variable__a_off__b_minimum,dry_variable,off,minimum,A,8,0.000000
dry_variable__a_off__b_minimum,dry_variable,off,minimum,A,9,0.000000
dry_variable__a_off__b_minimum,dry_variable,off,minimum,A,10,0.000000
dry_variable__a_off__b_minimum,dry_variable,off,minimum,A,11,0.000000
dry_variable__a_off__b_minimum,dry_variable,off,minimum,A,12,0.000000
dry_variable__a_off__b_minimum,dry_variable,off,minimum,A,13,0.000000
dry_variable__a_off__b_minimum,dry_variable,off,minimum,A,14,0.000000
dry_variable__a_off__b_minimum,dry_variable,off,minimum,A,15,0.000000
dry_variable__a_off__b_minimum,dry_variable,off,minimum,A,16,0.000000
dry_variable__a_off__b_minimum,dry_variable,off,minimum,A,17,0.000000
dry_variable__a_off__b_minimum,dry_variable,off,minimum,A,18,0.000000
dry_variable__a_off__b_minimum,dry_variable,off,minimum,A,19,0.000000
dry_variable__a_off__b_minimum,dry_variable,off,minimum,A,20,0.000000
dry_variable__a_off__b_minimum,dry_variable,off,minimum,A,21,0.000000
dry_variable__a_off__b_minimum,dry_variable,off,minimum,A,22,0.000000
dry_variable__a_off__b_minimum,dry_variable,off,minimum,A,23,0.000000
dry_variable__a_off__b_minimum,dry_variable,off,minimum,B,0,32.000000
dry_variable__a_off__b_minimum,dry_variable,off,minimum,B,1,32.000000
dry_variable__a_off__b_minimum,dry_variable,off,minimum,B,2,32.000000
dry_variable__a_off__b_minimum,dry_variable,off,minimum,B,3,32.000000
dry_variable__a_off__b_minimum,dry_variable,off,minimum,B,4,32.000000
dry_variable__a_off__b_minimum,dry_variable,off,minimum,B,5,32.000000
dry_variable__a_off__b_minimum,dry_variable,off,minimum,B,6,32.000000
dry_variable__a_off__b_minimum,dry_variable,off,minimum,B,7,32.000000
dry_variable__a_off__b_minimum,dry_variable,off,minimum,B,8,32.000000
dry_variable__a_off__b_minimum,dry_variable,off,minimum,B,9,32.000000
dry_variable__a_off__b_minimum,dry_variable,off,minimum,B,10,32.000000
dry_variable__a_off__b_minimum,dry_variable,off,minimum,B,11,32.000000
dry_variable__a_off__b_minimum,dry_variable,off,minimum,B,12,32.000000
dry_variable__a_off__b_minimum,dry_variable,off,minimum,B,13,32.000000
dry_variable__a_off__b_minimum,dry_variable,off,minimum,B,14,32.000000
dry_variable__a_off__b_minimum,dry_variable,off,minimum,B,15,32.000000
dry_variable__a_off__b_minimum,dry_variable,off,minimum,B,16,32.000000
dry_variable__a_off__b_minimum,dry_variable,off,minimum,B,17,32.000000
dry_variable__a_off__b_minimum,dry_variable,off,minimum,B,18,32.000000
dry_variable__a_off__b_minimum,dry_variable,off,minimum,B,19,32.000000
dry_variable__a_off__b_minimum,dry_variable,off,minimum,B,20,32.000000
dry_variable__a_off__b_minimum,dry_variable,off,minimum,B,21,32.000000
dry_variable__a_off__b_minimum,dry_variable,off,minimum,B,22,32.000000
dry_variable__a_off__b_minimum,dry_variable,off,minimum,B,23,32.000000
dry_variable__a_off__b_quarter,dry_variable,off,quarter,A,0,0.000000
dry_variable__a_off__b_quarter,dry_variable,off,quarter,A,1,0.000000
dry_variable__a_off__b_quarter,dry_variable,off,quarter,A,2,0.000000
dry_variable__a_off__b_quarter,dry_variable,off,quarter,A,3,0.000000
dry_variable__a_off__b_quarter,dry_variable,off,quarter,A,4,0.000000
dry_variable__a_off__b_quarter,dry_variable,off,quarter,A,5,0.000000
dry_variable__a_off__b_quarter,dry_variable,off,quarter,A,6,0.000000
dry_variable__a_off__b_quarter,dry_variable,off,quarter,A,7,0.000000
dry_variable__a_off__b_quarter,dry_variable,off,quarter,A,8,0.000000
dry_variable__a_off__b_quarter,dry_variable,off,quarter,A,9,0.000000
dry_variable__a_off__b_quarter,dry_variable,off,quarter,A,10,0.000000
dry_variable__a_off__b_quarter,dry_variable,off,quarter,A,11,0.000000
dry_variable__a_off__b_quarter,dry_variable,off,quarter,A,12,0.000000
dry_variable__a_off__b_quarter,dry_variable,off,quarter,A,13,0.000000
dry_variable__a_off__b_quarter,dry_variable,off,quarter,A,14,0.000000
dry_variable__a_off__b_quarter,dry_variable,off,quarter,A,15,0.000000
dry_variable__a_off__b_quarter,dry_variable,off,quarter,A,16,0.000000
dry_variable__a_off__b_quarter,dry_variable,off,quarter,A,17,0.000000
dry_variable__a_off__b_quarter,dry_variable,off,quarter,A,18,0.000000
dry_variable__a_off__b_quarter,dry_variable,off,quarter,A,19,0.000000
dry_variable__a_off__b_quarter,dry_variable,off,quarter,A,20,0.000000
dry_variable__a_off__b_quarter,dry_variable,off,quarter,A,21,0.000000
dry_variable__a_off__b_quarter,dry_variable,off,quarter,A,22,0.000000
dry_variable__a_off__b_quarter,dry_variable,off,quarter,A,23,0.000000
dry_variable__a_off__b_quarter,dry_variable,off,quarter,B,0,48.500000
dry_variable__a_off__b_quarter,dry_variable,off,quarter,B,1,48.500000
dry_variable__a_off__b_quarter,dry_variable,off,quarter,B,2,48.500000
dry_variable__a_off__b_quarter,dry_variable,off,quarter,B,3,48.500000
dry_variable__a_off__b_quarter,dry_variable,off,quarter,B,4,48.500000
dry_variable__a_off__b_quarter,dry_variable,off,quarter,B,5,48.500000
dry_variable__a_off__b_quarter,dry_variable,off,quarter,B,6,48.500000
dry_variable__a_off__b_quarter,dry_variable,off,quarter,B,7,48.500000
dry_variable__a_off__b_quarter,dry_variable,off,quarter,B,8,48.500000
dry_variable__a_off__b_quarter,dry_variable,off,quarter,B,9,48.500000
dry_variable__a_off__b_quarter,dry_variable,off,quarter,B,10,48.500000
dry_variable__a_off__b_quarter,dry_variable,off,quarter,B,11,48.500000
dry_variable__a_off__b_quarter,dry_variable,off,quarter,B,12,48.500000
dry_variable__a_off__b_quarter,dry_variable,off,quarter,B,13,48.500000
dry_variable__a_off__b_quarter,dry_variable,off,quarter,B,14,48.500000
dry_variable__a_off__b_quarter,dry_variable,off,quarter,B,15,48.500000
dry_variable__a_off__b_quarter,dry_variable,off,quarter,B,16,48.500000
dry_variable__a_off__b_quarter,dry_variable,off,quarter,B,17,48.500000
dry_variable__a_off__b_quarter,dry_variable,off,quarter,B,18,48.500000
dry_variable__a_off__b_quarter,dry_variable,off,quarter,B,19,48.500000
dry_variable__a_off__b_quarter,dry_variable,off,quarter,B,20,48.500000
dry_variable__a_off__b_quarter,dry_variable,off,quarter,B,21,48.500000
dry_variable__a_off__b_quarter,dry_variable,off,quarter,B,22,48.500000
dry_variable__a_off__b_quarter,dry_variable,off,quarter,B,23,48.500000
dry_variable__a_off__b_half,dry_variable,off,half,A,0,0.000000
dry_variable__a_off__b_half,dry_variable,off,half,A,1,0.000000
dry_variable__a_off__b_half,dry_variable,off,half,A,2,0.000000
dry_variable__a_off__b_half,dry_variable,off,half,A,3,0.000000
dry_variable__a_off__b_half,dry_variable,off,half,A,4,0.000000
dry_variable__a_off__b_half,dry_variable,off,half,A,5,0.000000
dry_variable__a_off__b_half,dry_variable,off,half,A,6,0.000000
dry_variable__a_off__b_half,dry_variable,off,half,A,7,0.000000
dry_variable__a_off__b_half,dry_variable,off,half,A,8,0.000000
dry_variable__a_off__b_half,dry_variable,off,half,A,9,0.000000
dry_variable__a_off__b_half,dry_variable,off,half,A,10,0.000000
dry_variable__a_off__b_half,dry_variable,off,half,A,11,0.000000
dry_variable__a_off__b_half,dry_variable,off,half,A,12,0.000000
dry_variable__a_off__b_half,dry_variable,off,half,A,13,0.000000
dry_variable__a_off__b_half,dry_variable,off,half,A,14,0.000000
dry_variable__a_off__b_half,dry_variable,off,half,A,15,0.000000
dry_variable__a_off__b_half,dry_variable,off,half,A,16,0.000000
dry_variable__a_off__b_half,dry_variable,off,half,A,17,0.000000
dry_variable__a_off__b_half,dry_variable,off,half,A,18,0.000000
dry_variable__a_off__b_half,dry_variable,off,half,A,19,0.000000
dry_variable__a_off__b_half,dry_variable,off,half,A,20,0.000000
dry_variable__a_off__b_half,dry_variable,off,half,A,21,0.000000
dry_variable__a_off__b_half,dry_variable,off,half,A,22,0.000000
dry_variable__a_off__b_half,dry_variable,off,half,A,23,0.000000
dry_variable__a_off__b_half,dry_variable,off,half,B,0,65.000000
dry_variable__a_off__b_half,dry_variable,off,half,B,1,65.000000
dry_variable__a_off__b_half,dry_variable,off,half,B,2,65.000000
dry_variable__a_off__b_half,dry_variable,off,half,B,3,65.000000
dry_variable__a_off__b_half,dry_variable,off,half,B,4,65.000000
dry_variable__a_off__b_half,dry_variable,off,half,B,5,65.000000
dry_variable__a_off__b_half,dry_variable,off,half,B,6,65.000000
dry_variable__a_off__b_half,dry_variable,off,half,B,7,65.000000
dry_variable__a_off__b_half,dry_variable,off,half,B,8,65.000000
dry_variable__a_off__b_half,dry_variable,off,half,B,9,65.000000
dry_variable__a_off__b_half,dry_variable,off,half,B,10,65.000000
dry_variable__a_off__b_half,dry_variable,off,half,B,11,65.000000
dry_variable__a_off__b_half,dry_variable,off,half,B,12,65.000000
dry_variable__a_off__b_half,dry_variable,off,half,B,13,65.000000
dry_variable__a_off__b_half,dry_variable,off,half,B,14,65.000000
dry_variable__a_off__b_half,dry_variable,off,half,B,15,65.000000
dry_variable__a_off__b_half,dry_variable,off,half,B,16,65.000000
dry_variable__a_off__b_half,dry_variable,off,half,B,17,65.000000
dry_variable__a_off__b_half,dry_variable,off,half,B,18,65.000000
dry_variable__a_off__b_half,dry_variable,off,half,B,19,65.000000
dry_variable__a_off__b_half,dry_variable,off,half,B,20,65.000000
dry_variable__a_off__b_half,dry_variable,off,half,B,21,65.000000
dry_variable__a_off__b_half,dry_variable,off,half,B,22,65.000000
dry_variable__a_off__b_half,dry_variable,off,half,B,23,65.000000
dry_variable__a_off__b_three_quarters,dry_variable,off,three_quarters,A,0,0.000000
dry_variable__a_off__b_three_quarters,dry_variable,off,three_quarters,A,1,0.000000
dry_variable__a_off__b_three_quarters,dry_variable,off,three_quarters,A,2,0.000000
dry_variable__a_off__b_three_quarters,dry_variable,off,three_quarters,A,3,0.000000
dry_variable__a_off__b_three_quarters,dry_variable,off,three_quarters,A,4,0.000000
dry_variable__a_off__b_three_quarters,dry_variable,off,three_quarters,A,5,0.000000
dry_variable__a_off__b_three_quarters,dry_variable,off,three_quarters,A,6,0.000000
dry_variable__a_off__b_three_quarters,dry_variable,off,three_quarters,A,7,0.000000
dry_variable__a_off__b_three_quarters,dry_variable,off,three_quarters,A,8,0.000000
dry_variable__a_off__b_three_quarters,dry_variable,off,three_quarters,A,9,0.000000
dry_variable__a_off__b_three_quarters,dry_variable,off,three_quarters,A,10,0.000000
dry_variable__a_off__b_three_quarters,dry_variable,off,three_quarters,A,11,0.000000
dry_variable__a_off__b_three_quarters,dry_variable,off,three_quarters,A,12,0.000000
dry_variable__a_off__b_three_quarters,dry_variable,off,three_quarters,A,13,0.000000
dry_variable__a_off__b_three_quarters,dry_variable,off,three_quarters,A,14,0.000000
dry_variable__a_off__b_three_quarters,dry_variable,off,three_quarters,A,15,0.000000
dry_variable__a_off__b_three_quarters,dry_variable,off,three_quarters,A,16,0.000000
dry_variable__a_off__b_three_quarters,dry_variable,off,three_quarters,A,17,0.000000
dry_variable__a_off__b_three_quarters,dry_variable,off,three_quarters,A,18,0.000000
dry_variable__a_off__b_three_quarters,dry_variable,off,three_quarters,A,19,0.000000
dry_variable__a_off__b_three_quarters,dry_variable,off,three_quarters,A,20,0.000000
dry_variable__a_off__b_three_quarters,dry_variable,off,three_quarters,A,21,0.000000
dry_variable__a_off__b_three_quarters,dry_variable,off,three_quarters,A,22,0.000000
dry_variable__a_off__b_three_quarters,dry_variable,off,three_quarters,A,23,0.000000
dry_variable__a_off__b_three_quarters,dry_variable,off,three_quarters,B,0,81.500000
dry_variable__a_off__b_three_quarters,dry_variable,off,three_quarters,B,1,81.500000
dry_variable__a_off__b_three_quarters,dry_variable,off,three_quarters,B,2,81.500000
dry_variable__a_off__b_three_quarters,dry_variable,off,three_quarters,B,3,81.500000
dry_variable__a_off__b_three_quarters,dry_variable,off,three_quarters,B,4,81.500000
dry_variable__a_off__b_three_quarters,dry_variable,off,three_quarters,B,5,81.500000
dry_variable__a_off__b_three_quarters,dry_variable,off,three_quarters,B,6,81.500000
dry_variable__a_off__b_three_quarters,dry_variable,off,three_quarters,B,7,81.500000
dry_variable__a_off__b_three_quarters,dry_variable,off,three_quarters,B,8,81.500000
dry_variable__a_off__b_three_quarters,dry_variable,off,three_quarters,B,9,81.500000
dry_variable__a_off__b_three_quarters,dry_variable,off,three_quarters,B,10,81.500000
dry_variable__a_off__b_three_quarters,dry_variable,off,three_quarters,B,11,81.500000
dry_variable__a_off__b_three_quarters,dry_variable,off,three_quarters,B,12,81.500000
dry_variable__a_off__b_three_quarters,dry_variable,off,three_quarters,B,13,81.500000
dry_variable__a_off__b_three_quarters,dry_variable,off,three_quarters,B,14,81.500000
dry_variable__a_off__b_three_quarters,dry_variable,off,three_quarters,B,15,81.500000
dry_variable__a_off__b_three_quarters,dry_variable,off,three_quarters,B,16,81.500000
dry_variable__a_off__b_three_quarters,dry_variable,off,three_quarters,B,17,81.500000
dry_variable__a_off__b_three_quarters,dry_variable,off,three_quarters,B,18,81.500000
dry_variable__a_off__b_three_quarters,dry_variable,off,three_quarters,B,19,81.500000
dry_variable__a_off__b_three_quarters,dry_variable,off,three_quarters,B,20,81.500000
dry_variable__a_off__b_three_quarters,dry_variable,off,three_quarters,B,21,81.500000
dry_variable__a_off__b_three_quarters,dry_variable,off,three_quarters,B,22,81.500000
dry_variable__a_off__b_three_quarters,dry_variable,off,three_quarters,B,23,81.500000
dry_variable__a_off__b_maximum,dry_variable,off,maximum,A,0,0.000000
dry_variable__a_off__b_maximum,dry_variable,off,maximum,A,1,0.000000
dry_variable__a_off__b_maximum,dry_variable,off,maximum,A,2,0.000000
dry_variable__a_off__b_maximum,dry_variable,off,maximum,A,3,0.000000
dry_variable__a_off__b_maximum,dry_variable,off,maximum,A,4,0.000000
dry_variable__a_off__b_maximum,dry_variable,off,maximum,A,5,0.000000
dry_variable__a_off__b_maximum,dry_variable,off,maximum,A,6,0.000000
dry_variable__a_off__b_maximum,dry_variable,off,maximum,A,7,0.000000
dry_variable__a_off__b_maximum,dry_variable,off,maximum,A,8,0.000000
dry_variable__a_off__b_maximum,dry_variable,off,maximum,A,9,0.000000
dry_variable__a_off__b_maximum,dry_variable,off,maximum,A,10,0.000000
dry_variable__a_off__b_maximum,dry_variable,off,maximum,A,11,0.000000
dry_variable__a_off__b_maximum,dry_variable,off,maximum,A,12,0.000000
dry_variable__a_off__b_maximum,dry_variable,off,maximum,A,13,0.000000
dry_variable__a_off__b_maximum,dry_variable,off,maximum,A,14,0.000000
dry_variable__a_off__b_maximum,dry_variable,off,maximum,A,15,0.000000
dry_variable__a_off__b_maximum,dry_variable,off,maximum,A,16,0.000000
dry_variable__a_off__b_maximum,dry_variable,off,maximum,A,17,0.000000
dry_variable__a_off__b_maximum,dry_variable,off,maximum,A,18,0.000000
dry_variable__a_off__b_maximum,dry_variable,off,maximum,A,19,0.000000
dry_variable__a_off__b_maximum,dry_variable,off,maximum,A,20,0.000000
dry_variable__a_off__b_maximum,dry_variable,off,maximum,A,21,0.000000
dry_variable__a_off__b_maximum,dry_variable,off,maximum,A,22,0.000000
dry_variable__a_off__b_maximum,dry_variable,off,maximum,A,23,0.000000
dry_variable__a_off__b_maximum,dry_variable,off,maximum,B,0,98.000000
dry_variable__a_off__b_maximum,dry_variable,off,maximum,B,1,98.000000
dry_variable__a_off__b_maximum,dry_variable,off,maximum,B,2,98.000000
dry_variable__a_off__b_maximum,dry_variable,off,maximum,B,3,98.000000
dry_variable__a_off__b_maximum,dry_variable,off,maximum,B,4,98.000000
dry_variable__a_off__b_maximum,dry_variable,off,maximum,B,5,98.000000
dry_variable__a_off__b_maximum,dry_variable,off,maximum,B,6,98.000000
dry_variable__a_off__b_maximum,dry_variable,off,maximum,B,7,98.000000
dry_variable__a_off__b_maximum,dry_variable,off,maximum,B,8,98.000000
dry_variable__a_off__b_maximum,dry_variable,off,maximum,B,9,98.000000
dry_variable__a_off__b_maximum,dry_variable,off,maximum,B,10,98.000000
dry_variable__a_off__b_maximum,dry_variable,off,maximum,B,11,98.000000
dry_variable__a_off__b_maximum,dry_variable,off,maximum,B,12,98.000000
dry_variable__a_off__b_maximum,dry_variable,off,maximum,B,13,98.000000
dry_variable__a_off__b_maximum,dry_variable,off,maximum,B,14,98.000000
dry_variable__a_off__b_maximum,dry_variable,off,maximum,B,15,98.000000
dry_variable__a_off__b_maximum,dry_variable,off,maximum,B,16,98.000000
dry_variable__a_off__b_maximum,dry_variable,off,maximum,B,17,98.000000
dry_variable__a_off__b_maximum,dry_variable,off,maximum,B,18,98.000000
dry_variable__a_off__b_maximum,dry_variable,off,maximum,B,19,98.000000
dry_variable__a_off__b_maximum,dry_variable,off,maximum,B,20,98.000000
dry_variable__a_off__b_maximum,dry_variable,off,maximum,B,21,98.000000
dry_variable__a_off__b_maximum,dry_variable,off,maximum,B,22,98.000000
dry_variable__a_off__b_maximum,dry_variable,off,maximum,B,23,98.000000
dry_variable__a_minimum__b_off,dry_variable,minimum,off,A,0,45.000000
dry_variable__a_minimum__b_off,dry_variable,minimum,off,A,1,45.000000
dry_variable__a_minimum__b_off,dry_variable,minimum,off,A,2,45.000000
dry_variable__a_minimum__b_off,dry_variable,minimum,off,A,3,45.000000
dry_variable__a_minimum__b_off,dry_variable,minimum,off,A,4,45.000000
dry_variable__a_minimum__b_off,dry_variable,minimum,off,A,5,45.000000
dry_variable__a_minimum__b_off,dry_variable,minimum,off,A,6,45.000000
dry_variable__a_minimum__b_off,dry_variable,minimum,off,A,7,45.000000
dry_variable__a_minimum__b_off,dry_variable,minimum,off,A,8,45.000000
dry_variable__a_minimum__b_off,dry_variable,minimum,off,A,9,45.000000
dry_variable__a_minimum__b_off,dry_variable,minimum,off,A,10,45.000000
dry_variable__a_minimum__b_off,dry_variable,minimum,off,A,11,45.000000
dry_variable__a_minimum__b_off,dry_variable,minimum,off,A,12,45.000000
dry_variable__a_minimum__b_off,dry_variable,minimum,off,A,13,45.000000
dry_variable__a_minimum__b_off,dry_variable,minimum,off,A,14,45.000000
dry_variable__a_minimum__b_off,dry_variable,minimum,off,A,15,45.000000
dry_variable__a_minimum__b_off,dry_variable,minimum,off,A,16,45.000000
dry_variable__a_minimum__b_off,dry_variable,minimum,off,A,17,45.000000
dry_variable__a_minimum__b_off,dry_variable,minimum,off,A,18,45.000000
dry_variable__a_minimum__b_off,dry_variable,minimum,off,A,19,45.000000
dry_variable__a_minimum__b_off,dry_variable,minimum,off,A,20,45.000000
dry_variable__a_minimum__b_off,dry_variable,minimum,off,A,21,45.000000
dry_variable__a_minimum__b_off,dry_variable,minimum,off,A,22,45.000000
dry_variable__a_minimum__b_off,dry_variable,minimum,off,A,23,45.000000
dry_variable__a_minimum__b_off,dry_variable,minimum,off,B,0,0.000000
dry_variable__a_minimum__b_off,dry_variable,minimum,off,B,1,0.000000
dry_variable__a_minimum__b_off,dry_variable,minimum,off,B,2,0.000000
dry_variable__a_minimum__b_off,dry_variable,minimum,off,B,3,0.000000
dry_variable__a_minimum__b_off,dry_variable,minimum,off,B,4,0.000000
dry_variable__a_minimum__b_off,dry_variable,minimum,off,B,5,0.000000
dry_variable__a_minimum__b_off,dry_variable,minimum,off,B,6,0.000000
dry_variable__a_minimum__b_off,dry_variable,minimum,off,B,7,0.000000
dry_variable__a_minimum__b_off,dry_variable,minimum,off,B,8,0.000000
dry_variable__a_minimum__b_off,dry_variable,minimum,off,B,9,0.000000
dry_variable__a_minimum__b_off,dry_variable,minimum,off,B,10,0.000000
dry_variable__a_minimum__b_off,dry_variable,minimum,off,B,11,0.000000
dry_variable__a_minimum__b_off,dry_variable,minimum,off,B,12,0.000000
dry_variable__a_minimum__b_off,dry_variable,minimum,off,B,13,0.000000
dry_variable__a_minimum__b_off,dry_variable,minimum,off,B,14,0.000000
dry_variable__a_minimum__b_off,dry_variable,minimum,off,B,15,0.000000
dry_variable__a_minimum__b_off,dry_variable,minimum,off,B,16,0.000000
dry_variable__a_minimum__b_off,dry_variable,minimum,off,B,17,0.000000
dry_variable__a_minimum__b_off,dry_variable,minimum,off,B,18,0.000000
dry_variable__a_minimum__b_off,dry_variable,minimum,off,B,19,0.000000
dry_variable__a_minimum__b_off,dry_variable,minimum,off,B,20,0.000000
dry_variable__a_minimum__b_off,dry_variable,minimum,off,B,21,0.000000
dry_variable__a_minimum__b_off,dry_variable,minimum,off,B,22,0.000000
dry_variable__a_minimum__b_off,dry_variable,minimum,off,B,23,0.000000
dry_variable__a_minimum__b_minimum,dry_variable,minimum,minimum,A,0,45.000000
dry_variable__a_minimum__b_minimum,dry_variable,minimum,minimum,A,1,45.000000
dry_variable__a_minimum__b_minimum,dry_variable,minimum,minimum,A,2,45.000000
dry_variable__a_minimum__b_minimum,dry_variable,minimum,minimum,A,3,45.000000
dry_variable__a_minimum__b_minimum,dry_variable,minimum,minimum,A,4,45.000000
dry_variable__a_minimum__b_minimum,dry_variable,minimum,minimum,A,5,45.000000
dry_variable__a_minimum__b_minimum,dry_variable,minimum,minimum,A,6,45.000000
dry_variable__a_minimum__b_minimum,dry_variable,minimum,minimum,A,7,45.000000
dry_variable__a_minimum__b_minimum,dry_variable,minimum,minimum,A,8,45.000000
dry_variable__a_minimum__b_minimum,dry_variable,minimum,minimum,A,9,45.000000
dry_variable__a_minimum__b_minimum,dry_variable,minimum,minimum,A,10,45.000000
dry_variable__a_minimum__b_minimum,dry_variable,minimum,minimum,A,11,45.000000
dry_variable__a_minimum__b_minimum,dry_variable,minimum,minimum,A,12,45.000000
dry_variable__a_minimum__b_minimum,dry_variable,minimum,minimum,A,13,45.000000
dry_variable__a_minimum__b_minimum,dry_variable,minimum,minimum,A,14,45.000000
dry_variable__a_minimum__b_minimum,dry_variable,minimum,minimum,A,15,45.000000
dry_variable__a_minimum__b_minimum,dry_variable,minimum,minimum,A,16,45.000000
dry_variable__a_minimum__b_minimum,dry_variable,minimum,minimum,A,17,45.000000
dry_variable__a_minimum__b_minimum,dry_variable,minimum,minimum,A,18,45.000000
dry_variable__a_minimum__b_minimum,dry_variable,minimum,minimum,A,19,45.000000
dry_variable__a_minimum__b_minimum,dry_variable,minimum,minimum,A,20,45.000000
dry_variable__a_minimum__b_minimum,dry_variable,minimum,minimum,A,21,45.000000
dry_variable__a_minimum__b_minimum,dry_variable,minimum,minimum,A,22,45.000000
dry_variable__a_minimum__b_minimum,dry_variable,minimum,minimum,A,23,45.000000
dry_variable__a_minimum__b_minimum,dry_variable,minimum,minimum,B,0,32.000000
dry_variable__a_minimum__b_minimum,dry_variable,minimum,minimum,B,1,32.000000
dry_variable__a_minimum__b_minimum,dry_variable,minimum,minimum,B,2,32.000000
dry_variable__a_minimum__b_minimum,dry_variable,minimum,minimum,B,3,32.000000
dry_variable__a_minimum__b_minimum,dry_variable,minimum,minimum,B,4,32.000000
dry_variable__a_minimum__b_minimum,dry_variable,minimum,minimum,B,5,32.000000
dry_variable__a_minimum__b_minimum,dry_variable,minimum,minimum,B,6,32.000000
dry_variable__a_minimum__b_minimum,dry_variable,minimum,minimum,B,7,32.000000
dry_variable__a_minimum__b_minimum,dry_variable,minimum,minimum,B,8,32.000000
dry_variable__a_minimum__b_minimum,dry_variable,minimum,minimum,B,9,32.000000
dry_variable__a_minimum__b_minimum,dry_variable,minimum,minimum,B,10,32.000000
dry_variable__a_minimum__b_minimum,dry_variable,minimum,minimum,B,11,32.000000
dry_variable__a_minimum__b_minimum,dry_variable,minimum,minimum,B,12,32.000000
dry_variable__a_minimum__b_minimum,dry_variable,minimum,minimum,B,13,32.000000
dry_variable__a_minimum__b_minimum,dry_variable,minimum,minimum,B,14,32.000000
dry_variable__a_minimum__b_minimum,dry_variable,minimum,minimum,B,15,32.000000
dry_variable__a_minimum__b_minimum,dry_variable,minimum,minimum,B,16,32.000000
dry_variable__a_minimum__b_minimum,dry_variable,minimum,minimum,B,17,32.000000
dry_variable__a_minimum__b_minimum,dry_variable,minimum,minimum,B,18,32.000000
dry_variable__a_minimum__b_minimum,dry_variable,minimum,minimum,B,19,32.000000
dry_variable__a_minimum__b_minimum,dry_variable,minimum,minimum,B,20,32.000000
dry_variable__a_minimum__b_minimum,dry_variable,minimum,minimum,B,21,32.000000
dry_variable__a_minimum__b_minimum,dry_variable,minimum,minimum,B,22,32.000000
dry_variable__a_minimum__b_minimum,dry_variable,minimum,minimum,B,23,32.000000
dry_variable__a_minimum__b_quarter,dry_variable,minimum,quarter,A,0,45.000000
dry_variable__a_minimum__b_quarter,dry_variable,minimum,quarter,A,1,45.000000
dry_variable__a_minimum__b_quarter,dry_variable,minimum,quarter,A,2,45.000000
dry_variable__a_minimum__b_quarter,dry_variable,minimum,quarter,A,3,45.000000
dry_variable__a_minimum__b_quarter,dry_variable,minimum,quarter,A,4,45.000000
dry_variable__a_minimum__b_quarter,dry_variable,minimum,quarter,A,5,45.000000
dry_variable__a_minimum__b_quarter,dry_variable,minimum,quarter,A,6,45.000000
dry_variable__a_minimum__b_quarter,dry_variable,minimum,quarter,A,7,45.000000
dry_variable__a_minimum__b_quarter,dry_variable,minimum,quarter,A,8,45.000000
dry_variable__a_minimum__b_quarter,dry_variable,minimum,quarter,A,9,45.000000
dry_variable__a_minimum__b_quarter,dry_variable,minimum,quarter,A,10,45.000000
dry_variable__a_minimum__b_quarter,dry_variable,minimum,quarter,A,11,45.000000
dry_variable__a_minimum__b_quarter,dry_variable,minimum,quarter,A,12,45.000000
dry_variable__a_minimum__b_quarter,dry_variable,minimum,quarter,A,13,45.000000
dry_variable__a_minimum__b_quarter,dry_variable,minimum,quarter,A,14,45.000000
dry_variable__a_minimum__b_quarter,dry_variable,minimum,quarter,A,15,45.000000
dry_variable__a_minimum__b_quarter,dry_variable,minimum,quarter,A,16,45.000000
dry_variable__a_minimum__b_quarter,dry_variable,minimum,quarter,A,17,45.000000
dry_variable__a_minimum__b_quarter,dry_variable,minimum,quarter,A,18,45.000000
dry_variable__a_minimum__b_quarter,dry_variable,minimum,quarter,A,19,45.000000
dry_variable__a_minimum__b_quarter,dry_variable,minimum,quarter,A,20,45.000000
dry_variable__a_minimum__b_quarter,dry_variable,minimum,quarter,A,21,45.000000
dry_variable__a_minimum__b_quarter,dry_variable,minimum,quarter,A,22,45.000000
dry_variable__a_minimum__b_quarter,dry_variable,minimum,quarter,A,23,45.000000
dry_variable__a_minimum__b_quarter,dry_variable,minimum,quarter,B,0,48.500000
dry_variable__a_minimum__b_quarter,dry_variable,minimum,quarter,B,1,48.500000
dry_variable__a_minimum__b_quarter,dry_variable,minimum,quarter,B,2,48.500000
dry_variable__a_minimum__b_quarter,dry_variable,minimum,quarter,B,3,48.500000
dry_variable__a_minimum__b_quarter,dry_variable,minimum,quarter,B,4,48.500000
dry_variable__a_minimum__b_quarter,dry_variable,minimum,quarter,B,5,48.500000
dry_variable__a_minimum__b_quarter,dry_variable,minimum,quarter,B,6,48.500000
dry_variable__a_minimum__b_quarter,dry_variable,minimum,quarter,B,7,48.500000
dry_variable__a_minimum__b_quarter,dry_variable,minimum,quarter,B,8,48.500000
dry_variable__a_minimum__b_quarter,dry_variable,minimum,quarter,B,9,48.500000
dry_variable__a_minimum__b_quarter,dry_variable,minimum,quarter,B,10,48.500000
dry_variable__a_minimum__b_quarter,dry_variable,minimum,quarter,B,11,48.500000
dry_variable__a_minimum__b_quarter,dry_variable,minimum,quarter,B,12,48.500000
dry_variable__a_minimum__b_quarter,dry_variable,minimum,quarter,B,13,48.500000
dry_variable__a_minimum__b_quarter,dry_variable,minimum,quarter,B,14,48.500000
dry_variable__a_minimum__b_quarter,dry_variable,minimum,quarter,B,15,48.500000
dry_variable__a_minimum__b_quarter,dry_variable,minimum,quarter,B,16,48.500000
dry_variable__a_minimum__b_quarter,dry_variable,minimum,quarter,B,17,48.500000
dry_variable__a_minimum__b_quarter,dry_variable,minimum,quarter,B,18,48.500000
dry_variable__a_minimum__b_quarter,dry_variable,minimum,quarter,B,19,48.500000
dry_variable__a_minimum__b_quarter,dry_variable,minimum,quarter,B,20,48.500000
dry_variable__a_minimum__b_quarter,dry_variable,minimum,quarter,B,21,48.500000
dry_variable__a_minimum__b_quarter,dry_variable,minimum,quarter,B,22,48.500000
dry_variable__a_minimum__b_quarter,dry_variable,minimum,quarter,B,23,48.500000
dry_variable__a_minimum__b_half,dry_variable,minimum,half,A,0,45.000000
dry_variable__a_minimum__b_half,dry_variable,minimum,half,A,1,45.000000
dry_variable__a_minimum__b_half,dry_variable,minimum,half,A,2,45.000000
dry_variable__a_minimum__b_half,dry_variable,minimum,half,A,3,45.000000
dry_variable__a_minimum__b_half,dry_variable,minimum,half,A,4,45.000000
dry_variable__a_minimum__b_half,dry_variable,minimum,half,A,5,45.000000
dry_variable__a_minimum__b_half,dry_variable,minimum,half,A,6,45.000000
dry_variable__a_minimum__b_half,dry_variable,minimum,half,A,7,45.000000
dry_variable__a_minimum__b_half,dry_variable,minimum,half,A,8,45.000000
dry_variable__a_minimum__b_half,dry_variable,minimum,half,A,9,45.000000
dry_variable__a_minimum__b_half,dry_variable,minimum,half,A,10,45.000000
dry_variable__a_minimum__b_half,dry_variable,minimum,half,A,11,45.000000
dry_variable__a_minimum__b_half,dry_variable,minimum,half,A,12,45.000000
dry_variable__a_minimum__b_half,dry_variable,minimum,half,A,13,45.000000
dry_variable__a_minimum__b_half,dry_variable,minimum,half,A,14,45.000000
dry_variable__a_minimum__b_half,dry_variable,minimum,half,A,15,45.000000
dry_variable__a_minimum__b_half,dry_variable,minimum,half,A,16,45.000000
dry_variable__a_minimum__b_half,dry_variable,minimum,half,A,17,45.000000
dry_variable__a_minimum__b_half,dry_variable,minimum,half,A,18,45.000000
dry_variable__a_minimum__b_half,dry_variable,minimum,half,A,19,45.000000
dry_variable__a_minimum__b_half,dry_variable,minimum,half,A,20,45.000000
dry_variable__a_minimum__b_half,dry_variable,minimum,half,A,21,45.000000
dry_variable__a_minimum__b_half,dry_variable,minimum,half,A,22,45.000000
dry_variable__a_minimum__b_half,dry_variable,minimum,half,A,23,45.000000
dry_variable__a_minimum__b_half,dry_variable,minimum,half,B,0,65.000000
dry_variable__a_minimum__b_half,dry_variable,minimum,half,B,1,65.000000
dry_variable__a_minimum__b_half,dry_variable,minimum,half,B,2,65.000000
dry_variable__a_minimum__b_half,dry_variable,minimum,half,B,3,65.000000
dry_variable__a_minimum__b_half,dry_variable,minimum,half,B,4,65.000000
dry_variable__a_minimum__b_half,dry_variable,minimum,half,B,5,65.000000
dry_variable__a_minimum__b_half,dry_variable,minimum,half,B,6,65.000000
dry_variable__a_minimum__b_half,dry_variable,minimum,half,B,7,65.000000
dry_variable__a_minimum__b_half,dry_variable,minimum,half,B,8,65.000000
dry_variable__a_minimum__b_half,dry_variable,minimum,half,B,9,65.000000
dry_variable__a_minimum__b_half,dry_variable,minimum,half,B,10,65.000000
dry_variable__a_minimum__b_half,dry_variable,minimum,half,B,11,65.000000
dry_variable__a_minimum__b_half,dry_variable,minimum,half,B,12,65.000000
dry_variable__a_minimum__b_half,dry_variable,minimum,half,B,13,65.000000
dry_variable__a_minimum__b_half,dry_variable,minimum,half,B,14,65.000000
dry_variable__a_minimum__b_half,dry_variable,minimum,half,B,15,65.000000
dry_variable__a_minimum__b_half,dry_variable,minimum,half,B,16,65.000000
dry_variable__a_minimum__b_half,dry_variable,minimum,half,B,17,65.000000
dry_variable__a_minimum__b_half,dry_variable,minimum,half,B,18,65.000000
dry_variable__a_minimum__b_half,dry_variable,minimum,half,B,19,65.000000
dry_variable__a_minimum__b_half,dry_variable,minimum,half,B,20,65.000000
dry_variable__a_minimum__b_half,dry_variable,minimum,half,B,21,65.000000
dry_variable__a_minimum__b_half,dry_variable,minimum,half,B,22,65.000000
dry_variable__a_minimum__b_half,dry_variable,minimum,half,B,23,65.000000
dry_variable__a_minimum__b_three_quarters,dry_variable,minimum,three_quarters,A,0,45.000000
dry_variable__a_minimum__b_three_quarters,dry_variable,minimum,three_quarters,A,1,45.000000
dry_variable__a_minimum__b_three_quarters,dry_variable,minimum,three_quarters,A,2,45.000000
dry_variable__a_minimum__b_three_quarters,dry_variable,minimum,three_quarters,A,3,45.000000
dry_variable__a_minimum__b_three_quarters,dry_variable,minimum,three_quarters,A,4,45.000000
dry_variable__a_minimum__b_three_quarters,dry_variable,minimum,three_quarters,A,5,45.000000
dry_variable__a_minimum__b_three_quarters,dry_variable,minimum,three_quarters,A,6,45.000000
dry_variable__a_minimum__b_three_quarters,dry_variable,minimum,three_quarters,A,7,45.000000
dry_variable__a_minimum__b_three_quarters,dry_variable,minimum,three_quarters,A,8,45.000000
dry_variable__a_minimum__b_three_quarters,dry_variable,minimum,three_quarters,A,9,45.000000
dry_variable__a_minimum__b_three_quarters,dry_variable,minimum,three_quarters,A,10,45.000000
dry_variable__a_minimum__b_three_quarters,dry_variable,minimum,three_quarters,A,11,45.000000
dry_variable__a_minimum__b_three_quarters,dry_variable,minimum,three_quarters,A,12,45.000000
dry_variable__a_minimum__b_three_quarters,dry_variable,minimum,three_quarters,A,13,45.000000
dry_variable__a_minimum__b_three_quarters,dry_variable,minimum,three_quarters,A,14,45.000000
dry_variable__a_minimum__b_three_quarters,dry_variable,minimum,three_quarters,A,15,45.000000
dry_variable__a_minimum__b_three_quarters,dry_variable,minimum,three_quarters,A,16,45.000000
dry_variable__a_minimum__b_three_quarters,dry_variable,minimum,three_quarters,A,17,45.000000
dry_variable__a_minimum__b_three_quarters,dry_variable,minimum,three_quarters,A,18,45.000000
dry_variable__a_minimum__b_three_quarters,dry_variable,minimum,three_quarters,A,19,45.000000
dry_variable__a_minimum__b_three_quarters,dry_variable,minimum,three_quarters,A,20,45.000000
dry_variable__a_minimum__b_three_quarters,dry_variable,minimum,three_quarters,A,21,45.000000
dry_variable__a_minimum__b_three_quarters,dry_variable,minimum,three_quarters,A,22,45.000000
dry_variable__a_minimum__b_three_quarters,dry_variable,minimum,three_quarters,A,23,45.000000
dry_variable__a_minimum__b_three_quarters,dry_variable,minimum,three_quarters,B,0,81.500000
dry_variable__a_minimum__b_three_quarters,dry_variable,minimum,three_quarters,B,1,81.500000
dry_variable__a_minimum__b_three_quarters,dry_variable,minimum,three_quarters,B,2,81.500000
dry_variable__a_minimum__b_three_quarters,dry_variable,minimum,three_quarters,B,3,81.500000
dry_variable__a_minimum__b_three_quarters,dry_variable,minimum,three_quarters,B,4,81.500000
dry_variable__a_minimum__b_three_quarters,dry_variable,minimum,three_quarters,B,5,81.500000
dry_variable__a_minimum__b_three_quarters,dry_variable,minimum,three_quarters,B,6,81.500000
dry_variable__a_minimum__b_three_quarters,dry_variable,minimum,three_quarters,B,7,81.500000
dry_variable__a_minimum__b_three_quarters,dry_variable,minimum,three_quarters,B,8,81.500000
dry_variable__a_minimum__b_three_quarters,dry_variable,minimum,three_quarters,B,9,81.500000
dry_variable__a_minimum__b_three_quarters,dry_variable,minimum,three_quarters,B,10,81.500000
dry_variable__a_minimum__b_three_quarters,dry_variable,minimum,three_quarters,B,11,81.500000
dry_variable__a_minimum__b_three_quarters,dry_variable,minimum,three_quarters,B,12,81.500000
dry_variable__a_minimum__b_three_quarters,dry_variable,minimum,three_quarters,B,13,81.500000
dry_variable__a_minimum__b_three_quarters,dry_variable,minimum,three_quarters,B,14,81.500000
dry_variable__a_minimum__b_three_quarters,dry_variable,minimum,three_quarters,B,15,81.500000
dry_variable__a_minimum__b_three_quarters,dry_variable,minimum,three_quarters,B,16,81.500000
dry_variable__a_minimum__b_three_quarters,dry_variable,minimum,three_quarters,B,17,81.500000
dry_variable__a_minimum__b_three_quarters,dry_variable,minimum,three_quarters,B,18,81.500000
dry_variable__a_minimum__b_three_quarters,dry_variable,minimum,three_quarters,B,19,81.500000
dry_variable__a_minimum__b_three_quarters,dry_variable,minimum,three_quarters,B,20,81.500000
dry_variable__a_minimum__b_three_quarters,dry_variable,minimum,three_quarters,B,21,81.500000
dry_variable__a_minimum__b_three_quarters,dry_variable,minimum,three_quarters,B,22,81.500000
dry_variable__a_minimum__b_three_quarters,dry_variable,minimum,three_quarters,B,23,81.500000
dry_variable__a_minimum__b_maximum,dry_variable,minimum,maximum,A,0,45.000000
dry_variable__a_minimum__b_maximum,dry_variable,minimum,maximum,A,1,45.000000
dry_variable__a_minimum__b_maximum,dry_variable,minimum,maximum,A,2,45.000000
dry_variable__a_minimum__b_maximum,dry_variable,minimum,maximum,A,3,45.000000
dry_variable__a_minimum__b_maximum,dry_variable,minimum,maximum,A,4,45.000000
dry_variable__a_minimum__b_maximum,dry_variable,minimum,maximum,A,5,45.000000
dry_variable__a_minimum__b_maximum,dry_variable,minimum,maximum,A,6,45.000000
dry_variable__a_minimum__b_maximum,dry_variable,minimum,maximum,A,7,45.000000
dry_variable__a_minimum__b_maximum,dry_variable,minimum,maximum,A,8,45.000000
dry_variable__a_minimum__b_maximum,dry_variable,minimum,maximum,A,9,45.000000
dry_variable__a_minimum__b_maximum,dry_variable,minimum,maximum,A,10,45.000000
dry_variable__a_minimum__b_maximum,dry_variable,minimum,maximum,A,11,45.000000
dry_variable__a_minimum__b_maximum,dry_variable,minimum,maximum,A,12,45.000000
dry_variable__a_minimum__b_maximum,dry_variable,minimum,maximum,A,13,45.000000
dry_variable__a_minimum__b_maximum,dry_variable,minimum,maximum,A,14,45.000000
dry_variable__a_minimum__b_maximum,dry_variable,minimum,maximum,A,15,45.000000
dry_variable__a_minimum__b_maximum,dry_variable,minimum,maximum,A,16,45.000000
dry_variable__a_minimum__b_maximum,dry_variable,minimum,maximum,A,17,45.000000
dry_variable__a_minimum__b_maximum,dry_variable,minimum,maximum,A,18,45.000000
dry_variable__a_minimum__b_maximum,dry_variable,minimum,maximum,A,19,45.000000
dry_variable__a_minimum__b_maximum,dry_variable,minimum,maximum,A,20,45.000000
dry_variable__a_minimum__b_maximum,dry_variable,minimum,maximum,A,21,45.000000
dry_variable__a_minimum__b_maximum,dry_variable,minimum,maximum,A,22,45.000000
dry_variable__a_minimum__b_maximum,dry_variable,minimum,maximum,A,23,45.000000
dry_variable__a_minimum__b_maximum,dry_variable,minimum,maximum,B,0,98.000000
dry_variable__a_minimum__b_maximum,dry_variable,minimum,maximum,B,1,98.000000
dry_variable__a_minimum__b_maximum,dry_variable,minimum,maximum,B,2,98.000000
dry_variable__a_minimum__b_maximum,dry_variable,minimum,maximum,B,3,98.000000
dry_variable__a_minimum__b_maximum,dry_variable,minimum,maximum,B,4,98.000000
dry_variable__a_minimum__b_maximum,dry_variable,minimum,maximum,B,5,98.000000
dry_variable__a_minimum__b_maximum,dry_variable,minimum,maximum,B,6,98.000000
dry_variable__a_minimum__b_maximum,dry_variable,minimum,maximum,B,7,98.000000
dry_variable__a_minimum__b_maximum,dry_variable,minimum,maximum,B,8,98.000000
dry_variable__a_minimum__b_maximum,dry_variable,minimum,maximum,B,9,98.000000
dry_variable__a_minimum__b_maximum,dry_variable,minimum,maximum,B,10,98.000000
dry_variable__a_minimum__b_maximum,dry_variable,minimum,maximum,B,11,98.000000
dry_variable__a_minimum__b_maximum,dry_variable,minimum,maximum,B,12,98.000000
dry_variable__a_minimum__b_maximum,dry_variable,minimum,maximum,B,13,98.000000
dry_variable__a_minimum__b_maximum,dry_variable,minimum,maximum,B,14,98.000000
dry_variable__a_minimum__b_maximum,dry_variable,minimum,maximum,B,15,98.000000
dry_variable__a_minimum__b_maximum,dry_variable,minimum,maximum,B,16,98.000000
dry_variable__a_minimum__b_maximum,dry_variable,minimum,maximum,B,17,98.000000
dry_variable__a_minimum__b_maximum,dry_variable,minimum,maximum,B,18,98.000000
dry_variable__a_minimum__b_maximum,dry_variable,minimum,maximum,B,19,98.000000
dry_variable__a_minimum__b_maximum,dry_variable,minimum,maximum,B,20,98.000000
dry_variable__a_minimum__b_maximum,dry_variable,minimum,maximum,B,21,98.000000
dry_variable__a_minimum__b_maximum,dry_variable,minimum,maximum,B,22,98.000000
dry_variable__a_minimum__b_maximum,dry_variable,minimum,maximum,B,23,98.000000
dry_variable__a_quarter__b_off,dry_variable,quarter,off,A,0,65.750000
dry_variable__a_quarter__b_off,dry_variable,quarter,off,A,1,65.750000
dry_variable__a_quarter__b_off,dry_variable,quarter,off,A,2,65.750000
dry_variable__a_quarter__b_off,dry_variable,quarter,off,A,3,65.750000
dry_variable__a_quarter__b_off,dry_variable,quarter,off,A,4,65.750000
dry_variable__a_quarter__b_off,dry_variable,quarter,off,A,5,65.750000
dry_variable__a_quarter__b_off,dry_variable,quarter,off,A,6,65.750000
dry_variable__a_quarter__b_off,dry_variable,quarter,off,A,7,65.750000
dry_variable__a_quarter__b_off,dry_variable,quarter,off,A,8,65.750000
dry_variable__a_quarter__b_off,dry_variable,quarter,off,A,9,65.750000
dry_variable__a_quarter__b_off,dry_variable,quarter,off,A,10,65.750000
dry_variable__a_quarter__b_off,dry_variable,quarter,off,A,11,65.750000
dry_variable__a_quarter__b_off,dry_variable,quarter,off,A,12,65.750000
dry_variable__a_quarter__b_off,dry_variable,quarter,off,A,13,65.750000
dry_variable__a_quarter__b_off,dry_variable,quarter,off,A,14,65.750000
dry_variable__a_quarter__b_off,dry_variable,quarter,off,A,15,65.750000
dry_variable__a_quarter__b_off,dry_variable,quarter,off,A,16,65.750000
dry_variable__a_quarter__b_off,dry_variable,quarter,off,A,17,65.750000
dry_variable__a_quarter__b_off,dry_variable,quarter,off,A,18,65.750000
dry_variable__a_quarter__b_off,dry_variable,quarter,off,A,19,65.750000
dry_variable__a_quarter__b_off,dry_variable,quarter,off,A,20,65.750000
dry_variable__a_quarter__b_off,dry_variable,quarter,off,A,21,65.750000
dry_variable__a_quarter__b_off,dry_variable,quarter,off,A,22,65.750000
dry_variable__a_quarter__b_off,dry_variable,quarter,off,A,23,65.750000
dry_variable__a_quarter__b_off,dry_variable,quarter,off,B,0,0.000000
dry_variable__a_quarter__b_off,dry_variable,quarter,off,B,1,0.000000
dry_variable__a_quarter__b_off,dry_variable,quarter,off,B,2,0.000000
dry_variable__a_quarter__b_off,dry_variable,quarter,off,B,3,0.000000
dry_variable__a_quarter__b_off,dry_variable,quarter,off,B,4,0.000000
dry_variable__a_quarter__b_off,dry_variable,quarter,off,B,5,0.000000
dry_variable__a_quarter__b_off,dry_variable,quarter,off,B,6,0.000000
dry_variable__a_quarter__b_off,dry_variable,quarter,off,B,7,0.000000
dry_variable__a_quarter__b_off,dry_variable,quarter,off,B,8,0.000000
dry_variable__a_quarter__b_off,dry_variable,quarter,off,B,9,0.000000
dry_variable__a_quarter__b_off,dry_variable,quarter,off,B,10,0.000000
dry_variable__a_quarter__b_off,dry_variable,quarter,off,B,11,0.000000
dry_variable__a_quarter__b_off,dry_variable,quarter,off,B,12,0.000000
dry_variable__a_quarter__b_off,dry_variable,quarter,off,B,13,0.000000
dry_variable__a_quarter__b_off,dry_variable,quarter,off,B,14,0.000000
dry_variable__a_quarter__b_off,dry_variable,quarter,off,B,15,0.000000
dry_variable__a_quarter__b_off,dry_variable,quarter,off,B,16,0.000000
dry_variable__a_quarter__b_off,dry_variable,quarter,off,B,17,0.000000
dry_variable__a_quarter__b_off,dry_variable,quarter,off,B,18,0.000000
dry_variable__a_quarter__b_off,dry_variable,quarter,off,B,19,0.000000
dry_variable__a_quarter__b_off,dry_variable,quarter,off,B,20,0.000000
dry_variable__a_quarter__b_off,dry_variable,quarter,off,B,21,0.000000
dry_variable__a_quarter__b_off,dry_variable,quarter,off,B,22,0.000000
dry_variable__a_quarter__b_off,dry_variable,quarter,off,B,23,0.000000
dry_variable__a_quarter__b_minimum,dry_variable,quarter,minimum,A,0,65.750000
dry_variable__a_quarter__b_minimum,dry_variable,quarter,minimum,A,1,65.750000
dry_variable__a_quarter__b_minimum,dry_variable,quarter,minimum,A,2,65.750000
dry_variable__a_quarter__b_minimum,dry_variable,quarter,minimum,A,3,65.750000
dry_variable__a_quarter__b_minimum,dry_variable,quarter,minimum,A,4,65.750000
dry_variable__a_quarter__b_minimum,dry_variable,quarter,minimum,A,5,65.750000
dry_variable__a_quarter__b_minimum,dry_variable,quarter,minimum,A,6,65.750000
dry_variable__a_quarter__b_minimum,dry_variable,quarter,minimum,A,7,65.750000
dry_variable__a_quarter__b_minimum,dry_variable,quarter,minimum,A,8,65.750000
dry_variable__a_quarter__b_minimum,dry_variable,quarter,minimum,A,9,65.750000
dry_variable__a_quarter__b_minimum,dry_variable,quarter,minimum,A,10,65.750000
dry_variable__a_quarter__b_minimum,dry_variable,quarter,minimum,A,11,65.750000
dry_variable__a_quarter__b_minimum,dry_variable,quarter,minimum,A,12,65.750000
dry_variable__a_quarter__b_minimum,dry_variable,quarter,minimum,A,13,65.750000
dry_variable__a_quarter__b_minimum,dry_variable,quarter,minimum,A,14,65.750000
dry_variable__a_quarter__b_minimum,dry_variable,quarter,minimum,A,15,65.750000
dry_variable__a_quarter__b_minimum,dry_variable,quarter,minimum,A,16,65.750000
dry_variable__a_quarter__b_minimum,dry_variable,quarter,minimum,A,17,65.750000
dry_variable__a_quarter__b_minimum,dry_variable,quarter,minimum,A,18,65.750000
dry_variable__a_quarter__b_minimum,dry_variable,quarter,minimum,A,19,65.750000
dry_variable__a_quarter__b_minimum,dry_variable,quarter,minimum,A,20,65.750000
dry_variable__a_quarter__b_minimum,dry_variable,quarter,minimum,A,21,65.750000
dry_variable__a_quarter__b_minimum,dry_variable,quarter,minimum,A,22,65.750000
dry_variable__a_quarter__b_minimum,dry_variable,quarter,minimum,A,23,65.750000
dry_variable__a_quarter__b_minimum,dry_variable,quarter,minimum,B,0,32.000000
dry_variable__a_quarter__b_minimum,dry_variable,quarter,minimum,B,1,32.000000
dry_variable__a_quarter__b_minimum,dry_variable,quarter,minimum,B,2,32.000000
dry_variable__a_quarter__b_minimum,dry_variable,quarter,minimum,B,3,32.000000
dry_variable__a_quarter__b_minimum,dry_variable,quarter,minimum,B,4,32.000000
dry_variable__a_quarter__b_minimum,dry_variable,quarter,minimum,B,5,32.000000
dry_variable__a_quarter__b_minimum,dry_variable,quarter,minimum,B,6,32.000000
dry_variable__a_quarter__b_minimum,dry_variable,quarter,minimum,B,7,32.000000
dry_variable__a_quarter__b_minimum,dry_variable,quarter,minimum,B,8,32.000000
dry_variable__a_quarter__b_minimum,dry_variable,quarter,minimum,B,9,32.000000
dry_variable__a_quarter__b_minimum,dry_variable,quarter,minimum,B,10,32.000000
dry_variable__a_quarter__b_minimum,dry_variable,quarter,minimum,B,11,32.000000
dry_variable__a_quarter__b_minimum,dry_variable,quarter,minimum,B,12,32.000000
dry_variable__a_quarter__b_minimum,dry_variable,quarter,minimum,B,13,32.000000
dry_variable__a_quarter__b_minimum,dry_variable,quarter,minimum,B,14,32.000000
dry_variable__a_quarter__b_minimum,dry_variable,quarter,minimum,B,15,32.000000
dry_variable__a_quarter__b_minimum,dry_variable,quarter,minimum,B,16,32.000000
dry_variable__a_quarter__b_minimum,dry_variable,quarter,minimum,B,17,32.000000
dry_variable__a_quarter__b_minimum,dry_variable,quarter,minimum,B,18,32.000000
dry_variable__a_quarter__b_minimum,dry_variable,quarter,minimum,B,19,32.000000
dry_variable__a_quarter__b_minimum,dry_variable,quarter,minimum,B,20,32.000000
dry_variable__a_quarter__b_minimum,dry_variable,quarter,minimum,B,21,32.000000
dry_variable__a_quarter__b_minimum,dry_variable,quarter,minimum,B,22,32.000000
dry_variable__a_quarter__b_minimum,dry_variable,quarter,minimum,B,23,32.000000
dry_variable__a_quarter__b_quarter,dry_variable,quarter,quarter,A,0,65.750000
dry_variable__a_quarter__b_quarter,dry_variable,quarter,quarter,A,1,65.750000
dry_variable__a_quarter__b_quarter,dry_variable,quarter,quarter,A,2,65.750000
dry_variable__a_quarter__b_quarter,dry_variable,quarter,quarter,A,3,65.750000
dry_variable__a_quarter__b_quarter,dry_variable,quarter,quarter,A,4,65.750000
dry_variable__a_quarter__b_quarter,dry_variable,quarter,quarter,A,5,65.750000
dry_variable__a_quarter__b_quarter,dry_variable,quarter,quarter,A,6,65.750000
dry_variable__a_quarter__b_quarter,dry_variable,quarter,quarter,A,7,65.750000
dry_variable__a_quarter__b_quarter,dry_variable,quarter,quarter,A,8,65.750000
dry_variable__a_quarter__b_quarter,dry_variable,quarter,quarter,A,9,65.750000
dry_variable__a_quarter__b_quarter,dry_variable,quarter,quarter,A,10,65.750000
dry_variable__a_quarter__b_quarter,dry_variable,quarter,quarter,A,11,65.750000
dry_variable__a_quarter__b_quarter,dry_variable,quarter,quarter,A,12,65.750000
dry_variable__a_quarter__b_quarter,dry_variable,quarter,quarter,A,13,65.750000
dry_variable__a_quarter__b_quarter,dry_variable,quarter,quarter,A,14,65.750000
dry_variable__a_quarter__b_quarter,dry_variable,quarter,quarter,A,15,65.750000
dry_variable__a_quarter__b_quarter,dry_variable,quarter,quarter,A,16,65.750000
dry_variable__a_quarter__b_quarter,dry_variable,quarter,quarter,A,17,65.750000
dry_variable__a_quarter__b_quarter,dry_variable,quarter,quarter,A,18,65.750000
dry_variable__a_quarter__b_quarter,dry_variable,quarter,quarter,A,19,65.750000
dry_variable__a_quarter__b_quarter,dry_variable,quarter,quarter,A,20,65.750000
dry_variable__a_quarter__b_quarter,dry_variable,quarter,quarter,A,21,65.750000
dry_variable__a_quarter__b_quarter,dry_variable,quarter,quarter,A,22,65.750000
dry_variable__a_quarter__b_quarter,dry_variable,quarter,quarter,A,23,65.750000
dry_variable__a_quarter__b_quarter,dry_variable,quarter,quarter,B,0,48.500000
dry_variable__a_quarter__b_quarter,dry_variable,quarter,quarter,B,1,48.500000
dry_variable__a_quarter__b_quarter,dry_variable,quarter,quarter,B,2,48.500000
dry_variable__a_quarter__b_quarter,dry_variable,quarter,quarter,B,3,48.500000
dry_variable__a_quarter__b_quarter,dry_variable,quarter,quarter,B,4,48.500000
dry_variable__a_quarter__b_quarter,dry_variable,quarter,quarter,B,5,48.500000
dry_variable__a_quarter__b_quarter,dry_variable,quarter,quarter,B,6,48.500000
dry_variable__a_quarter__b_quarter,dry_variable,quarter,quarter,B,7,48.500000
dry_variable__a_quarter__b_quarter,dry_variable,quarter,quarter,B,8,48.500000
dry_variable__a_quarter__b_quarter,dry_variable,quarter,quarter,B,9,48.500000
dry_variable__a_quarter__b_quarter,dry_variable,quarter,quarter,B,10,48.500000
dry_variable__a_quarter__b_quarter,dry_variable,quarter,quarter,B,11,48.500000
dry_variable__a_quarter__b_quarter,dry_variable,quarter,quarter,B,12,48.500000
dry_variable__a_quarter__b_quarter,dry_variable,quarter,quarter,B,13,48.500000
dry_variable__a_quarter__b_quarter,dry_variable,quarter,quarter,B,14,48.500000
dry_variable__a_quarter__b_quarter,dry_variable,quarter,quarter,B,15,48.500000
dry_variable__a_quarter__b_quarter,dry_variable,quarter,quarter,B,16,48.500000
dry_variable__a_quarter__b_quarter,dry_variable,quarter,quarter,B,17,48.500000
dry_variable__a_quarter__b_quarter,dry_variable,quarter,quarter,B,18,48.500000
dry_variable__a_quarter__b_quarter,dry_variable,quarter,quarter,B,19,48.500000
dry_variable__a_quarter__b_quarter,dry_variable,quarter,quarter,B,20,48.500000
dry_variable__a_quarter__b_quarter,dry_variable,quarter,quarter,B,21,48.500000
dry_variable__a_quarter__b_quarter,dry_variable,quarter,quarter,B,22,48.500000
dry_variable__a_quarter__b_quarter,dry_variable,quarter,quarter,B,23,48.500000
dry_variable__a_quarter__b_half,dry_variable,quarter,half,A,0,65.750000
dry_variable__a_quarter__b_half,dry_variable,quarter,half,A,1,65.750000
dry_variable__a_quarter__b_half,dry_variable,quarter,half,A,2,65.750000
dry_variable__a_quarter__b_half,dry_variable,quarter,half,A,3,65.750000
dry_variable__a_quarter__b_half,dry_variable,quarter,half,A,4,65.750000
dry_variable__a_quarter__b_half,dry_variable,quarter,half,A,5,65.750000
dry_variable__a_quarter__b_half,dry_variable,quarter,half,A,6,65.750000
dry_variable__a_quarter__b_half,dry_variable,quarter,half,A,7,65.750000
dry_variable__a_quarter__b_half,dry_variable,quarter,half,A,8,65.750000
dry_variable__a_quarter__b_half,dry_variable,quarter,half,A,9,65.750000
dry_variable__a_quarter__b_half,dry_variable,quarter,half,A,10,65.750000
dry_variable__a_quarter__b_half,dry_variable,quarter,half,A,11,65.750000
dry_variable__a_quarter__b_half,dry_variable,quarter,half,A,12,65.750000
dry_variable__a_quarter__b_half,dry_variable,quarter,half,A,13,65.750000
dry_variable__a_quarter__b_half,dry_variable,quarter,half,A,14,65.750000
dry_variable__a_quarter__b_half,dry_variable,quarter,half,A,15,65.750000
dry_variable__a_quarter__b_half,dry_variable,quarter,half,A,16,65.750000
dry_variable__a_quarter__b_half,dry_variable,quarter,half,A,17,65.750000
dry_variable__a_quarter__b_half,dry_variable,quarter,half,A,18,65.750000
dry_variable__a_quarter__b_half,dry_variable,quarter,half,A,19,65.750000
dry_variable__a_quarter__b_half,dry_variable,quarter,half,A,20,65.750000
dry_variable__a_quarter__b_half,dry_variable,quarter,half,A,21,65.750000
dry_variable__a_quarter__b_half,dry_variable,quarter,half,A,22,65.750000
dry_variable__a_quarter__b_half,dry_variable,quarter,half,A,23,65.750000
dry_variable__a_quarter__b_half,dry_variable,quarter,half,B,0,65.000000
dry_variable__a_quarter__b_half,dry_variable,quarter,half,B,1,65.000000
dry_variable__a_quarter__b_half,dry_variable,quarter,half,B,2,65.000000
dry_variable__a_quarter__b_half,dry_variable,quarter,half,B,3,65.000000
dry_variable__a_quarter__b_half,dry_variable,quarter,half,B,4,65.000000
dry_variable__a_quarter__b_half,dry_variable,quarter,half,B,5,65.000000
dry_variable__a_quarter__b_half,dry_variable,quarter,half,B,6,65.000000
dry_variable__a_quarter__b_half,dry_variable,quarter,half,B,7,65.000000
dry_variable__a_quarter__b_half,dry_variable,quarter,half,B,8,65.000000
dry_variable__a_quarter__b_half,dry_variable,quarter,half,B,9,65.000000
dry_variable__a_quarter__b_half,dry_variable,quarter,half,B,10,65.000000
dry_variable__a_quarter__b_half,dry_variable,quarter,half,B,11,65.000000
dry_variable__a_quarter__b_half,dry_variable,quarter,half,B,12,65.000000
dry_variable__a_quarter__b_half,dry_variable,quarter,half,B,13,65.000000
dry_variable__a_quarter__b_half,dry_variable,quarter,half,B,14,65.000000
dry_variable__a_quarter__b_half,dry_variable,quarter,half,B,15,65.000000
dry_variable__a_quarter__b_half,dry_variable,quarter,half,B,16,65.000000
dry_variable__a_quarter__b_half,dry_variable,quarter,half,B,17,65.000000
dry_variable__a_quarter__b_half,dry_variable,quarter,half,B,18,65.000000
dry_variable__a_quarter__b_half,dry_variable,quarter,half,B,19,65.000000
dry_variable__a_quarter__b_half,dry_variable,quarter,half,B,20,65.000000
dry_variable__a_quarter__b_half,dry_variable,quarter,half,B,21,65.000000
dry_variable__a_quarter__b_half,dry_variable,quarter,half,B,22,65.000000
dry_variable__a_quarter__b_half,dry_variable,quarter,half,B,23,65.000000
dry_variable__a_quarter__b_three_quarters,dry_variable,quarter,three_quarters,A,0,65.750000
dry_variable__a_quarter__b_three_quarters,dry_variable,quarter,three_quarters,A,1,65.750000
dry_variable__a_quarter__b_three_quarters,dry_variable,quarter,three_quarters,A,2,65.750000
dry_variable__a_quarter__b_three_quarters,dry_variable,quarter,three_quarters,A,3,65.750000
dry_variable__a_quarter__b_three_quarters,dry_variable,quarter,three_quarters,A,4,65.750000
dry_variable__a_quarter__b_three_quarters,dry_variable,quarter,three_quarters,A,5,65.750000
dry_variable__a_quarter__b_three_quarters,dry_variable,quarter,three_quarters,A,6,65.750000
dry_variable__a_quarter__b_three_quarters,dry_variable,quarter,three_quarters,A,7,65.750000
dry_variable__a_quarter__b_three_quarters,dry_variable,quarter,three_quarters,A,8,65.750000
dry_variable__a_quarter__b_three_quarters,dry_variable,quarter,three_quarters,A,9,65.750000
dry_variable__a_quarter__b_three_quarters,dry_variable,quarter,three_quarters,A,10,65.750000
dry_variable__a_quarter__b_three_quarters,dry_variable,quarter,three_quarters,A,11,65.750000
dry_variable__a_quarter__b_three_quarters,dry_variable,quarter,three_quarters,A,12,65.750000
dry_variable__a_quarter__b_three_quarters,dry_variable,quarter,three_quarters,A,13,65.750000
dry_variable__a_quarter__b_three_quarters,dry_variable,quarter,three_quarters,A,14,65.750000
dry_variable__a_quarter__b_three_quarters,dry_variable,quarter,three_quarters,A,15,65.750000
dry_variable__a_quarter__b_three_quarters,dry_variable,quarter,three_quarters,A,16,65.750000
dry_variable__a_quarter__b_three_quarters,dry_variable,quarter,three_quarters,A,17,65.750000
dry_variable__a_quarter__b_three_quarters,dry_variable,quarter,three_quarters,A,18,65.750000
dry_variable__a_quarter__b_three_quarters,dry_variable,quarter,three_quarters,A,19,65.750000
dry_variable__a_quarter__b_three_quarters,dry_variable,quarter,three_quarters,A,20,65.750000
dry_variable__a_quarter__b_three_quarters,dry_variable,quarter,three_quarters,A,21,65.750000
dry_variable__a_quarter__b_three_quarters,dry_variable,quarter,three_quarters,A,22,65.750000
dry_variable__a_quarter__b_three_quarters,dry_variable,quarter,three_quarters,A,23,65.750000
dry_variable__a_quarter__b_three_quarters,dry_variable,quarter,three_quarters,B,0,81.500000
dry_variable__a_quarter__b_three_quarters,dry_variable,quarter,three_quarters,B,1,81.500000
dry_variable__a_quarter__b_three_quarters,dry_variable,quarter,three_quarters,B,2,81.500000
dry_variable__a_quarter__b_three_quarters,dry_variable,quarter,three_quarters,B,3,81.500000
dry_variable__a_quarter__b_three_quarters,dry_variable,quarter,three_quarters,B,4,81.500000
dry_variable__a_quarter__b_three_quarters,dry_variable,quarter,three_quarters,B,5,81.500000
dry_variable__a_quarter__b_three_quarters,dry_variable,quarter,three_quarters,B,6,81.500000
dry_variable__a_quarter__b_three_quarters,dry_variable,quarter,three_quarters,B,7,81.500000
dry_variable__a_quarter__b_three_quarters,dry_variable,quarter,three_quarters,B,8,81.500000
dry_variable__a_quarter__b_three_quarters,dry_variable,quarter,three_quarters,B,9,81.500000
dry_variable__a_quarter__b_three_quarters,dry_variable,quarter,three_quarters,B,10,81.500000
dry_variable__a_quarter__b_three_quarters,dry_variable,quarter,three_quarters,B,11,81.500000
dry_variable__a_quarter__b_three_quarters,dry_variable,quarter,three_quarters,B,12,81.500000
dry_variable__a_quarter__b_three_quarters,dry_variable,quarter,three_quarters,B,13,81.500000
dry_variable__a_quarter__b_three_quarters,dry_variable,quarter,three_quarters,B,14,81.500000
dry_variable__a_quarter__b_three_quarters,dry_variable,quarter,three_quarters,B,15,81.500000
dry_variable__a_quarter__b_three_quarters,dry_variable,quarter,three_quarters,B,16,81.500000
dry_variable__a_quarter__b_three_quarters,dry_variable,quarter,three_quarters,B,17,81.500000
dry_variable__a_quarter__b_three_quarters,dry_variable,quarter,three_quarters,B,18,81.500000
dry_variable__a_quarter__b_three_quarters,dry_variable,quarter,three_quarters,B,19,81.500000
dry_variable__a_quarter__b_three_quarters,dry_variable,quarter,three_quarters,B,20,81.500000
dry_variable__a_quarter__b_three_quarters,dry_variable,quarter,three_quarters,B,21,81.500000
dry_variable__a_quarter__b_three_quarters,dry_variable,quarter,three_quarters,B,22,81.500000
dry_variable__a_quarter__b_three_quarters,dry_variable,quarter,three_quarters,B,23,81.500000
dry_variable__a_quarter__b_maximum,dry_variable,quarter,maximum,A,0,65.750000
dry_variable__a_quarter__b_maximum,dry_variable,quarter,maximum,A,1,65.750000
dry_variable__a_quarter__b_maximum,dry_variable,quarter,maximum,A,2,65.750000
dry_variable__a_quarter__b_maximum,dry_variable,quarter,maximum,A,3,65.750000
dry_variable__a_quarter__b_maximum,dry_variable,quarter,maximum,A,4,65.750000
dry_variable__a_quarter__b_maximum,dry_variable,quarter,maximum,A,5,65.750000
dry_variable__a_quarter__b_maximum,dry_variable,quarter,maximum,A,6,65.750000
dry_variable__a_quarter__b_maximum,dry_variable,quarter,maximum,A,7,65.750000
dry_variable__a_quarter__b_maximum,dry_variable,quarter,maximum,A,8,65.750000
dry_variable__a_quarter__b_maximum,dry_variable,quarter,maximum,A,9,65.750000
dry_variable__a_quarter__b_maximum,dry_variable,quarter,maximum,A,10,65.750000
dry_variable__a_quarter__b_maximum,dry_variable,quarter,maximum,A,11,65.750000
dry_variable__a_quarter__b_maximum,dry_variable,quarter,maximum,A,12,65.750000
dry_variable__a_quarter__b_maximum,dry_variable,quarter,maximum,A,13,65.750000
dry_variable__a_quarter__b_maximum,dry_variable,quarter,maximum,A,14,65.750000
dry_variable__a_quarter__b_maximum,dry_variable,quarter,maximum,A,15,65.750000
dry_variable__a_quarter__b_maximum,dry_variable,quarter,maximum,A,16,65.750000
dry_variable__a_quarter__b_maximum,dry_variable,quarter,maximum,A,17,65.750000
dry_variable__a_quarter__b_maximum,dry_variable,quarter,maximum,A,18,65.750000
dry_variable__a_quarter__b_maximum,dry_variable,quarter,maximum,A,19,65.750000
dry_variable__a_quarter__b_maximum,dry_variable,quarter,maximum,A,20,65.750000
dry_variable__a_quarter__b_maximum,dry_variable,quarter,maximum,A,21,65.750000
dry_variable__a_quarter__b_maximum,dry_variable,quarter,maximum,A,22,65.750000
dry_variable__a_quarter__b_maximum,dry_variable,quarter,maximum,A,23,65.750000
dry_variable__a_quarter__b_maximum,dry_variable,quarter,maximum,B,0,98.000000
dry_variable__a_quarter__b_maximum,dry_variable,quarter,maximum,B,1,98.000000
dry_variable__a_quarter__b_maximum,dry_variable,quarter,maximum,B,2,98.000000
dry_variable__a_quarter__b_maximum,dry_variable,quarter,maximum,B,3,98.000000
dry_variable__a_quarter__b_maximum,dry_variable,quarter,maximum,B,4,98.000000
dry_variable__a_quarter__b_maximum,dry_variable,quarter,maximum,B,5,98.000000
dry_variable__a_quarter__b_maximum,dry_variable,quarter,maximum,B,6,98.000000
dry_variable__a_quarter__b_maximum,dry_variable,quarter,maximum,B,7,98.000000
dry_variable__a_quarter__b_maximum,dry_variable,quarter,maximum,B,8,98.000000
dry_variable__a_quarter__b_maximum,dry_variable,quarter,maximum,B,9,98.000000
dry_variable__a_quarter__b_maximum,dry_variable,quarter,maximum,B,10,98.000000
dry_variable__a_quarter__b_maximum,dry_variable,quarter,maximum,B,11,98.000000
dry_variable__a_quarter__b_maximum,dry_variable,quarter,maximum,B,12,98.000000
dry_variable__a_quarter__b_maximum,dry_variable,quarter,maximum,B,13,98.000000
dry_variable__a_quarter__b_maximum,dry_variable,quarter,maximum,B,14,98.000000
dry_variable__a_quarter__b_maximum,dry_variable,quarter,maximum,B,15,98.000000
dry_variable__a_quarter__b_maximum,dry_variable,quarter,maximum,B,16,98.000000
dry_variable__a_quarter__b_maximum,dry_variable,quarter,maximum,B,17,98.000000
dry_variable__a_quarter__b_maximum,dry_variable,quarter,maximum,B,18,98.000000
dry_variable__a_quarter__b_maximum,dry_variable,quarter,maximum,B,19,98.000000
dry_variable__a_quarter__b_maximum,dry_variable,quarter,maximum,B,20,98.000000
dry_variable__a_quarter__b_maximum,dry_variable,quarter,maximum,B,21,98.000000
dry_variable__a_quarter__b_maximum,dry_variable,quarter,maximum,B,22,98.000000
dry_variable__a_quarter__b_maximum,dry_variable,quarter,maximum,B,23,98.000000
dry_variable__a_half__b_off,dry_variable,half,off,A,0,86.500000
dry_variable__a_half__b_off,dry_variable,half,off,A,1,86.500000
dry_variable__a_half__b_off,dry_variable,half,off,A,2,86.500000
dry_variable__a_half__b_off,dry_variable,half,off,A,3,86.500000
dry_variable__a_half__b_off,dry_variable,half,off,A,4,86.500000
dry_variable__a_half__b_off,dry_variable,half,off,A,5,86.500000
dry_variable__a_half__b_off,dry_variable,half,off,A,6,86.500000
dry_variable__a_half__b_off,dry_variable,half,off,A,7,86.500000
dry_variable__a_half__b_off,dry_variable,half,off,A,8,86.500000
dry_variable__a_half__b_off,dry_variable,half,off,A,9,86.500000
dry_variable__a_half__b_off,dry_variable,half,off,A,10,86.500000
dry_variable__a_half__b_off,dry_variable,half,off,A,11,86.500000
dry_variable__a_half__b_off,dry_variable,half,off,A,12,86.500000
dry_variable__a_half__b_off,dry_variable,half,off,A,13,86.500000
dry_variable__a_half__b_off,dry_variable,half,off,A,14,86.500000
dry_variable__a_half__b_off,dry_variable,half,off,A,15,86.500000
dry_variable__a_half__b_off,dry_variable,half,off,A,16,86.500000
dry_variable__a_half__b_off,dry_variable,half,off,A,17,86.500000
dry_variable__a_half__b_off,dry_variable,half,off,A,18,86.500000
dry_variable__a_half__b_off,dry_variable,half,off,A,19,86.500000
dry_variable__a_half__b_off,dry_variable,half,off,A,20,86.500000
dry_variable__a_half__b_off,dry_variable,half,off,A,21,86.500000
dry_variable__a_half__b_off,dry_variable,half,off,A,22,86.500000
dry_variable__a_half__b_off,dry_variable,half,off,A,23,86.500000
dry_variable__a_half__b_off,dry_variable,half,off,B,0,0.000000
dry_variable__a_half__b_off,dry_variable,half,off,B,1,0.000000
dry_variable__a_half__b_off,dry_variable,half,off,B,2,0.000000
dry_variable__a_half__b_off,dry_variable,half,off,B,3,0.000000
dry_variable__a_half__b_off,dry_variable,half,off,B,4,0.000000
dry_variable__a_half__b_off,dry_variable,half,off,B,5,0.000000
dry_variable__a_half__b_off,dry_variable,half,off,B,6,0.000000
dry_variable__a_half__b_off,dry_variable,half,off,B,7,0.000000
dry_variable__a_half__b_off,dry_variable,half,off,B,8,0.000000
dry_variable__a_half__b_off,dry_variable,half,off,B,9,0.000000
dry_variable__a_half__b_off,dry_variable,half,off,B,10,0.000000
dry_variable__a_half__b_off,dry_variable,half,off,B,11,0.000000
dry_variable__a_half__b_off,dry_variable,half,off,B,12,0.000000
dry_variable__a_half__b_off,dry_variable,half,off,B,13,0.000000
dry_variable__a_half__b_off,dry_variable,half,off,B,14,0.000000
dry_variable__a_half__b_off,dry_variable,half,off,B,15,0.000000
dry_variable__a_half__b_off,dry_variable,half,off,B,16,0.000000
dry_variable__a_half__b_off,dry_variable,half,off,B,17,0.000000
dry_variable__a_half__b_off,dry_variable,half,off,B,18,0.000000
dry_variable__a_half__b_off,dry_variable,half,off,B,19,0.000000
dry_variable__a_half__b_off,dry_variable,half,off,B,20,0.000000
dry_variable__a_half__b_off,dry_variable,half,off,B,21,0.000000
dry_variable__a_half__b_off,dry_variable,half,off,B,22,0.000000
dry_variable__a_half__b_off,dry_variable,half,off,B,23,0.000000
dry_variable__a_half__b_minimum,dry_variable,half,minimum,A,0,86.500000
dry_variable__a_half__b_minimum,dry_variable,half,minimum,A,1,86.500000
dry_variable__a_half__b_minimum,dry_variable,half,minimum,A,2,86.500000
dry_variable__a_half__b_minimum,dry_variable,half,minimum,A,3,86.500000
dry_variable__a_half__b_minimum,dry_variable,half,minimum,A,4,86.500000
dry_variable__a_half__b_minimum,dry_variable,half,minimum,A,5,86.500000
dry_variable__a_half__b_minimum,dry_variable,half,minimum,A,6,86.500000
dry_variable__a_half__b_minimum,dry_variable,half,minimum,A,7,86.500000
dry_variable__a_half__b_minimum,dry_variable,half,minimum,A,8,86.500000
dry_variable__a_half__b_minimum,dry_variable,half,minimum,A,9,86.500000
dry_variable__a_half__b_minimum,dry_variable,half,minimum,A,10,86.500000
dry_variable__a_half__b_minimum,dry_variable,half,minimum,A,11,86.500000
dry_variable__a_half__b_minimum,dry_variable,half,minimum,A,12,86.500000
dry_variable__a_half__b_minimum,dry_variable,half,minimum,A,13,86.500000
dry_variable__a_half__b_minimum,dry_variable,half,minimum,A,14,86.500000
dry_variable__a_half__b_minimum,dry_variable,half,minimum,A,15,86.500000
dry_variable__a_half__b_minimum,dry_variable,half,minimum,A,16,86.500000
dry_variable__a_half__b_minimum,dry_variable,half,minimum,A,17,86.500000
dry_variable__a_half__b_minimum,dry_variable,half,minimum,A,18,86.500000
dry_variable__a_half__b_minimum,dry_variable,half,minimum,A,19,86.500000
dry_variable__a_half__b_minimum,dry_variable,half,minimum,A,20,86.500000
dry_variable__a_half__b_minimum,dry_variable,half,minimum,A,21,86.500000
dry_variable__a_half__b_minimum,dry_variable,half,minimum,A,22,86.500000
dry_variable__a_half__b_minimum,dry_variable,half,minimum,A,23,86.500000
dry_variable__a_half__b_minimum,dry_variable,half,minimum,B,0,32.000000
dry_variable__a_half__b_minimum,dry_variable,half,minimum,B,1,32.000000
dry_variable__a_half__b_minimum,dry_variable,half,minimum,B,2,32.000000
dry_variable__a_half__b_minimum,dry_variable,half,minimum,B,3,32.000000
dry_variable__a_half__b_minimum,dry_variable,half,minimum,B,4,32.000000
dry_variable__a_half__b_minimum,dry_variable,half,minimum,B,5,32.000000
dry_variable__a_half__b_minimum,dry_variable,half,minimum,B,6,32.000000
dry_variable__a_half__b_minimum,dry_variable,half,minimum,B,7,32.000000
dry_variable__a_half__b_minimum,dry_variable,half,minimum,B,8,32.000000
dry_variable__a_half__b_minimum,dry_variable,half,minimum,B,9,32.000000
dry_variable__a_half__b_minimum,dry_variable,half,minimum,B,10,32.000000
dry_variable__a_half__b_minimum,dry_variable,half,minimum,B,11,32.000000
dry_variable__a_half__b_minimum,dry_variable,half,minimum,B,12,32.000000
dry_variable__a_half__b_minimum,dry_variable,half,minimum,B,13,32.000000
dry_variable__a_half__b_minimum,dry_variable,half,minimum,B,14,32.000000
dry_variable__a_half__b_minimum,dry_variable,half,minimum,B,15,32.000000
dry_variable__a_half__b_minimum,dry_variable,half,minimum,B,16,32.000000
dry_variable__a_half__b_minimum,dry_variable,half,minimum,B,17,32.000000
dry_variable__a_half__b_minimum,dry_variable,half,minimum,B,18,32.000000
dry_variable__a_half__b_minimum,dry_variable,half,minimum,B,19,32.000000
dry_variable__a_half__b_minimum,dry_variable,half,minimum,B,20,32.000000
dry_variable__a_half__b_minimum,dry_variable,half,minimum,B,21,32.000000
dry_variable__a_half__b_minimum,dry_variable,half,minimum,B,22,32.000000
dry_variable__a_half__b_minimum,dry_variable,half,minimum,B,23,32.000000
dry_variable__a_half__b_quarter,dry_variable,half,quarter,A,0,86.500000
dry_variable__a_half__b_quarter,dry_variable,half,quarter,A,1,86.500000
dry_variable__a_half__b_quarter,dry_variable,half,quarter,A,2,86.500000
dry_variable__a_half__b_quarter,dry_variable,half,quarter,A,3,86.500000
dry_variable__a_half__b_quarter,dry_variable,half,quarter,A,4,86.500000
dry_variable__a_half__b_quarter,dry_variable,half,quarter,A,5,86.500000
dry_variable__a_half__b_quarter,dry_variable,half,quarter,A,6,86.500000
dry_variable__a_half__b_quarter,dry_variable,half,quarter,A,7,86.500000
dry_variable__a_half__b_quarter,dry_variable,half,quarter,A,8,86.500000
dry_variable__a_half__b_quarter,dry_variable,half,quarter,A,9,86.500000
dry_variable__a_half__b_quarter,dry_variable,half,quarter,A,10,86.500000
dry_variable__a_half__b_quarter,dry_variable,half,quarter,A,11,86.500000
dry_variable__a_half__b_quarter,dry_variable,half,quarter,A,12,86.500000
dry_variable__a_half__b_quarter,dry_variable,half,quarter,A,13,86.500000
dry_variable__a_half__b_quarter,dry_variable,half,quarter,A,14,86.500000
dry_variable__a_half__b_quarter,dry_variable,half,quarter,A,15,86.500000
dry_variable__a_half__b_quarter,dry_variable,half,quarter,A,16,86.500000
dry_variable__a_half__b_quarter,dry_variable,half,quarter,A,17,86.500000
dry_variable__a_half__b_quarter,dry_variable,half,quarter,A,18,86.500000
dry_variable__a_half__b_quarter,dry_variable,half,quarter,A,19,86.500000
dry_variable__a_half__b_quarter,dry_variable,half,quarter,A,20,86.500000
dry_variable__a_half__b_quarter,dry_variable,half,quarter,A,21,86.500000
dry_variable__a_half__b_quarter,dry_variable,half,quarter,A,22,86.500000
dry_variable__a_half__b_quarter,dry_variable,half,quarter,A,23,86.500000
dry_variable__a_half__b_quarter,dry_variable,half,quarter,B,0,48.500000
dry_variable__a_half__b_quarter,dry_variable,half,quarter,B,1,48.500000
dry_variable__a_half__b_quarter,dry_variable,half,quarter,B,2,48.500000
dry_variable__a_half__b_quarter,dry_variable,half,quarter,B,3,48.500000
dry_variable__a_half__b_quarter,dry_variable,half,quarter,B,4,48.500000
dry_variable__a_half__b_quarter,dry_variable,half,quarter,B,5,48.500000
dry_variable__a_half__b_quarter,dry_variable,half,quarter,B,6,48.500000
dry_variable__a_half__b_quarter,dry_variable,half,quarter,B,7,48.500000
dry_variable__a_half__b_quarter,dry_variable,half,quarter,B,8,48.500000
dry_variable__a_half__b_quarter,dry_variable,half,quarter,B,9,48.500000
dry_variable__a_half__b_quarter,dry_variable,half,quarter,B,10,48.500000
dry_variable__a_half__b_quarter,dry_variable,half,quarter,B,11,48.500000
dry_variable__a_half__b_quarter,dry_variable,half,quarter,B,12,48.500000
dry_variable__a_half__b_quarter,dry_variable,half,quarter,B,13,48.500000
dry_variable__a_half__b_quarter,dry_variable,half,quarter,B,14,48.500000
dry_variable__a_half__b_quarter,dry_variable,half,quarter,B,15,48.500000
dry_variable__a_half__b_quarter,dry_variable,half,quarter,B,16,48.500000
dry_variable__a_half__b_quarter,dry_variable,half,quarter,B,17,48.500000
dry_variable__a_half__b_quarter,dry_variable,half,quarter,B,18,48.500000
dry_variable__a_half__b_quarter,dry_variable,half,quarter,B,19,48.500000
dry_variable__a_half__b_quarter,dry_variable,half,quarter,B,20,48.500000
dry_variable__a_half__b_quarter,dry_variable,half,quarter,B,21,48.500000
dry_variable__a_half__b_quarter,dry_variable,half,quarter,B,22,48.500000
dry_variable__a_half__b_quarter,dry_variable,half,quarter,B,23,48.500000
dry_variable__a_half__b_half,dry_variable,half,half,A,0,86.500000
dry_variable__a_half__b_half,dry_variable,half,half,A,1,86.500000
dry_variable__a_half__b_half,dry_variable,half,half,A,2,86.500000
dry_variable__a_half__b_half,dry_variable,half,half,A,3,86.500000
dry_variable__a_half__b_half,dry_variable,half,half,A,4,86.500000
dry_variable__a_half__b_half,dry_variable,half,half,A,5,86.500000
dry_variable__a_half__b_half,dry_variable,half,half,A,6,86.500000
dry_variable__a_half__b_half,dry_variable,half,half,A,7,86.500000
dry_variable__a_half__b_half,dry_variable,half,half,A,8,86.500000
dry_variable__a_half__b_half,dry_variable,half,half,A,9,86.500000
dry_variable__a_half__b_half,dry_variable,half,half,A,10,86.500000
dry_variable__a_half__b_half,dry_variable,half,half,A,11,86.500000
dry_variable__a_half__b_half,dry_variable,half,half,A,12,86.500000
dry_variable__a_half__b_half,dry_variable,half,half,A,13,86.500000
dry_variable__a_half__b_half,dry_variable,half,half,A,14,86.500000
dry_variable__a_half__b_half,dry_variable,half,half,A,15,86.500000
dry_variable__a_half__b_half,dry_variable,half,half,A,16,86.500000
dry_variable__a_half__b_half,dry_variable,half,half,A,17,86.500000
dry_variable__a_half__b_half,dry_variable,half,half,A,18,86.500000
dry_variable__a_half__b_half,dry_variable,half,half,A,19,86.500000
dry_variable__a_half__b_half,dry_variable,half,half,A,20,86.500000
dry_variable__a_half__b_half,dry_variable,half,half,A,21,86.500000
dry_variable__a_half__b_half,dry_variable,half,half,A,22,86.500000
dry_variable__a_half__b_half,dry_variable,half,half,A,23,86.500000
dry_variable__a_half__b_half,dry_variable,half,half,B,0,65.000000
dry_variable__a_half__b_half,dry_variable,half,half,B,1,65.000000
dry_variable__a_half__b_half,dry_variable,half,half,B,2,65.000000
dry_variable__a_half__b_half,dry_variable,half,half,B,3,65.000000
dry_variable__a_half__b_half,dry_variable,half,half,B,4,65.000000
dry_variable__a_half__b_half,dry_variable,half,half,B,5,65.000000
dry_variable__a_half__b_half,dry_variable,half,half,B,6,65.000000
dry_variable__a_half__b_half,dry_variable,half,half,B,7,65.000000
dry_variable__a_half__b_half,dry_variable,half,half,B,8,65.000000
dry_variable__a_half__b_half,dry_variable,half,half,B,9,65.000000
dry_variable__a_half__b_half,dry_variable,half,half,B,10,65.000000
dry_variable__a_half__b_half,dry_variable,half,half,B,11,65.000000
dry_variable__a_half__b_half,dry_variable,half,half,B,12,65.000000
dry_variable__a_half__b_half,dry_variable,half,half,B,13,65.000000
dry_variable__a_half__b_half,dry_variable,half,half,B,14,65.000000
dry_variable__a_half__b_half,dry_variable,half,half,B,15,65.000000
dry_variable__a_half__b_half,dry_variable,half,half,B,16,65.000000
dry_variable__a_half__b_half,dry_variable,half,half,B,17,65.000000
dry_variable__a_half__b_half,dry_variable,half,half,B,18,65.000000
dry_variable__a_half__b_half,dry_variable,half,half,B,19,65.000000
dry_variable__a_half__b_half,dry_variable,half,half,B,20,65.000000
dry_variable__a_half__b_half,dry_variable,half,half,B,21,65.000000
dry_variable__a_half__b_half,dry_variable,half,half,B,22,65.000000
dry_variable__a_half__b_half,dry_variable,half,half,B,23,65.000000
dry_variable__a_half__b_three_quarters,dry_variable,half,three_quarters,A,0,86.500000
dry_variable__a_half__b_three_quarters,dry_variable,half,three_quarters,A,1,86.500000
dry_variable__a_half__b_three_quarters,dry_variable,half,three_quarters,A,2,86.500000
dry_variable__a_half__b_three_quarters,dry_variable,half,three_quarters,A,3,86.500000
dry_variable__a_half__b_three_quarters,dry_variable,half,three_quarters,A,4,86.500000
dry_variable__a_half__b_three_quarters,dry_variable,half,three_quarters,A,5,86.500000
dry_variable__a_half__b_three_quarters,dry_variable,half,three_quarters,A,6,86.500000
dry_variable__a_half__b_three_quarters,dry_variable,half,three_quarters,A,7,86.500000
dry_variable__a_half__b_three_quarters,dry_variable,half,three_quarters,A,8,86.500000
dry_variable__a_half__b_three_quarters,dry_variable,half,three_quarters,A,9,86.500000
dry_variable__a_half__b_three_quarters,dry_variable,half,three_quarters,A,10,86.500000
dry_variable__a_half__b_three_quarters,dry_variable,half,three_quarters,A,11,86.500000
dry_variable__a_half__b_three_quarters,dry_variable,half,three_quarters,A,12,86.500000
dry_variable__a_half__b_three_quarters,dry_variable,half,three_quarters,A,13,86.500000
dry_variable__a_half__b_three_quarters,dry_variable,half,three_quarters,A,14,86.500000
dry_variable__a_half__b_three_quarters,dry_variable,half,three_quarters,A,15,86.500000
dry_variable__a_half__b_three_quarters,dry_variable,half,three_quarters,A,16,86.500000
dry_variable__a_half__b_three_quarters,dry_variable,half,three_quarters,A,17,86.500000
dry_variable__a_half__b_three_quarters,dry_variable,half,three_quarters,A,18,86.500000
dry_variable__a_half__b_three_quarters,dry_variable,half,three_quarters,A,19,86.500000
dry_variable__a_half__b_three_quarters,dry_variable,half,three_quarters,A,20,86.500000
dry_variable__a_half__b_three_quarters,dry_variable,half,three_quarters,A,21,86.500000
dry_variable__a_half__b_three_quarters,dry_variable,half,three_quarters,A,22,86.500000
dry_variable__a_half__b_three_quarters,dry_variable,half,three_quarters,A,23,86.500000
dry_variable__a_half__b_three_quarters,dry_variable,half,three_quarters,B,0,81.500000
dry_variable__a_half__b_three_quarters,dry_variable,half,three_quarters,B,1,81.500000
dry_variable__a_half__b_three_quarters,dry_variable,half,three_quarters,B,2,81.500000
dry_variable__a_half__b_three_quarters,dry_variable,half,three_quarters,B,3,81.500000
dry_variable__a_half__b_three_quarters,dry_variable,half,three_quarters,B,4,81.500000
dry_variable__a_half__b_three_quarters,dry_variable,half,three_quarters,B,5,81.500000
dry_variable__a_half__b_three_quarters,dry_variable,half,three_quarters,B,6,81.500000
dry_variable__a_half__b_three_quarters,dry_variable,half,three_quarters,B,7,81.500000
dry_variable__a_half__b_three_quarters,dry_variable,half,three_quarters,B,8,81.500000
dry_variable__a_half__b_three_quarters,dry_variable,half,three_quarters,B,9,81.500000
dry_variable__a_half__b_three_quarters,dry_variable,half,three_quarters,B,10,81.500000
dry_variable__a_half__b_three_quarters,dry_variable,half,three_quarters,B,11,81.500000
dry_variable__a_half__b_three_quarters,dry_variable,half,three_quarters,B,12,81.500000
dry_variable__a_half__b_three_quarters,dry_variable,half,three_quarters,B,13,81.500000
dry_variable__a_half__b_three_quarters,dry_variable,half,three_quarters,B,14,81.500000
dry_variable__a_half__b_three_quarters,dry_variable,half,three_quarters,B,15,81.500000
dry_variable__a_half__b_three_quarters,dry_variable,half,three_quarters,B,16,81.500000
dry_variable__a_half__b_three_quarters,dry_variable,half,three_quarters,B,17,81.500000
dry_variable__a_half__b_three_quarters,dry_variable,half,three_quarters,B,18,81.500000
dry_variable__a_half__b_three_quarters,dry_variable,half,three_quarters,B,19,81.500000
dry_variable__a_half__b_three_quarters,dry_variable,half,three_quarters,B,20,81.500000
dry_variable__a_half__b_three_quarters,dry_variable,half,three_quarters,B,21,81.500000
dry_variable__a_half__b_three_quarters,dry_variable,half,three_quarters,B,22,81.500000
dry_variable__a_half__b_three_quarters,dry_variable,half,three_quarters,B,23,81.500000
dry_variable__a_half__b_maximum,dry_variable,half,maximum,A,0,86.500000
dry_variable__a_half__b_maximum,dry_variable,half,maximum,A,1,86.500000
dry_variable__a_half__b_maximum,dry_variable,half,maximum,A,2,86.500000
dry_variable__a_half__b_maximum,dry_variable,half,maximum,A,3,86.500000
dry_variable__a_half__b_maximum,dry_variable,half,maximum,A,4,86.500000
dry_variable__a_half__b_maximum,dry_variable,half,maximum,A,5,86.500000
dry_variable__a_half__b_maximum,dry_variable,half,maximum,A,6,86.500000
dry_variable__a_half__b_maximum,dry_variable,half,maximum,A,7,86.500000
dry_variable__a_half__b_maximum,dry_variable,half,maximum,A,8,86.500000
dry_variable__a_half__b_maximum,dry_variable,half,maximum,A,9,86.500000
dry_variable__a_half__b_maximum,dry_variable,half,maximum,A,10,86.500000
dry_variable__a_half__b_maximum,dry_variable,half,maximum,A,11,86.500000
dry_variable__a_half__b_maximum,dry_variable,half,maximum,A,12,86.500000
dry_variable__a_half__b_maximum,dry_variable,half,maximum,A,13,86.500000
dry_variable__a_half__b_maximum,dry_variable,half,maximum,A,14,86.500000
dry_variable__a_half__b_maximum,dry_variable,half,maximum,A,15,86.500000
dry_variable__a_half__b_maximum,dry_variable,half,maximum,A,16,86.500000
dry_variable__a_half__b_maximum,dry_variable,half,maximum,A,17,86.500000
dry_variable__a_half__b_maximum,dry_variable,half,maximum,A,18,86.500000
dry_variable__a_half__b_maximum,dry_variable,half,maximum,A,19,86.500000
dry_variable__a_half__b_maximum,dry_variable,half,maximum,A,20,86.500000
dry_variable__a_half__b_maximum,dry_variable,half,maximum,A,21,86.500000
dry_variable__a_half__b_maximum,dry_variable,half,maximum,A,22,86.500000
dry_variable__a_half__b_maximum,dry_variable,half,maximum,A,23,86.500000
dry_variable__a_half__b_maximum,dry_variable,half,maximum,B,0,98.000000
dry_variable__a_half__b_maximum,dry_variable,half,maximum,B,1,98.000000
dry_variable__a_half__b_maximum,dry_variable,half,maximum,B,2,98.000000
dry_variable__a_half__b_maximum,dry_variable,half,maximum,B,3,98.000000
dry_variable__a_half__b_maximum,dry_variable,half,maximum,B,4,98.000000
dry_variable__a_half__b_maximum,dry_variable,half,maximum,B,5,98.000000
dry_variable__a_half__b_maximum,dry_variable,half,maximum,B,6,98.000000
dry_variable__a_half__b_maximum,dry_variable,half,maximum,B,7,98.000000
dry_variable__a_half__b_maximum,dry_variable,half,maximum,B,8,98.000000
dry_variable__a_half__b_maximum,dry_variable,half,maximum,B,9,98.000000
dry_variable__a_half__b_maximum,dry_variable,half,maximum,B,10,98.000000
dry_variable__a_half__b_maximum,dry_variable,half,maximum,B,11,98.000000
dry_variable__a_half__b_maximum,dry_variable,half,maximum,B,12,98.000000
dry_variable__a_half__b_maximum,dry_variable,half,maximum,B,13,98.000000
dry_variable__a_half__b_maximum,dry_variable,half,maximum,B,14,98.000000
dry_variable__a_half__b_maximum,dry_variable,half,maximum,B,15,98.000000
dry_variable__a_half__b_maximum,dry_variable,half,maximum,B,16,98.000000
dry_variable__a_half__b_maximum,dry_variable,half,maximum,B,17,98.000000
dry_variable__a_half__b_maximum,dry_variable,half,maximum,B,18,98.000000
dry_variable__a_half__b_maximum,dry_variable,half,maximum,B,19,98.000000
dry_variable__a_half__b_maximum,dry_variable,half,maximum,B,20,98.000000
dry_variable__a_half__b_maximum,dry_variable,half,maximum,B,21,98.000000
dry_variable__a_half__b_maximum,dry_variable,half,maximum,B,22,98.000000
dry_variable__a_half__b_maximum,dry_variable,half,maximum,B,23,98.000000
dry_variable__a_three_quarters__b_off,dry_variable,three_quarters,off,A,0,107.250000
dry_variable__a_three_quarters__b_off,dry_variable,three_quarters,off,A,1,107.250000
dry_variable__a_three_quarters__b_off,dry_variable,three_quarters,off,A,2,107.250000
dry_variable__a_three_quarters__b_off,dry_variable,three_quarters,off,A,3,107.250000
dry_variable__a_three_quarters__b_off,dry_variable,three_quarters,off,A,4,107.250000
dry_variable__a_three_quarters__b_off,dry_variable,three_quarters,off,A,5,107.250000
dry_variable__a_three_quarters__b_off,dry_variable,three_quarters,off,A,6,107.250000
dry_variable__a_three_quarters__b_off,dry_variable,three_quarters,off,A,7,107.250000
dry_variable__a_three_quarters__b_off,dry_variable,three_quarters,off,A,8,107.250000
dry_variable__a_three_quarters__b_off,dry_variable,three_quarters,off,A,9,107.250000
dry_variable__a_three_quarters__b_off,dry_variable,three_quarters,off,A,10,107.250000
dry_variable__a_three_quarters__b_off,dry_variable,three_quarters,off,A,11,107.250000
dry_variable__a_three_quarters__b_off,dry_variable,three_quarters,off,A,12,107.250000
dry_variable__a_three_quarters__b_off,dry_variable,three_quarters,off,A,13,107.250000
dry_variable__a_three_quarters__b_off,dry_variable,three_quarters,off,A,14,107.250000
dry_variable__a_three_quarters__b_off,dry_variable,three_quarters,off,A,15,107.250000
dry_variable__a_three_quarters__b_off,dry_variable,three_quarters,off,A,16,107.250000
dry_variable__a_three_quarters__b_off,dry_variable,three_quarters,off,A,17,107.250000
dry_variable__a_three_quarters__b_off,dry_variable,three_quarters,off,A,18,107.250000
dry_variable__a_three_quarters__b_off,dry_variable,three_quarters,off,A,19,107.250000
dry_variable__a_three_quarters__b_off,dry_variable,three_quarters,off,A,20,107.250000
dry_variable__a_three_quarters__b_off,dry_variable,three_quarters,off,A,21,107.250000
dry_variable__a_three_quarters__b_off,dry_variable,three_quarters,off,A,22,107.250000
dry_variable__a_three_quarters__b_off,dry_variable,three_quarters,off,A,23,107.250000
dry_variable__a_three_quarters__b_off,dry_variable,three_quarters,off,B,0,0.000000
dry_variable__a_three_quarters__b_off,dry_variable,three_quarters,off,B,1,0.000000
dry_variable__a_three_quarters__b_off,dry_variable,three_quarters,off,B,2,0.000000
dry_variable__a_three_quarters__b_off,dry_variable,three_quarters,off,B,3,0.000000
dry_variable__a_three_quarters__b_off,dry_variable,three_quarters,off,B,4,0.000000
dry_variable__a_three_quarters__b_off,dry_variable,three_quarters,off,B,5,0.000000
dry_variable__a_three_quarters__b_off,dry_variable,three_quarters,off,B,6,0.000000
dry_variable__a_three_quarters__b_off,dry_variable,three_quarters,off,B,7,0.000000
dry_variable__a_three_quarters__b_off,dry_variable,three_quarters,off,B,8,0.000000
dry_variable__a_three_quarters__b_off,dry_variable,three_quarters,off,B,9,0.000000
dry_variable__a_three_quarters__b_off,dry_variable,three_quarters,off,B,10,0.000000
dry_variable__a_three_quarters__b_off,dry_variable,three_quarters,off,B,11,0.000000
dry_variable__a_three_quarters__b_off,dry_variable,three_quarters,off,B,12,0.000000
dry_variable__a_three_quarters__b_off,dry_variable,three_quarters,off,B,13,0.000000
dry_variable__a_three_quarters__b_off,dry_variable,three_quarters,off,B,14,0.000000
dry_variable__a_three_quarters__b_off,dry_variable,three_quarters,off,B,15,0.000000
dry_variable__a_three_quarters__b_off,dry_variable,three_quarters,off,B,16,0.000000
dry_variable__a_three_quarters__b_off,dry_variable,three_quarters,off,B,17,0.000000
dry_variable__a_three_quarters__b_off,dry_variable,three_quarters,off,B,18,0.000000
dry_variable__a_three_quarters__b_off,dry_variable,three_quarters,off,B,19,0.000000
dry_variable__a_three_quarters__b_off,dry_variable,three_quarters,off,B,20,0.000000
dry_variable__a_three_quarters__b_off,dry_variable,three_quarters,off,B,21,0.000000
dry_variable__a_three_quarters__b_off,dry_variable,three_quarters,off,B,22,0.000000
dry_variable__a_three_quarters__b_off,dry_variable,three_quarters,off,B,23,0.000000
dry_variable__a_three_quarters__b_minimum,dry_variable,three_quarters,minimum,A,0,107.250000
dry_variable__a_three_quarters__b_minimum,dry_variable,three_quarters,minimum,A,1,107.250000
dry_variable__a_three_quarters__b_minimum,dry_variable,three_quarters,minimum,A,2,107.250000
dry_variable__a_three_quarters__b_minimum,dry_variable,three_quarters,minimum,A,3,107.250000
dry_variable__a_three_quarters__b_minimum,dry_variable,three_quarters,minimum,A,4,107.250000
dry_variable__a_three_quarters__b_minimum,dry_variable,three_quarters,minimum,A,5,107.250000
dry_variable__a_three_quarters__b_minimum,dry_variable,three_quarters,minimum,A,6,107.250000
dry_variable__a_three_quarters__b_minimum,dry_variable,three_quarters,minimum,A,7,107.250000
dry_variable__a_three_quarters__b_minimum,dry_variable,three_quarters,minimum,A,8,107.250000
dry_variable__a_three_quarters__b_minimum,dry_variable,three_quarters,minimum,A,9,107.250000
dry_variable__a_three_quarters__b_minimum,dry_variable,three_quarters,minimum,A,10,107.250000
dry_variable__a_three_quarters__b_minimum,dry_variable,three_quarters,minimum,A,11,107.250000
dry_variable__a_three_quarters__b_minimum,dry_variable,three_quarters,minimum,A,12,107.250000
dry_variable__a_three_quarters__b_minimum,dry_variable,three_quarters,minimum,A,13,107.250000
dry_variable__a_three_quarters__b_minimum,dry_variable,three_quarters,minimum,A,14,107.250000
dry_variable__a_three_quarters__b_minimum,dry_variable,three_quarters,minimum,A,15,107.250000
dry_variable__a_three_quarters__b_minimum,dry_variable,three_quarters,minimum,A,16,107.250000
dry_variable__a_three_quarters__b_minimum,dry_variable,three_quarters,minimum,A,17,107.250000
dry_variable__a_three_quarters__b_minimum,dry_variable,three_quarters,minimum,A,18,107.250000
dry_variable__a_three_quarters__b_minimum,dry_variable,three_quarters,minimum,A,19,107.250000
dry_variable__a_three_quarters__b_minimum,dry_variable,three_quarters,minimum,A,20,107.250000
dry_variable__a_three_quarters__b_minimum,dry_variable,three_quarters,minimum,A,21,107.250000
dry_variable__a_three_quarters__b_minimum,dry_variable,three_quarters,minimum,A,22,107.250000
dry_variable__a_three_quarters__b_minimum,dry_variable,three_quarters,minimum,A,23,107.250000
dry_variable__a_three_quarters__b_minimum,dry_variable,three_quarters,minimum,B,0,32.000000
dry_variable__a_three_quarters__b_minimum,dry_variable,three_quarters,minimum,B,1,32.000000
dry_variable__a_three_quarters__b_minimum,dry_variable,three_quarters,minimum,B,2,32.000000
dry_variable__a_three_quarters__b_minimum,dry_variable,three_quarters,minimum,B,3,32.000000
dry_variable__a_three_quarters__b_minimum,dry_variable,three_quarters,minimum,B,4,32.000000
dry_variable__a_three_quarters__b_minimum,dry_variable,three_quarters,minimum,B,5,32.000000
dry_variable__a_three_quarters__b_minimum,dry_variable,three_quarters,minimum,B,6,32.000000
dry_variable__a_three_quarters__b_minimum,dry_variable,three_quarters,minimum,B,7,32.000000
dry_variable__a_three_quarters__b_minimum,dry_variable,three_quarters,minimum,B,8,32.000000
dry_variable__a_three_quarters__b_minimum,dry_variable,three_quarters,minimum,B,9,32.000000
dry_variable__a_three_quarters__b_minimum,dry_variable,three_quarters,minimum,B,10,32.000000
dry_variable__a_three_quarters__b_minimum,dry_variable,three_quarters,minimum,B,11,32.000000
dry_variable__a_three_quarters__b_minimum,dry_variable,three_quarters,minimum,B,12,32.000000
dry_variable__a_three_quarters__b_minimum,dry_variable,three_quarters,minimum,B,13,32.000000
dry_variable__a_three_quarters__b_minimum,dry_variable,three_quarters,minimum,B,14,32.000000
dry_variable__a_three_quarters__b_minimum,dry_variable,three_quarters,minimum,B,15,32.000000
dry_variable__a_three_quarters__b_minimum,dry_variable,three_quarters,minimum,B,16,32.000000
dry_variable__a_three_quarters__b_minimum,dry_variable,three_quarters,minimum,B,17,32.000000
dry_variable__a_three_quarters__b_minimum,dry_variable,three_quarters,minimum,B,18,32.000000
dry_variable__a_three_quarters__b_minimum,dry_variable,three_quarters,minimum,B,19,32.000000
dry_variable__a_three_quarters__b_minimum,dry_variable,three_quarters,minimum,B,20,32.000000
dry_variable__a_three_quarters__b_minimum,dry_variable,three_quarters,minimum,B,21,32.000000
dry_variable__a_three_quarters__b_minimum,dry_variable,three_quarters,minimum,B,22,32.000000
dry_variable__a_three_quarters__b_minimum,dry_variable,three_quarters,minimum,B,23,32.000000
dry_variable__a_three_quarters__b_quarter,dry_variable,three_quarters,quarter,A,0,107.250000
dry_variable__a_three_quarters__b_quarter,dry_variable,three_quarters,quarter,A,1,107.250000
dry_variable__a_three_quarters__b_quarter,dry_variable,three_quarters,quarter,A,2,107.250000
dry_variable__a_three_quarters__b_quarter,dry_variable,three_quarters,quarter,A,3,107.250000
dry_variable__a_three_quarters__b_quarter,dry_variable,three_quarters,quarter,A,4,107.250000
dry_variable__a_three_quarters__b_quarter,dry_variable,three_quarters,quarter,A,5,107.250000
dry_variable__a_three_quarters__b_quarter,dry_variable,three_quarters,quarter,A,6,107.250000
dry_variable__a_three_quarters__b_quarter,dry_variable,three_quarters,quarter,A,7,107.250000
dry_variable__a_three_quarters__b_quarter,dry_variable,three_quarters,quarter,A,8,107.250000
dry_variable__a_three_quarters__b_quarter,dry_variable,three_quarters,quarter,A,9,107.250000
dry_variable__a_three_quarters__b_quarter,dry_variable,three_quarters,quarter,A,10,107.250000
dry_variable__a_three_quarters__b_quarter,dry_variable,three_quarters,quarter,A,11,107.250000
dry_variable__a_three_quarters__b_quarter,dry_variable,three_quarters,quarter,A,12,107.250000
dry_variable__a_three_quarters__b_quarter,dry_variable,three_quarters,quarter,A,13,107.250000
dry_variable__a_three_quarters__b_quarter,dry_variable,three_quarters,quarter,A,14,107.250000
dry_variable__a_three_quarters__b_quarter,dry_variable,three_quarters,quarter,A,15,107.250000
dry_variable__a_three_quarters__b_quarter,dry_variable,three_quarters,quarter,A,16,107.250000
dry_variable__a_three_quarters__b_quarter,dry_variable,three_quarters,quarter,A,17,107.250000
dry_variable__a_three_quarters__b_quarter,dry_variable,three_quarters,quarter,A,18,107.250000
dry_variable__a_three_quarters__b_quarter,dry_variable,three_quarters,quarter,A,19,107.250000
dry_variable__a_three_quarters__b_quarter,dry_variable,three_quarters,quarter,A,20,107.250000
dry_variable__a_three_quarters__b_quarter,dry_variable,three_quarters,quarter,A,21,107.250000
dry_variable__a_three_quarters__b_quarter,dry_variable,three_quarters,quarter,A,22,107.250000
dry_variable__a_three_quarters__b_quarter,dry_variable,three_quarters,quarter,A,23,107.250000
dry_variable__a_three_quarters__b_quarter,dry_variable,three_quarters,quarter,B,0,48.500000
dry_variable__a_three_quarters__b_quarter,dry_variable,three_quarters,quarter,B,1,48.500000
dry_variable__a_three_quarters__b_quarter,dry_variable,three_quarters,quarter,B,2,48.500000
dry_variable__a_three_quarters__b_quarter,dry_variable,three_quarters,quarter,B,3,48.500000
dry_variable__a_three_quarters__b_quarter,dry_variable,three_quarters,quarter,B,4,48.500000
dry_variable__a_three_quarters__b_quarter,dry_variable,three_quarters,quarter,B,5,48.500000
dry_variable__a_three_quarters__b_quarter,dry_variable,three_quarters,quarter,B,6,48.500000
dry_variable__a_three_quarters__b_quarter,dry_variable,three_quarters,quarter,B,7,48.500000
dry_variable__a_three_quarters__b_quarter,dry_variable,three_quarters,quarter,B,8,48.500000
dry_variable__a_three_quarters__b_quarter,dry_variable,three_quarters,quarter,B,9,48.500000
dry_variable__a_three_quarters__b_quarter,dry_variable,three_quarters,quarter,B,10,48.500000
dry_variable__a_three_quarters__b_quarter,dry_variable,three_quarters,quarter,B,11,48.500000
dry_variable__a_three_quarters__b_quarter,dry_variable,three_quarters,quarter,B,12,48.500000
dry_variable__a_three_quarters__b_quarter,dry_variable,three_quarters,quarter,B,13,48.500000
dry_variable__a_three_quarters__b_quarter,dry_variable,three_quarters,quarter,B,14,48.500000
dry_variable__a_three_quarters__b_quarter,dry_variable,three_quarters,quarter,B,15,48.500000
dry_variable__a_three_quarters__b_quarter,dry_variable,three_quarters,quarter,B,16,48.500000
dry_variable__a_three_quarters__b_quarter,dry_variable,three_quarters,quarter,B,17,48.500000
dry_variable__a_three_quarters__b_quarter,dry_variable,three_quarters,quarter,B,18,48.500000
dry_variable__a_three_quarters__b_quarter,dry_variable,three_quarters,quarter,B,19,48.500000
dry_variable__a_three_quarters__b_quarter,dry_variable,three_quarters,quarter,B,20,48.500000
dry_variable__a_three_quarters__b_quarter,dry_variable,three_quarters,quarter,B,21,48.500000
dry_variable__a_three_quarters__b_quarter,dry_variable,three_quarters,quarter,B,22,48.500000
dry_variable__a_three_quarters__b_quarter,dry_variable,three_quarters,quarter,B,23,48.500000
dry_variable__a_three_quarters__b_half,dry_variable,three_quarters,half,A,0,107.250000
dry_variable__a_three_quarters__b_half,dry_variable,three_quarters,half,A,1,107.250000
dry_variable__a_three_quarters__b_half,dry_variable,three_quarters,half,A,2,107.250000
dry_variable__a_three_quarters__b_half,dry_variable,three_quarters,half,A,3,107.250000
dry_variable__a_three_quarters__b_half,dry_variable,three_quarters,half,A,4,107.250000
dry_variable__a_three_quarters__b_half,dry_variable,three_quarters,half,A,5,107.250000
dry_variable__a_three_quarters__b_half,dry_variable,three_quarters,half,A,6,107.250000
dry_variable__a_three_quarters__b_half,dry_variable,three_quarters,half,A,7,107.250000
dry_variable__a_three_quarters__b_half,dry_variable,three_quarters,half,A,8,107.250000
dry_variable__a_three_quarters__b_half,dry_variable,three_quarters,half,A,9,107.250000
dry_variable__a_three_quarters__b_half,dry_variable,three_quarters,half,A,10,107.250000
dry_variable__a_three_quarters__b_half,dry_variable,three_quarters,half,A,11,107.250000
dry_variable__a_three_quarters__b_half,dry_variable,three_quarters,half,A,12,107.250000
dry_variable__a_three_quarters__b_half,dry_variable,three_quarters,half,A,13,107.250000
dry_variable__a_three_quarters__b_half,dry_variable,three_quarters,half,A,14,107.250000
dry_variable__a_three_quarters__b_half,dry_variable,three_quarters,half,A,15,107.250000
dry_variable__a_three_quarters__b_half,dry_variable,three_quarters,half,A,16,107.250000
dry_variable__a_three_quarters__b_half,dry_variable,three_quarters,half,A,17,107.250000
dry_variable__a_three_quarters__b_half,dry_variable,three_quarters,half,A,18,107.250000
dry_variable__a_three_quarters__b_half,dry_variable,three_quarters,half,A,19,107.250000
dry_variable__a_three_quarters__b_half,dry_variable,three_quarters,half,A,20,107.250000
dry_variable__a_three_quarters__b_half,dry_variable,three_quarters,half,A,21,107.250000
dry_variable__a_three_quarters__b_half,dry_variable,three_quarters,half,A,22,107.250000
dry_variable__a_three_quarters__b_half,dry_variable,three_quarters,half,A,23,107.250000
dry_variable__a_three_quarters__b_half,dry_variable,three_quarters,half,B,0,65.000000
dry_variable__a_three_quarters__b_half,dry_variable,three_quarters,half,B,1,65.000000
dry_variable__a_three_quarters__b_half,dry_variable,three_quarters,half,B,2,65.000000
dry_variable__a_three_quarters__b_half,dry_variable,three_quarters,half,B,3,65.000000
dry_variable__a_three_quarters__b_half,dry_variable,three_quarters,half,B,4,65.000000
dry_variable__a_three_quarters__b_half,dry_variable,three_quarters,half,B,5,65.000000
dry_variable__a_three_quarters__b_half,dry_variable,three_quarters,half,B,6,65.000000
dry_variable__a_three_quarters__b_half,dry_variable,three_quarters,half,B,7,65.000000
dry_variable__a_three_quarters__b_half,dry_variable,three_quarters,half,B,8,65.000000
dry_variable__a_three_quarters__b_half,dry_variable,three_quarters,half,B,9,65.000000
dry_variable__a_three_quarters__b_half,dry_variable,three_quarters,half,B,10,65.000000
dry_variable__a_three_quarters__b_half,dry_variable,three_quarters,half,B,11,65.000000
dry_variable__a_three_quarters__b_half,dry_variable,three_quarters,half,B,12,65.000000
dry_variable__a_three_quarters__b_half,dry_variable,three_quarters,half,B,13,65.000000
dry_variable__a_three_quarters__b_half,dry_variable,three_quarters,half,B,14,65.000000
dry_variable__a_three_quarters__b_half,dry_variable,three_quarters,half,B,15,65.000000
dry_variable__a_three_quarters__b_half,dry_variable,three_quarters,half,B,16,65.000000
dry_variable__a_three_quarters__b_half,dry_variable,three_quarters,half,B,17,65.000000
dry_variable__a_three_quarters__b_half,dry_variable,three_quarters,half,B,18,65.000000
dry_variable__a_three_quarters__b_half,dry_variable,three_quarters,half,B,19,65.000000
dry_variable__a_three_quarters__b_half,dry_variable,three_quarters,half,B,20,65.000000
dry_variable__a_three_quarters__b_half,dry_variable,three_quarters,half,B,21,65.000000
dry_variable__a_three_quarters__b_half,dry_variable,three_quarters,half,B,22,65.000000
dry_variable__a_three_quarters__b_half,dry_variable,three_quarters,half,B,23,65.000000
dry_variable__a_three_quarters__b_three_quarters,dry_variable,three_quarters,three_quarters,A,0,107.250000
dry_variable__a_three_quarters__b_three_quarters,dry_variable,three_quarters,three_quarters,A,1,107.250000
dry_variable__a_three_quarters__b_three_quarters,dry_variable,three_quarters,three_quarters,A,2,107.250000
dry_variable__a_three_quarters__b_three_quarters,dry_variable,three_quarters,three_quarters,A,3,107.250000
dry_variable__a_three_quarters__b_three_quarters,dry_variable,three_quarters,three_quarters,A,4,107.250000
dry_variable__a_three_quarters__b_three_quarters,dry_variable,three_quarters,three_quarters,A,5,107.250000
dry_variable__a_three_quarters__b_three_quarters,dry_variable,three_quarters,three_quarters,A,6,107.250000
dry_variable__a_three_quarters__b_three_quarters,dry_variable,three_quarters,three_quarters,A,7,107.250000
dry_variable__a_three_quarters__b_three_quarters,dry_variable,three_quarters,three_quarters,A,8,107.250000
dry_variable__a_three_quarters__b_three_quarters,dry_variable,three_quarters,three_quarters,A,9,107.250000
dry_variable__a_three_quarters__b_three_quarters,dry_variable,three_quarters,three_quarters,A,10,107.250000
dry_variable__a_three_quarters__b_three_quarters,dry_variable,three_quarters,three_quarters,A,11,107.250000
dry_variable__a_three_quarters__b_three_quarters,dry_variable,three_quarters,three_quarters,A,12,107.250000
dry_variable__a_three_quarters__b_three_quarters,dry_variable,three_quarters,three_quarters,A,13,107.250000
dry_variable__a_three_quarters__b_three_quarters,dry_variable,three_quarters,three_quarters,A,14,107.250000
dry_variable__a_three_quarters__b_three_quarters,dry_variable,three_quarters,three_quarters,A,15,107.250000
dry_variable__a_three_quarters__b_three_quarters,dry_variable,three_quarters,three_quarters,A,16,107.250000
dry_variable__a_three_quarters__b_three_quarters,dry_variable,three_quarters,three_quarters,A,17,107.250000
dry_variable__a_three_quarters__b_three_quarters,dry_variable,three_quarters,three_quarters,A,18,107.250000
dry_variable__a_three_quarters__b_three_quarters,dry_variable,three_quarters,three_quarters,A,19,107.250000
dry_variable__a_three_quarters__b_three_quarters,dry_variable,three_quarters,three_quarters,A,20,107.250000
dry_variable__a_three_quarters__b_three_quarters,dry_variable,three_quarters,three_quarters,A,21,107.250000
dry_variable__a_three_quarters__b_three_quarters,dry_variable,three_quarters,three_quarters,A,22,107.250000
dry_variable__a_three_quarters__b_three_quarters,dry_variable,three_quarters,three_quarters,A,23,107.250000
dry_variable__a_three_quarters__b_three_quarters,dry_variable,three_quarters,three_quarters,B,0,81.500000
dry_variable__a_three_quarters__b_three_quarters,dry_variable,three_quarters,three_quarters,B,1,81.500000
dry_variable__a_three_quarters__b_three_quarters,dry_variable,three_quarters,three_quarters,B,2,81.500000
dry_variable__a_three_quarters__b_three_quarters,dry_variable,three_quarters,three_quarters,B,3,81.500000
dry_variable__a_three_quarters__b_three_quarters,dry_variable,three_quarters,three_quarters,B,4,81.500000
dry_variable__a_three_quarters__b_three_quarters,dry_variable,three_quarters,three_quarters,B,5,81.500000
dry_variable__a_three_quarters__b_three_quarters,dry_variable,three_quarters,three_quarters,B,6,81.500000
dry_variable__a_three_quarters__b_three_quarters,dry_variable,three_quarters,three_quarters,B,7,81.500000
dry_variable__a_three_quarters__b_three_quarters,dry_variable,three_quarters,three_quarters,B,8,81.500000
dry_variable__a_three_quarters__b_three_quarters,dry_variable,three_quarters,three_quarters,B,9,81.500000
dry_variable__a_three_quarters__b_three_quarters,dry_variable,three_quarters,three_quarters,B,10,81.500000
dry_variable__a_three_quarters__b_three_quarters,dry_variable,three_quarters,three_quarters,B,11,81.500000
dry_variable__a_three_quarters__b_three_quarters,dry_variable,three_quarters,three_quarters,B,12,81.500000
dry_variable__a_three_quarters__b_three_quarters,dry_variable,three_quarters,three_quarters,B,13,81.500000
dry_variable__a_three_quarters__b_three_quarters,dry_variable,three_quarters,three_quarters,B,14,81.500000
dry_variable__a_three_quarters__b_three_quarters,dry_variable,three_quarters,three_quarters,B,15,81.500000
dry_variable__a_three_quarters__b_three_quarters,dry_variable,three_quarters,three_quarters,B,16,81.500000
dry_variable__a_three_quarters__b_three_quarters,dry_variable,three_quarters,three_quarters,B,17,81.500000
dry_variable__a_three_quarters__b_three_quarters,dry_variable,three_quarters,three_quarters,B,18,81.500000
dry_variable__a_three_quarters__b_three_quarters,dry_variable,three_quarters,three_quarters,B,19,81.500000
dry_variable__a_three_quarters__b_three_quarters,dry_variable,three_quarters,three_quarters,B,20,81.500000
dry_variable__a_three_quarters__b_three_quarters,dry_variable,three_quarters,three_quarters,B,21,81.500000
dry_variable__a_three_quarters__b_three_quarters,dry_variable,three_quarters,three_quarters,B,22,81.500000
dry_variable__a_three_quarters__b_three_quarters,dry_variable,three_quarters,three_quarters,B,23,81.500000
dry_variable__a_three_quarters__b_maximum,dry_variable,three_quarters,maximum,A,0,107.250000
dry_variable__a_three_quarters__b_maximum,dry_variable,three_quarters,maximum,A,1,107.250000
dry_variable__a_three_quarters__b_maximum,dry_variable,three_quarters,maximum,A,2,107.250000
dry_variable__a_three_quarters__b_maximum,dry_variable,three_quarters,maximum,A,3,107.250000
dry_variable__a_three_quarters__b_maximum,dry_variable,three_quarters,maximum,A,4,107.250000
dry_variable__a_three_quarters__b_maximum,dry_variable,three_quarters,maximum,A,5,107.250000
dry_variable__a_three_quarters__b_maximum,dry_variable,three_quarters,maximum,A,6,107.250000
dry_variable__a_three_quarters__b_maximum,dry_variable,three_quarters,maximum,A,7,107.250000
dry_variable__a_three_quarters__b_maximum,dry_variable,three_quarters,maximum,A,8,107.250000
dry_variable__a_three_quarters__b_maximum,dry_variable,three_quarters,maximum,A,9,107.250000
dry_variable__a_three_quarters__b_maximum,dry_variable,three_quarters,maximum,A,10,107.250000
dry_variable__a_three_quarters__b_maximum,dry_variable,three_quarters,maximum,A,11,107.250000
dry_variable__a_three_quarters__b_maximum,dry_variable,three_quarters,maximum,A,12,107.250000
dry_variable__a_three_quarters__b_maximum,dry_variable,three_quarters,maximum,A,13,107.250000
dry_variable__a_three_quarters__b_maximum,dry_variable,three_quarters,maximum,A,14,107.250000
dry_variable__a_three_quarters__b_maximum,dry_variable,three_quarters,maximum,A,15,107.250000
dry_variable__a_three_quarters__b_maximum,dry_variable,three_quarters,maximum,A,16,107.250000
dry_variable__a_three_quarters__b_maximum,dry_variable,three_quarters,maximum,A,17,107.250000
dry_variable__a_three_quarters__b_maximum,dry_variable,three_quarters,maximum,A,18,107.250000
dry_variable__a_three_quarters__b_maximum,dry_variable,three_quarters,maximum,A,19,107.250000
dry_variable__a_three_quarters__b_maximum,dry_variable,three_quarters,maximum,A,20,107.250000
dry_variable__a_three_quarters__b_maximum,dry_variable,three_quarters,maximum,A,21,107.250000
dry_variable__a_three_quarters__b_maximum,dry_variable,three_quarters,maximum,A,22,107.250000
dry_variable__a_three_quarters__b_maximum,dry_variable,three_quarters,maximum,A,23,107.250000
dry_variable__a_three_quarters__b_maximum,dry_variable,three_quarters,maximum,B,0,98.000000
dry_variable__a_three_quarters__b_maximum,dry_variable,three_quarters,maximum,B,1,98.000000
dry_variable__a_three_quarters__b_maximum,dry_variable,three_quarters,maximum,B,2,98.000000
dry_variable__a_three_quarters__b_maximum,dry_variable,three_quarters,maximum,B,3,98.000000
dry_variable__a_three_quarters__b_maximum,dry_variable,three_quarters,maximum,B,4,98.000000
dry_variable__a_three_quarters__b_maximum,dry_variable,three_quarters,maximum,B,5,98.000000
dry_variable__a_three_quarters__b_maximum,dry_variable,three_quarters,maximum,B,6,98.000000
dry_variable__a_three_quarters__b_maximum,dry_variable,three_quarters,maximum,B,7,98.000000
dry_variable__a_three_quarters__b_maximum,dry_variable,three_quarters,maximum,B,8,98.000000
dry_variable__a_three_quarters__b_maximum,dry_variable,three_quarters,maximum,B,9,98.000000
dry_variable__a_three_quarters__b_maximum,dry_variable,three_quarters,maximum,B,10,98.000000
dry_variable__a_three_quarters__b_maximum,dry_variable,three_quarters,maximum,B,11,98.000000
dry_variable__a_three_quarters__b_maximum,dry_variable,three_quarters,maximum,B,12,98.000000
dry_variable__a_three_quarters__b_maximum,dry_variable,three_quarters,maximum,B,13,98.000000
dry_variable__a_three_quarters__b_maximum,dry_variable,three_quarters,maximum,B,14,98.000000
dry_variable__a_three_quarters__b_maximum,dry_variable,three_quarters,maximum,B,15,98.000000
dry_variable__a_three_quarters__b_maximum,dry_variable,three_quarters,maximum,B,16,98.000000
dry_variable__a_three_quarters__b_maximum,dry_variable,three_quarters,maximum,B,17,98.000000
dry_variable__a_three_quarters__b_maximum,dry_variable,three_quarters,maximum,B,18,98.000000
dry_variable__a_three_quarters__b_maximum,dry_variable,three_quarters,maximum,B,19,98.000000
dry_variable__a_three_quarters__b_maximum,dry_variable,three_quarters,maximum,B,20,98.000000
dry_variable__a_three_quarters__b_maximum,dry_variable,three_quarters,maximum,B,21,98.000000
dry_variable__a_three_quarters__b_maximum,dry_variable,three_quarters,maximum,B,22,98.000000
dry_variable__a_three_quarters__b_maximum,dry_variable,three_quarters,maximum,B,23,98.000000
dry_variable__a_maximum__b_off,dry_variable,maximum,off,A,0,128.000000
dry_variable__a_maximum__b_off,dry_variable,maximum,off,A,1,128.000000
dry_variable__a_maximum__b_off,dry_variable,maximum,off,A,2,128.000000
dry_variable__a_maximum__b_off,dry_variable,maximum,off,A,3,128.000000
dry_variable__a_maximum__b_off,dry_variable,maximum,off,A,4,128.000000
dry_variable__a_maximum__b_off,dry_variable,maximum,off,A,5,128.000000
dry_variable__a_maximum__b_off,dry_variable,maximum,off,A,6,128.000000
dry_variable__a_maximum__b_off,dry_variable,maximum,off,A,7,128.000000
dry_variable__a_maximum__b_off,dry_variable,maximum,off,A,8,128.000000
dry_variable__a_maximum__b_off,dry_variable,maximum,off,A,9,128.000000
dry_variable__a_maximum__b_off,dry_variable,maximum,off,A,10,128.000000
dry_variable__a_maximum__b_off,dry_variable,maximum,off,A,11,128.000000
dry_variable__a_maximum__b_off,dry_variable,maximum,off,A,12,128.000000
dry_variable__a_maximum__b_off,dry_variable,maximum,off,A,13,128.000000
dry_variable__a_maximum__b_off,dry_variable,maximum,off,A,14,128.000000
dry_variable__a_maximum__b_off,dry_variable,maximum,off,A,15,128.000000
dry_variable__a_maximum__b_off,dry_variable,maximum,off,A,16,128.000000
dry_variable__a_maximum__b_off,dry_variable,maximum,off,A,17,128.000000
dry_variable__a_maximum__b_off,dry_variable,maximum,off,A,18,128.000000
dry_variable__a_maximum__b_off,dry_variable,maximum,off,A,19,128.000000
dry_variable__a_maximum__b_off,dry_variable,maximum,off,A,20,128.000000
dry_variable__a_maximum__b_off,dry_variable,maximum,off,A,21,128.000000
dry_variable__a_maximum__b_off,dry_variable,maximum,off,A,22,128.000000
dry_variable__a_maximum__b_off,dry_variable,maximum,off,A,23,128.000000
dry_variable__a_maximum__b_off,dry_variable,maximum,off,B,0,0.000000
dry_variable__a_maximum__b_off,dry_variable,maximum,off,B,1,0.000000
dry_variable__a_maximum__b_off,dry_variable,maximum,off,B,2,0.000000
dry_variable__a_maximum__b_off,dry_variable,maximum,off,B,3,0.000000
dry_variable__a_maximum__b_off,dry_variable,maximum,off,B,4,0.000000
dry_variable__a_maximum__b_off,dry_variable,maximum,off,B,5,0.000000
dry_variable__a_maximum__b_off,dry_variable,maximum,off,B,6,0.000000
dry_variable__a_maximum__b_off,dry_variable,maximum,off,B,7,0.000000
dry_variable__a_maximum__b_off,dry_variable,maximum,off,B,8,0.000000
dry_variable__a_maximum__b_off,dry_variable,maximum,off,B,9,0.000000
dry_variable__a_maximum__b_off,dry_variable,maximum,off,B,10,0.000000
dry_variable__a_maximum__b_off,dry_variable,maximum,off,B,11,0.000000
dry_variable__a_maximum__b_off,dry_variable,maximum,off,B,12,0.000000
dry_variable__a_maximum__b_off,dry_variable,maximum,off,B,13,0.000000
dry_variable__a_maximum__b_off,dry_variable,maximum,off,B,14,0.000000
dry_variable__a_maximum__b_off,dry_variable,maximum,off,B,15,0.000000
dry_variable__a_maximum__b_off,dry_variable,maximum,off,B,16,0.000000
dry_variable__a_maximum__b_off,dry_variable,maximum,off,B,17,0.000000
dry_variable__a_maximum__b_off,dry_variable,maximum,off,B,18,0.000000
dry_variable__a_maximum__b_off,dry_variable,maximum,off,B,19,0.000000
dry_variable__a_maximum__b_off,dry_variable,maximum,off,B,20,0.000000
dry_variable__a_maximum__b_off,dry_variable,maximum,off,B,21,0.000000
dry_variable__a_maximum__b_off,dry_variable,maximum,off,B,22,0.000000
dry_variable__a_maximum__b_off,dry_variable,maximum,off,B,23,0.000000
dry_variable__a_maximum__b_minimum,dry_variable,maximum,minimum,A,0,128.000000
dry_variable__a_maximum__b_minimum,dry_variable,maximum,minimum,A,1,128.000000
dry_variable__a_maximum__b_minimum,dry_variable,maximum,minimum,A,2,128.000000
dry_variable__a_maximum__b_minimum,dry_variable,maximum,minimum,A,3,128.000000
dry_variable__a_maximum__b_minimum,dry_variable,maximum,minimum,A,4,128.000000
dry_variable__a_maximum__b_minimum,dry_variable,maximum,minimum,A,5,128.000000
dry_variable__a_maximum__b_minimum,dry_variable,maximum,minimum,A,6,128.000000
dry_variable__a_maximum__b_minimum,dry_variable,maximum,minimum,A,7,128.000000
dry_variable__a_maximum__b_minimum,dry_variable,maximum,minimum,A,8,128.000000
dry_variable__a_maximum__b_minimum,dry_variable,maximum,minimum,A,9,128.000000
dry_variable__a_maximum__b_minimum,dry_variable,maximum,minimum,A,10,128.000000
dry_variable__a_maximum__b_minimum,dry_variable,maximum,minimum,A,11,128.000000
dry_variable__a_maximum__b_minimum,dry_variable,maximum,minimum,A,12,128.000000
dry_variable__a_maximum__b_minimum,dry_variable,maximum,minimum,A,13,128.000000
dry_variable__a_maximum__b_minimum,dry_variable,maximum,minimum,A,14,128.000000
dry_variable__a_maximum__b_minimum,dry_variable,maximum,minimum,A,15,128.000000
dry_variable__a_maximum__b_minimum,dry_variable,maximum,minimum,A,16,128.000000
dry_variable__a_maximum__b_minimum,dry_variable,maximum,minimum,A,17,128.000000
dry_variable__a_maximum__b_minimum,dry_variable,maximum,minimum,A,18,128.000000
dry_variable__a_maximum__b_minimum,dry_variable,maximum,minimum,A,19,128.000000
dry_variable__a_maximum__b_minimum,dry_variable,maximum,minimum,A,20,128.000000
dry_variable__a_maximum__b_minimum,dry_variable,maximum,minimum,A,21,128.000000
dry_variable__a_maximum__b_minimum,dry_variable,maximum,minimum,A,22,128.000000
dry_variable__a_maximum__b_minimum,dry_variable,maximum,minimum,A,23,128.000000
dry_variable__a_maximum__b_minimum,dry_variable,maximum,minimum,B,0,32.000000
dry_variable__a_maximum__b_minimum,dry_variable,maximum,minimum,B,1,32.000000
dry_variable__a_maximum__b_minimum,dry_variable,maximum,minimum,B,2,32.000000
dry_variable__a_maximum__b_minimum,dry_variable,maximum,minimum,B,3,32.000000
dry_variable__a_maximum__b_minimum,dry_variable,maximum,minimum,B,4,32.000000
dry_variable__a_maximum__b_minimum,dry_variable,maximum,minimum,B,5,32.000000
dry_variable__a_maximum__b_minimum,dry_variable,maximum,minimum,B,6,32.000000
dry_variable__a_maximum__b_minimum,dry_variable,maximum,minimum,B,7,32.000000
dry_variable__a_maximum__b_minimum,dry_variable,maximum,minimum,B,8,32.000000
dry_variable__a_maximum__b_minimum,dry_variable,maximum,minimum,B,9,32.000000
dry_variable__a_maximum__b_minimum,dry_variable,maximum,minimum,B,10,32.000000
dry_variable__a_maximum__b_minimum,dry_variable,maximum,minimum,B,11,32.000000
dry_variable__a_maximum__b_minimum,dry_variable,maximum,minimum,B,12,32.000000
dry_variable__a_maximum__b_minimum,dry_variable,maximum,minimum,B,13,32.000000
dry_variable__a_maximum__b_minimum,dry_variable,maximum,minimum,B,14,32.000000
dry_variable__a_maximum__b_minimum,dry_variable,maximum,minimum,B,15,32.000000
dry_variable__a_maximum__b_minimum,dry_variable,maximum,minimum,B,16,32.000000
dry_variable__a_maximum__b_minimum,dry_variable,maximum,minimum,B,17,32.000000
dry_variable__a_maximum__b_minimum,dry_variable,maximum,minimum,B,18,32.000000
dry_variable__a_maximum__b_minimum,dry_variable,maximum,minimum,B,19,32.000000
dry_variable__a_maximum__b_minimum,dry_variable,maximum,minimum,B,20,32.000000
dry_variable__a_maximum__b_minimum,dry_variable,maximum,minimum,B,21,32.000000
dry_variable__a_maximum__b_minimum,dry_variable,maximum,minimum,B,22,32.000000
dry_variable__a_maximum__b_minimum,dry_variable,maximum,minimum,B,23,32.000000
dry_variable__a_maximum__b_quarter,dry_variable,maximum,quarter,A,0,128.000000
dry_variable__a_maximum__b_quarter,dry_variable,maximum,quarter,A,1,128.000000
dry_variable__a_maximum__b_quarter,dry_variable,maximum,quarter,A,2,128.000000
dry_variable__a_maximum__b_quarter,dry_variable,maximum,quarter,A,3,128.000000
dry_variable__a_maximum__b_quarter,dry_variable,maximum,quarter,A,4,128.000000
dry_variable__a_maximum__b_quarter,dry_variable,maximum,quarter,A,5,128.000000
dry_variable__a_maximum__b_quarter,dry_variable,maximum,quarter,A,6,128.000000
dry_variable__a_maximum__b_quarter,dry_variable,maximum,quarter,A,7,128.000000
dry_variable__a_maximum__b_quarter,dry_variable,maximum,quarter,A,8,128.000000
dry_variable__a_maximum__b_quarter,dry_variable,maximum,quarter,A,9,128.000000
dry_variable__a_maximum__b_quarter,dry_variable,maximum,quarter,A,10,128.000000
dry_variable__a_maximum__b_quarter,dry_variable,maximum,quarter,A,11,128.000000
dry_variable__a_maximum__b_quarter,dry_variable,maximum,quarter,A,12,128.000000
dry_variable__a_maximum__b_quarter,dry_variable,maximum,quarter,A,13,128.000000
dry_variable__a_maximum__b_quarter,dry_variable,maximum,quarter,A,14,128.000000
dry_variable__a_maximum__b_quarter,dry_variable,maximum,quarter,A,15,128.000000
dry_variable__a_maximum__b_quarter,dry_variable,maximum,quarter,A,16,128.000000
dry_variable__a_maximum__b_quarter,dry_variable,maximum,quarter,A,17,128.000000
dry_variable__a_maximum__b_quarter,dry_variable,maximum,quarter,A,18,128.000000
dry_variable__a_maximum__b_quarter,dry_variable,maximum,quarter,A,19,128.000000
dry_variable__a_maximum__b_quarter,dry_variable,maximum,quarter,A,20,128.000000
dry_variable__a_maximum__b_quarter,dry_variable,maximum,quarter,A,21,128.000000
dry_variable__a_maximum__b_quarter,dry_variable,maximum,quarter,A,22,128.000000
dry_variable__a_maximum__b_quarter,dry_variable,maximum,quarter,A,23,128.000000
dry_variable__a_maximum__b_quarter,dry_variable,maximum,quarter,B,0,48.500000
dry_variable__a_maximum__b_quarter,dry_variable,maximum,quarter,B,1,48.500000
dry_variable__a_maximum__b_quarter,dry_variable,maximum,quarter,B,2,48.500000
dry_variable__a_maximum__b_quarter,dry_variable,maximum,quarter,B,3,48.500000
dry_variable__a_maximum__b_quarter,dry_variable,maximum,quarter,B,4,48.500000
dry_variable__a_maximum__b_quarter,dry_variable,maximum,quarter,B,5,48.500000
dry_variable__a_maximum__b_quarter,dry_variable,maximum,quarter,B,6,48.500000
dry_variable__a_maximum__b_quarter,dry_variable,maximum,quarter,B,7,48.500000
dry_variable__a_maximum__b_quarter,dry_variable,maximum,quarter,B,8,48.500000
dry_variable__a_maximum__b_quarter,dry_variable,maximum,quarter,B,9,48.500000
dry_variable__a_maximum__b_quarter,dry_variable,maximum,quarter,B,10,48.500000
dry_variable__a_maximum__b_quarter,dry_variable,maximum,quarter,B,11,48.500000
dry_variable__a_maximum__b_quarter,dry_variable,maximum,quarter,B,12,48.500000
dry_variable__a_maximum__b_quarter,dry_variable,maximum,quarter,B,13,48.500000
dry_variable__a_maximum__b_quarter,dry_variable,maximum,quarter,B,14,48.500000
dry_variable__a_maximum__b_quarter,dry_variable,maximum,quarter,B,15,48.500000
dry_variable__a_maximum__b_quarter,dry_variable,maximum,quarter,B,16,48.500000
dry_variable__a_maximum__b_quarter,dry_variable,maximum,quarter,B,17,48.500000
dry_variable__a_maximum__b_quarter,dry_variable,maximum,quarter,B,18,48.500000
dry_variable__a_maximum__b_quarter,dry_variable,maximum,quarter,B,19,48.500000
dry_variable__a_maximum__b_quarter,dry_variable,maximum,quarter,B,20,48.500000
dry_variable__a_maximum__b_quarter,dry_variable,maximum,quarter,B,21,48.500000
dry_variable__a_maximum__b_quarter,dry_variable,maximum,quarter,B,22,48.500000
dry_variable__a_maximum__b_quarter,dry_variable,maximum,quarter,B,23,48.500000
dry_variable__a_maximum__b_half,dry_variable,maximum,half,A,0,128.000000
dry_variable__a_maximum__b_half,dry_variable,maximum,half,A,1,128.000000
dry_variable__a_maximum__b_half,dry_variable,maximum,half,A,2,128.000000
dry_variable__a_maximum__b_half,dry_variable,maximum,half,A,3,128.000000
dry_variable__a_maximum__b_half,dry_variable,maximum,half,A,4,128.000000
dry_variable__a_maximum__b_half,dry_variable,maximum,half,A,5,128.000000
dry_variable__a_maximum__b_half,dry_variable,maximum,half,A,6,128.000000
dry_variable__a_maximum__b_half,dry_variable,maximum,half,A,7,128.000000
dry_variable__a_maximum__b_half,dry_variable,maximum,half,A,8,128.000000
dry_variable__a_maximum__b_half,dry_variable,maximum,half,A,9,128.000000
dry_variable__a_maximum__b_half,dry_variable,maximum,half,A,10,128.000000
dry_variable__a_maximum__b_half,dry_variable,maximum,half,A,11,128.000000
dry_variable__a_maximum__b_half,dry_variable,maximum,half,A,12,128.000000
dry_variable__a_maximum__b_half,dry_variable,maximum,half,A,13,128.000000
dry_variable__a_maximum__b_half,dry_variable,maximum,half,A,14,128.000000
dry_variable__a_maximum__b_half,dry_variable,maximum,half,A,15,128.000000
dry_variable__a_maximum__b_half,dry_variable,maximum,half,A,16,128.000000
dry_variable__a_maximum__b_half,dry_variable,maximum,half,A,17,128.000000
dry_variable__a_maximum__b_half,dry_variable,maximum,half,A,18,128.000000
dry_variable__a_maximum__b_half,dry_variable,maximum,half,A,19,128.000000
dry_variable__a_maximum__b_half,dry_variable,maximum,half,A,20,128.000000
dry_variable__a_maximum__b_half,dry_variable,maximum,half,A,21,128.000000
dry_variable__a_maximum__b_half,dry_variable,maximum,half,A,22,128.000000
dry_variable__a_maximum__b_half,dry_variable,maximum,half,A,23,128.000000
dry_variable__a_maximum__b_half,dry_variable,maximum,half,B,0,65.000000
dry_variable__a_maximum__b_half,dry_variable,maximum,half,B,1,65.000000
dry_variable__a_maximum__b_half,dry_variable,maximum,half,B,2,65.000000
dry_variable__a_maximum__b_half,dry_variable,maximum,half,B,3,65.000000
dry_variable__a_maximum__b_half,dry_variable,maximum,half,B,4,65.000000
dry_variable__a_maximum__b_half,dry_variable,maximum,half,B,5,65.000000
dry_variable__a_maximum__b_half,dry_variable,maximum,half,B,6,65.000000
dry_variable__a_maximum__b_half,dry_variable,maximum,half,B,7,65.000000
dry_variable__a_maximum__b_half,dry_variable,maximum,half,B,8,65.000000
dry_variable__a_maximum__b_half,dry_variable,maximum,half,B,9,65.000000
dry_variable__a_maximum__b_half,dry_variable,maximum,half,B,10,65.000000
dry_variable__a_maximum__b_half,dry_variable,maximum,half,B,11,65.000000
dry_variable__a_maximum__b_half,dry_variable,maximum,half,B,12,65.000000
dry_variable__a_maximum__b_half,dry_variable,maximum,half,B,13,65.000000
dry_variable__a_maximum__b_half,dry_variable,maximum,half,B,14,65.000000
dry_variable__a_maximum__b_half,dry_variable,maximum,half,B,15,65.000000
dry_variable__a_maximum__b_half,dry_variable,maximum,half,B,16,65.000000
dry_variable__a_maximum__b_half,dry_variable,maximum,half,B,17,65.000000
dry_variable__a_maximum__b_half,dry_variable,maximum,half,B,18,65.000000
dry_variable__a_maximum__b_half,dry_variable,maximum,half,B,19,65.000000
dry_variable__a_maximum__b_half,dry_variable,maximum,half,B,20,65.000000
dry_variable__a_maximum__b_half,dry_variable,maximum,half,B,21,65.000000
dry_variable__a_maximum__b_half,dry_variable,maximum,half,B,22,65.000000
dry_variable__a_maximum__b_half,dry_variable,maximum,half,B,23,65.000000
dry_variable__a_maximum__b_three_quarters,dry_variable,maximum,three_quarters,A,0,128.000000
dry_variable__a_maximum__b_three_quarters,dry_variable,maximum,three_quarters,A,1,128.000000
dry_variable__a_maximum__b_three_quarters,dry_variable,maximum,three_quarters,A,2,128.000000
dry_variable__a_maximum__b_three_quarters,dry_variable,maximum,three_quarters,A,3,128.000000
dry_variable__a_maximum__b_three_quarters,dry_variable,maximum,three_quarters,A,4,128.000000
dry_variable__a_maximum__b_three_quarters,dry_variable,maximum,three_quarters,A,5,128.000000
dry_variable__a_maximum__b_three_quarters,dry_variable,maximum,three_quarters,A,6,128.000000
dry_variable__a_maximum__b_three_quarters,dry_variable,maximum,three_quarters,A,7,128.000000
dry_variable__a_maximum__b_three_quarters,dry_variable,maximum,three_quarters,A,8,128.000000
dry_variable__a_maximum__b_three_quarters,dry_variable,maximum,three_quarters,A,9,128.000000
dry_variable__a_maximum__b_three_quarters,dry_variable,maximum,three_quarters,A,10,128.000000
dry_variable__a_maximum__b_three_quarters,dry_variable,maximum,three_quarters,A,11,128.000000
dry_variable__a_maximum__b_three_quarters,dry_variable,maximum,three_quarters,A,12,128.000000
dry_variable__a_maximum__b_three_quarters,dry_variable,maximum,three_quarters,A,13,128.000000
dry_variable__a_maximum__b_three_quarters,dry_variable,maximum,three_quarters,A,14,128.000000
dry_variable__a_maximum__b_three_quarters,dry_variable,maximum,three_quarters,A,15,128.000000
dry_variable__a_maximum__b_three_quarters,dry_variable,maximum,three_quarters,A,16,128.000000
dry_variable__a_maximum__b_three_quarters,dry_variable,maximum,three_quarters,A,17,128.000000
dry_variable__a_maximum__b_three_quarters,dry_variable,maximum,three_quarters,A,18,128.000000
dry_variable__a_maximum__b_three_quarters,dry_variable,maximum,three_quarters,A,19,128.000000
dry_variable__a_maximum__b_three_quarters,dry_variable,maximum,three_quarters,A,20,128.000000
dry_variable__a_maximum__b_three_quarters,dry_variable,maximum,three_quarters,A,21,128.000000
dry_variable__a_maximum__b_three_quarters,dry_variable,maximum,three_quarters,A,22,128.000000
dry_variable__a_maximum__b_three_quarters,dry_variable,maximum,three_quarters,A,23,128.000000
dry_variable__a_maximum__b_three_quarters,dry_variable,maximum,three_quarters,B,0,81.500000
dry_variable__a_maximum__b_three_quarters,dry_variable,maximum,three_quarters,B,1,81.500000
dry_variable__a_maximum__b_three_quarters,dry_variable,maximum,three_quarters,B,2,81.500000
dry_variable__a_maximum__b_three_quarters,dry_variable,maximum,three_quarters,B,3,81.500000
dry_variable__a_maximum__b_three_quarters,dry_variable,maximum,three_quarters,B,4,81.500000
dry_variable__a_maximum__b_three_quarters,dry_variable,maximum,three_quarters,B,5,81.500000
dry_variable__a_maximum__b_three_quarters,dry_variable,maximum,three_quarters,B,6,81.500000
dry_variable__a_maximum__b_three_quarters,dry_variable,maximum,three_quarters,B,7,81.500000
dry_variable__a_maximum__b_three_quarters,dry_variable,maximum,three_quarters,B,8,81.500000
dry_variable__a_maximum__b_three_quarters,dry_variable,maximum,three_quarters,B,9,81.500000
dry_variable__a_maximum__b_three_quarters,dry_variable,maximum,three_quarters,B,10,81.500000
dry_variable__a_maximum__b_three_quarters,dry_variable,maximum,three_quarters,B,11,81.500000
dry_variable__a_maximum__b_three_quarters,dry_variable,maximum,three_quarters,B,12,81.500000
dry_variable__a_maximum__b_three_quarters,dry_variable,maximum,three_quarters,B,13,81.500000
dry_variable__a_maximum__b_three_quarters,dry_variable,maximum,three_quarters,B,14,81.500000
dry_variable__a_maximum__b_three_quarters,dry_variable,maximum,three_quarters,B,15,81.500000
dry_variable__a_maximum__b_three_quarters,dry_variable,maximum,three_quarters,B,16,81.500000
dry_variable__a_maximum__b_three_quarters,dry_variable,maximum,three_quarters,B,17,81.500000
dry_variable__a_maximum__b_three_quarters,dry_variable,maximum,three_quarters,B,18,81.500000
dry_variable__a_maximum__b_three_quarters,dry_variable,maximum,three_quarters,B,19,81.500000
dry_variable__a_maximum__b_three_quarters,dry_variable,maximum,three_quarters,B,20,81.500000
dry_variable__a_maximum__b_three_quarters,dry_variable,maximum,three_quarters,B,21,81.500000
dry_variable__a_maximum__b_three_quarters,dry_variable,maximum,three_quarters,B,22,81.500000
dry_variable__a_maximum__b_three_quarters,dry_variable,maximum,three_quarters,B,23,81.500000
dry_variable__a_maximum__b_maximum,dry_variable,maximum,maximum,A,0,128.000000
dry_variable__a_maximum__b_maximum,dry_variable,maximum,maximum,A,1,128.000000
dry_variable__a_maximum__b_maximum,dry_variable,maximum,maximum,A,2,128.000000
dry_variable__a_maximum__b_maximum,dry_variable,maximum,maximum,A,3,128.000000
dry_variable__a_maximum__b_maximum,dry_variable,maximum,maximum,A,4,128.000000
dry_variable__a_maximum__b_maximum,dry_variable,maximum,maximum,A,5,128.000000
dry_variable__a_maximum__b_maximum,dry_variable,maximum,maximum,A,6,128.000000
dry_variable__a_maximum__b_maximum,dry_variable,maximum,maximum,A,7,128.000000
dry_variable__a_maximum__b_maximum,dry_variable,maximum,maximum,A,8,128.000000
dry_variable__a_maximum__b_maximum,dry_variable,maximum,maximum,A,9,128.000000
dry_variable__a_maximum__b_maximum,dry_variable,maximum,maximum,A,10,128.000000
dry_variable__a_maximum__b_maximum,dry_variable,maximum,maximum,A,11,128.000000
dry_variable__a_maximum__b_maximum,dry_variable,maximum,maximum,A,12,128.000000
dry_variable__a_maximum__b_maximum,dry_variable,maximum,maximum,A,13,128.000000
dry_variable__a_maximum__b_maximum,dry_variable,maximum,maximum,A,14,128.000000
dry_variable__a_maximum__b_maximum,dry_variable,maximum,maximum,A,15,128.000000
dry_variable__a_maximum__b_maximum,dry_variable,maximum,maximum,A,16,128.000000
dry_variable__a_maximum__b_maximum,dry_variable,maximum,maximum,A,17,128.000000
dry_variable__a_maximum__b_maximum,dry_variable,maximum,maximum,A,18,128.000000
dry_variable__a_maximum__b_maximum,dry_variable,maximum,maximum,A,19,128.000000
dry_variable__a_maximum__b_maximum,dry_variable,maximum,maximum,A,20,128.000000
dry_variable__a_maximum__b_maximum,dry_variable,maximum,maximum,A,21,128.000000
dry_variable__a_maximum__b_maximum,dry_variable,maximum,maximum,A,22,128.000000
dry_variable__a_maximum__b_maximum,dry_variable,maximum,maximum,A,23,128.000000
dry_variable__a_maximum__b_maximum,dry_variable,maximum,maximum,B,0,98.000000
dry_variable__a_maximum__b_maximum,dry_variable,maximum,maximum,B,1,98.000000
dry_variable__a_maximum__b_maximum,dry_variable,maximum,maximum,B,2,98.000000
dry_variable__a_maximum__b_maximum,dry_variable,maximum,maximum,B,3,98.000000
dry_variable__a_maximum__b_maximum,dry_variable,maximum,maximum,B,4,98.000000
dry_variable__a_maximum__b_maximum,dry_variable,maximum,maximum,B,5,98.000000
dry_variable__a_maximum__b_maximum,dry_variable,maximum,maximum,B,6,98.000000
dry_variable__a_maximum__b_maximum,dry_variable,maximum,maximum,B,7,98.000000
dry_variable__a_maximum__b_maximum,dry_variable,maximum,maximum,B,8,98.000000
dry_variable__a_maximum__b_maximum,dry_variable,maximum,maximum,B,9,98.000000
dry_variable__a_maximum__b_maximum,dry_variable,maximum,maximum,B,10,98.000000
dry_variable__a_maximum__b_maximum,dry_variable,maximum,maximum,B,11,98.000000
dry_variable__a_maximum__b_maximum,dry_variable,maximum,maximum,B,12,98.000000
dry_variable__a_maximum__b_maximum,dry_variable,maximum,maximum,B,13,98.000000
dry_variable__a_maximum__b_maximum,dry_variable,maximum,maximum,B,14,98.000000
dry_variable__a_maximum__b_maximum,dry_variable,maximum,maximum,B,15,98.000000
dry_variable__a_maximum__b_maximum,dry_variable,maximum,maximum,B,16,98.000000
dry_variable__a_maximum__b_maximum,dry_variable,maximum,maximum,B,17,98.000000
dry_variable__a_maximum__b_maximum,dry_variable,maximum,maximum,B,18,98.000000
dry_variable__a_maximum__b_maximum,dry_variable,maximum,maximum,B,19,98.000000
dry_variable__a_maximum__b_maximum,dry_variable,maximum,maximum,B,20,98.000000
dry_variable__a_maximum__b_maximum,dry_variable,maximum,maximum,B,21,98.000000
dry_variable__a_maximum__b_maximum,dry_variable,maximum,maximum,B,22,98.000000
dry_variable__a_maximum__b_maximum,dry_variable,maximum,maximum,B,23,98.000000
typical__a_off__b_off,typical,off,off,A,0,0.000000
typical__a_off__b_off,typical,off,off,A,1,0.000000
typical__a_off__b_off,typical,off,off,A,2,0.000000
typical__a_off__b_off,typical,off,off,A,3,0.000000
typical__a_off__b_off,typical,off,off,A,4,0.000000
typical__a_off__b_off,typical,off,off,A,5,0.000000
typical__a_off__b_off,typical,off,off,A,6,0.000000
typical__a_off__b_off,typical,off,off,A,7,0.000000
typical__a_off__b_off,typical,off,off,A,8,0.000000
typical__a_off__b_off,typical,off,off,A,9,0.000000
typical__a_off__b_off,typical,off,off,A,10,0.000000
typical__a_off__b_off,typical,off,off,A,11,0.000000
typical__a_off__b_off,typical,off,off,A,12,0.000000
typical__a_off__b_off,typical,off,off,A,13,0.000000
typical__a_off__b_off,typical,off,off,A,14,0.000000
typical__a_off__b_off,typical,off,off,A,15,0.000000
typical__a_off__b_off,typical,off,off,A,16,0.000000
typical__a_off__b_off,typical,off,off,A,17,0.000000
typical__a_off__b_off,typical,off,off,A,18,0.000000
typical__a_off__b_off,typical,off,off,A,19,0.000000
typical__a_off__b_off,typical,off,off,A,20,0.000000
typical__a_off__b_off,typical,off,off,A,21,0.000000
typical__a_off__b_off,typical,off,off,A,22,0.000000
typical__a_off__b_off,typical,off,off,A,23,0.000000
typical__a_off__b_off,typical,off,off,B,0,0.000000
typical__a_off__b_off,typical,off,off,B,1,0.000000
typical__a_off__b_off,typical,off,off,B,2,0.000000
typical__a_off__b_off,typical,off,off,B,3,0.000000
typical__a_off__b_off,typical,off,off,B,4,0.000000
typical__a_off__b_off,typical,off,off,B,5,0.000000
typical__a_off__b_off,typical,off,off,B,6,0.000000
typical__a_off__b_off,typical,off,off,B,7,0.000000
typical__a_off__b_off,typical,off,off,B,8,0.000000
typical__a_off__b_off,typical,off,off,B,9,0.000000
typical__a_off__b_off,typical,off,off,B,10,0.000000
typical__a_off__b_off,typical,off,off,B,11,0.000000
typical__a_off__b_off,typical,off,off,B,12,0.000000
typical__a_off__b_off,typical,off,off,B,13,0.000000
typical__a_off__b_off,typical,off,off,B,14,0.000000
typical__a_off__b_off,typical,off,off,B,15,0.000000
typical__a_off__b_off,typical,off,off,B,16,0.000000
typical__a_off__b_off,typical,off,off,B,17,0.000000
typical__a_off__b_off,typical,off,off,B,18,0.000000
typical__a_off__b_off,typical,off,off,B,19,0.000000
typical__a_off__b_off,typical,off,off,B,20,0.000000
typical__a_off__b_off,typical,off,off,B,21,0.000000
typical__a_off__b_off,typical,off,off,B,22,0.000000
typical__a_off__b_off,typical,off,off,B,23,0.000000
typical__a_off__b_minimum,typical,off,minimum,A,0,0.000000
typical__a_off__b_minimum,typical,off,minimum,A,1,0.000000
typical__a_off__b_minimum,typical,off,minimum,A,2,0.000000
typical__a_off__b_minimum,typical,off,minimum,A,3,0.000000
typical__a_off__b_minimum,typical,off,minimum,A,4,0.000000
typical__a_off__b_minimum,typical,off,minimum,A,5,0.000000
typical__a_off__b_minimum,typical,off,minimum,A,6,0.000000
typical__a_off__b_minimum,typical,off,minimum,A,7,0.000000
typical__a_off__b_minimum,typical,off,minimum,A,8,0.000000
typical__a_off__b_minimum,typical,off,minimum,A,9,0.000000
typical__a_off__b_minimum,typical,off,minimum,A,10,0.000000
typical__a_off__b_minimum,typical,off,minimum,A,11,0.000000
typical__a_off__b_minimum,typical,off,minimum,A,12,0.000000
typical__a_off__b_minimum,typical,off,minimum,A,13,0.000000
typical__a_off__b_minimum,typical,off,minimum,A,14,0.000000
typical__a_off__b_minimum,typical,off,minimum,A,15,0.000000
typical__a_off__b_minimum,typical,off,minimum,A,16,0.000000
typical__a_off__b_minimum,typical,off,minimum,A,17,0.000000
typical__a_off__b_minimum,typical,off,minimum,A,18,0.000000
typical__a_off__b_minimum,typical,off,minimum,A,19,0.000000
typical__a_off__b_minimum,typical,off,minimum,A,20,0.000000
typical__a_off__b_minimum,typical,off,minimum,A,21,0.000000
typical__a_off__b_minimum,typical,off,minimum,A,22,0.000000
typical__a_off__b_minimum,typical,off,minimum,A,23,0.000000
typical__a_off__b_minimum,typical,off,minimum,B,0,32.000000
typical__a_off__b_minimum,typical,off,minimum,B,1,32.000000
typical__a_off__b_minimum,typical,off,minimum,B,2,32.000000
typical__a_off__b_minimum,typical,off,minimum,B,3,32.000000
typical__a_off__b_minimum,typical,off,minimum,B,4,32.000000
typical__a_off__b_minimum,typical,off,minimum,B,5,32.000000
typical__a_off__b_minimum,typical,off,minimum,B,6,32.000000
typical__a_off__b_minimum,typical,off,minimum,B,7,32.000000
typical__a_off__b_minimum,typical,off,minimum,B,8,32.000000
typical__a_off__b_minimum,typical,off,minimum,B,9,32.000000
typical__a_off__b_minimum,typical,off,minimum,B,10,32.000000
typical__a_off__b_minimum,typical,off,minimum,B,11,32.000000
typical__a_off__b_minimum,typical,off,minimum,B,12,32.000000
typical__a_off__b_minimum,typical,off,minimum,B,13,32.000000
typical__a_off__b_minimum,typical,off,minimum,B,14,32.000000
typical__a_off__b_minimum,typical,off,minimum,B,15,32.000000
typical__a_off__b_minimum,typical,off,minimum,B,16,32.000000
typical__a_off__b_minimum,typical,off,minimum,B,17,32.000000
typical__a_off__b_minimum,typical,off,minimum,B,18,32.000000
typical__a_off__b_minimum,typical,off,minimum,B,19,32.000000
typical__a_off__b_minimum,typical,off,minimum,B,20,32.000000
typical__a_off__b_minimum,typical,off,minimum,B,21,32.000000
typical__a_off__b_minimum,typical,off,minimum,B,22,32.000000
typical__a_off__b_minimum,typical,off,minimum,B,23,32.000000
typical__a_off__b_quarter,typical,off,quarter,A,0,0.000000
typical__a_off__b_quarter,typical,off,quarter,A,1,0.000000
typical__a_off__b_quarter,typical,off,quarter,A,2,0.000000
typical__a_off__b_quarter,typical,off,quarter,A,3,0.000000
typical__a_off__b_quarter,typical,off,quarter,A,4,0.000000
typical__a_off__b_quarter,typical,off,quarter,A,5,0.000000
typical__a_off__b_quarter,typical,off,quarter,A,6,0.000000
typical__a_off__b_quarter,typical,off,quarter,A,7,0.000000
typical__a_off__b_quarter,typical,off,quarter,A,8,0.000000
typical__a_off__b_quarter,typical,off,quarter,A,9,0.000000
typical__a_off__b_quarter,typical,off,quarter,A,10,0.000000
typical__a_off__b_quarter,typical,off,quarter,A,11,0.000000
typical__a_off__b_quarter,typical,off,quarter,A,12,0.000000
typical__a_off__b_quarter,typical,off,quarter,A,13,0.000000
typical__a_off__b_quarter,typical,off,quarter,A,14,0.000000
typical__a_off__b_quarter,typical,off,quarter,A,15,0.000000
typical__a_off__b_quarter,typical,off,quarter,A,16,0.000000
typical__a_off__b_quarter,typical,off,quarter,A,17,0.000000
typical__a_off__b_quarter,typical,off,quarter,A,18,0.000000
typical__a_off__b_quarter,typical,off,quarter,A,19,0.000000
typical__a_off__b_quarter,typical,off,quarter,A,20,0.000000
typical__a_off__b_quarter,typical,off,quarter,A,21,0.000000
typical__a_off__b_quarter,typical,off,quarter,A,22,0.000000
typical__a_off__b_quarter,typical,off,quarter,A,23,0.000000
typical__a_off__b_quarter,typical,off,quarter,B,0,48.500000
typical__a_off__b_quarter,typical,off,quarter,B,1,48.500000
typical__a_off__b_quarter,typical,off,quarter,B,2,48.500000
typical__a_off__b_quarter,typical,off,quarter,B,3,48.500000
typical__a_off__b_quarter,typical,off,quarter,B,4,48.500000
typical__a_off__b_quarter,typical,off,quarter,B,5,48.500000
typical__a_off__b_quarter,typical,off,quarter,B,6,48.500000
typical__a_off__b_quarter,typical,off,quarter,B,7,48.500000
typical__a_off__b_quarter,typical,off,quarter,B,8,48.500000
typical__a_off__b_quarter,typical,off,quarter,B,9,48.500000
typical__a_off__b_quarter,typical,off,quarter,B,10,48.500000
typical__a_off__b_quarter,typical,off,quarter,B,11,48.500000
typical__a_off__b_quarter,typical,off,quarter,B,12,48.500000
typical__a_off__b_quarter,typical,off,quarter,B,13,48.500000
typical__a_off__b_quarter,typical,off,quarter,B,14,48.500000
typical__a_off__b_quarter,typical,off,quarter,B,15,48.500000
typical__a_off__b_quarter,typical,off,quarter,B,16,48.500000
typical__a_off__b_quarter,typical,off,quarter,B,17,48.500000
typical__a_off__b_quarter,typical,off,quarter,B,18,48.500000
typical__a_off__b_quarter,typical,off,quarter,B,19,48.500000
typical__a_off__b_quarter,typical,off,quarter,B,20,48.500000
typical__a_off__b_quarter,typical,off,quarter,B,21,48.500000
typical__a_off__b_quarter,typical,off,quarter,B,22,48.500000
typical__a_off__b_quarter,typical,off,quarter,B,23,48.500000
typical__a_off__b_half,typical,off,half,A,0,0.000000
typical__a_off__b_half,typical,off,half,A,1,0.000000
typical__a_off__b_half,typical,off,half,A,2,0.000000
typical__a_off__b_half,typical,off,half,A,3,0.000000
typical__a_off__b_half,typical,off,half,A,4,0.000000
typical__a_off__b_half,typical,off,half,A,5,0.000000
typical__a_off__b_half,typical,off,half,A,6,0.000000
typical__a_off__b_half,typical,off,half,A,7,0.000000
typical__a_off__b_half,typical,off,half,A,8,0.000000
typical__a_off__b_half,typical,off,half,A,9,0.000000
typical__a_off__b_half,typical,off,half,A,10,0.000000
typical__a_off__b_half,typical,off,half,A,11,0.000000
typical__a_off__b_half,typical,off,half,A,12,0.000000
typical__a_off__b_half,typical,off,half,A,13,0.000000
typical__a_off__b_half,typical,off,half,A,14,0.000000
typical__a_off__b_half,typical,off,half,A,15,0.000000
typical__a_off__b_half,typical,off,half,A,16,0.000000
typical__a_off__b_half,typical,off,half,A,17,0.000000
typical__a_off__b_half,typical,off,half,A,18,0.000000
typical__a_off__b_half,typical,off,half,A,19,0.000000
typical__a_off__b_half,typical,off,half,A,20,0.000000
typical__a_off__b_half,typical,off,half,A,21,0.000000
typical__a_off__b_half,typical,off,half,A,22,0.000000
typical__a_off__b_half,typical,off,half,A,23,0.000000
typical__a_off__b_half,typical,off,half,B,0,65.000000
typical__a_off__b_half,typical,off,half,B,1,65.000000
typical__a_off__b_half,typical,off,half,B,2,65.000000
typical__a_off__b_half,typical,off,half,B,3,65.000000
typical__a_off__b_half,typical,off,half,B,4,65.000000
typical__a_off__b_half,typical,off,half,B,5,65.000000
typical__a_off__b_half,typical,off,half,B,6,65.000000
typical__a_off__b_half,typical,off,half,B,7,65.000000
typical__a_off__b_half,typical,off,half,B,8,65.000000
typical__a_off__b_half,typical,off,half,B,9,65.000000
typical__a_off__b_half,typical,off,half,B,10,65.000000
typical__a_off__b_half,typical,off,half,B,11,65.000000
typical__a_off__b_half,typical,off,half,B,12,65.000000
typical__a_off__b_half,typical,off,half,B,13,65.000000
typical__a_off__b_half,typical,off,half,B,14,65.000000
typical__a_off__b_half,typical,off,half,B,15,65.000000
typical__a_off__b_half,typical,off,half,B,16,65.000000
typical__a_off__b_half,typical,off,half,B,17,65.000000
typical__a_off__b_half,typical,off,half,B,18,65.000000
typical__a_off__b_half,typical,off,half,B,19,65.000000
typical__a_off__b_half,typical,off,half,B,20,65.000000
typical__a_off__b_half,typical,off,half,B,21,65.000000
typical__a_off__b_half,typical,off,half,B,22,65.000000
typical__a_off__b_half,typical,off,half,B,23,65.000000
typical__a_off__b_three_quarters,typical,off,three_quarters,A,0,0.000000
typical__a_off__b_three_quarters,typical,off,three_quarters,A,1,0.000000
typical__a_off__b_three_quarters,typical,off,three_quarters,A,2,0.000000
typical__a_off__b_three_quarters,typical,off,three_quarters,A,3,0.000000
typical__a_off__b_three_quarters,typical,off,three_quarters,A,4,0.000000
typical__a_off__b_three_quarters,typical,off,three_quarters,A,5,0.000000
typical__a_off__b_three_quarters,typical,off,three_quarters,A,6,0.000000
typical__a_off__b_three_quarters,typical,off,three_quarters,A,7,0.000000
typical__a_off__b_three_quarters,typical,off,three_quarters,A,8,0.000000
typical__a_off__b_three_quarters,typical,off,three_quarters,A,9,0.000000
typical__a_off__b_three_quarters,typical,off,three_quarters,A,10,0.000000
typical__a_off__b_three_quarters,typical,off,three_quarters,A,11,0.000000
typical__a_off__b_three_quarters,typical,off,three_quarters,A,12,0.000000
typical__a_off__b_three_quarters,typical,off,three_quarters,A,13,0.000000
typical__a_off__b_three_quarters,typical,off,three_quarters,A,14,0.000000
typical__a_off__b_three_quarters,typical,off,three_quarters,A,15,0.000000
typical__a_off__b_three_quarters,typical,off,three_quarters,A,16,0.000000
typical__a_off__b_three_quarters,typical,off,three_quarters,A,17,0.000000
typical__a_off__b_three_quarters,typical,off,three_quarters,A,18,0.000000
typical__a_off__b_three_quarters,typical,off,three_quarters,A,19,0.000000
typical__a_off__b_three_quarters,typical,off,three_quarters,A,20,0.000000
typical__a_off__b_three_quarters,typical,off,three_quarters,A,21,0.000000
typical__a_off__b_three_quarters,typical,off,three_quarters,A,22,0.000000
typical__a_off__b_three_quarters,typical,off,three_quarters,A,23,0.000000
typical__a_off__b_three_quarters,typical,off,three_quarters,B,0,81.500000
typical__a_off__b_three_quarters,typical,off,three_quarters,B,1,81.500000
typical__a_off__b_three_quarters,typical,off,three_quarters,B,2,81.500000
typical__a_off__b_three_quarters,typical,off,three_quarters,B,3,81.500000
typical__a_off__b_three_quarters,typical,off,three_quarters,B,4,81.500000
typical__a_off__b_three_quarters,typical,off,three_quarters,B,5,81.500000
typical__a_off__b_three_quarters,typical,off,three_quarters,B,6,81.500000
typical__a_off__b_three_quarters,typical,off,three_quarters,B,7,81.500000
typical__a_off__b_three_quarters,typical,off,three_quarters,B,8,81.500000
typical__a_off__b_three_quarters,typical,off,three_quarters,B,9,81.500000
typical__a_off__b_three_quarters,typical,off,three_quarters,B,10,81.500000
typical__a_off__b_three_quarters,typical,off,three_quarters,B,11,81.500000
typical__a_off__b_three_quarters,typical,off,three_quarters,B,12,81.500000
typical__a_off__b_three_quarters,typical,off,three_quarters,B,13,81.500000
typical__a_off__b_three_quarters,typical,off,three_quarters,B,14,81.500000
typical__a_off__b_three_quarters,typical,off,three_quarters,B,15,81.500000
typical__a_off__b_three_quarters,typical,off,three_quarters,B,16,81.500000
typical__a_off__b_three_quarters,typical,off,three_quarters,B,17,81.500000
typical__a_off__b_three_quarters,typical,off,three_quarters,B,18,81.500000
typical__a_off__b_three_quarters,typical,off,three_quarters,B,19,81.500000
typical__a_off__b_three_quarters,typical,off,three_quarters,B,20,81.500000
typical__a_off__b_three_quarters,typical,off,three_quarters,B,21,81.500000
typical__a_off__b_three_quarters,typical,off,three_quarters,B,22,81.500000
typical__a_off__b_three_quarters,typical,off,three_quarters,B,23,81.500000
typical__a_off__b_maximum,typical,off,maximum,A,0,0.000000
typical__a_off__b_maximum,typical,off,maximum,A,1,0.000000
typical__a_off__b_maximum,typical,off,maximum,A,2,0.000000
typical__a_off__b_maximum,typical,off,maximum,A,3,0.000000
typical__a_off__b_maximum,typical,off,maximum,A,4,0.000000
typical__a_off__b_maximum,typical,off,maximum,A,5,0.000000
typical__a_off__b_maximum,typical,off,maximum,A,6,0.000000
typical__a_off__b_maximum,typical,off,maximum,A,7,0.000000
typical__a_off__b_maximum,typical,off,maximum,A,8,0.000000
typical__a_off__b_maximum,typical,off,maximum,A,9,0.000000
typical__a_off__b_maximum,typical,off,maximum,A,10,0.000000
typical__a_off__b_maximum,typical,off,maximum,A,11,0.000000
typical__a_off__b_maximum,typical,off,maximum,A,12,0.000000
typical__a_off__b_maximum,typical,off,maximum,A,13,0.000000
typical__a_off__b_maximum,typical,off,maximum,A,14,0.000000
typical__a_off__b_maximum,typical,off,maximum,A,15,0.000000
typical__a_off__b_maximum,typical,off,maximum,A,16,0.000000
typical__a_off__b_maximum,typical,off,maximum,A,17,0.000000
typical__a_off__b_maximum,typical,off,maximum,A,18,0.000000
typical__a_off__b_maximum,typical,off,maximum,A,19,0.000000
typical__a_off__b_maximum,typical,off,maximum,A,20,0.000000
typical__a_off__b_maximum,typical,off,maximum,A,21,0.000000
typical__a_off__b_maximum,typical,off,maximum,A,22,0.000000
typical__a_off__b_maximum,typical,off,maximum,A,23,0.000000
typical__a_off__b_maximum,typical,off,maximum,B,0,98.000000
typical__a_off__b_maximum,typical,off,maximum,B,1,98.000000
typical__a_off__b_maximum,typical,off,maximum,B,2,98.000000
typical__a_off__b_maximum,typical,off,maximum,B,3,98.000000
typical__a_off__b_maximum,typical,off,maximum,B,4,98.000000
typical__a_off__b_maximum,typical,off,maximum,B,5,98.000000
typical__a_off__b_maximum,typical,off,maximum,B,6,98.000000
typical__a_off__b_maximum,typical,off,maximum,B,7,98.000000
typical__a_off__b_maximum,typical,off,maximum,B,8,98.000000
typical__a_off__b_maximum,typical,off,maximum,B,9,98.000000
typical__a_off__b_maximum,typical,off,maximum,B,10,98.000000
typical__a_off__b_maximum,typical,off,maximum,B,11,98.000000
typical__a_off__b_maximum,typical,off,maximum,B,12,98.000000
typical__a_off__b_maximum,typical,off,maximum,B,13,98.000000
typical__a_off__b_maximum,typical,off,maximum,B,14,98.000000
typical__a_off__b_maximum,typical,off,maximum,B,15,98.000000
typical__a_off__b_maximum,typical,off,maximum,B,16,98.000000
typical__a_off__b_maximum,typical,off,maximum,B,17,98.000000
typical__a_off__b_maximum,typical,off,maximum,B,18,98.000000
typical__a_off__b_maximum,typical,off,maximum,B,19,98.000000
typical__a_off__b_maximum,typical,off,maximum,B,20,98.000000
typical__a_off__b_maximum,typical,off,maximum,B,21,98.000000
typical__a_off__b_maximum,typical,off,maximum,B,22,98.000000
typical__a_off__b_maximum,typical,off,maximum,B,23,98.000000
typical__a_minimum__b_off,typical,minimum,off,A,0,45.000000
typical__a_minimum__b_off,typical,minimum,off,A,1,45.000000
typical__a_minimum__b_off,typical,minimum,off,A,2,45.000000
typical__a_minimum__b_off,typical,minimum,off,A,3,45.000000
typical__a_minimum__b_off,typical,minimum,off,A,4,45.000000
typical__a_minimum__b_off,typical,minimum,off,A,5,45.000000
typical__a_minimum__b_off,typical,minimum,off,A,6,45.000000
typical__a_minimum__b_off,typical,minimum,off,A,7,45.000000
typical__a_minimum__b_off,typical,minimum,off,A,8,45.000000
typical__a_minimum__b_off,typical,minimum,off,A,9,45.000000
typical__a_minimum__b_off,typical,minimum,off,A,10,45.000000
typical__a_minimum__b_off,typical,minimum,off,A,11,45.000000
typical__a_minimum__b_off,typical,minimum,off,A,12,45.000000
typical__a_minimum__b_off,typical,minimum,off,A,13,45.000000
typical__a_minimum__b_off,typical,minimum,off,A,14,45.000000
typical__a_minimum__b_off,typical,minimum,off,A,15,45.000000
typical__a_minimum__b_off,typical,minimum,off,A,16,45.000000
typical__a_minimum__b_off,typical,minimum,off,A,17,45.000000
typical__a_minimum__b_off,typical,minimum,off,A,18,45.000000
typical__a_minimum__b_off,typical,minimum,off,A,19,45.000000
typical__a_minimum__b_off,typical,minimum,off,A,20,45.000000
typical__a_minimum__b_off,typical,minimum,off,A,21,45.000000
typical__a_minimum__b_off,typical,minimum,off,A,22,45.000000
typical__a_minimum__b_off,typical,minimum,off,A,23,45.000000
typical__a_minimum__b_off,typical,minimum,off,B,0,0.000000
typical__a_minimum__b_off,typical,minimum,off,B,1,0.000000
typical__a_minimum__b_off,typical,minimum,off,B,2,0.000000
typical__a_minimum__b_off,typical,minimum,off,B,3,0.000000
typical__a_minimum__b_off,typical,minimum,off,B,4,0.000000
typical__a_minimum__b_off,typical,minimum,off,B,5,0.000000
typical__a_minimum__b_off,typical,minimum,off,B,6,0.000000
typical__a_minimum__b_off,typical,minimum,off,B,7,0.000000
typical__a_minimum__b_off,typical,minimum,off,B,8,0.000000
typical__a_minimum__b_off,typical,minimum,off,B,9,0.000000
typical__a_minimum__b_off,typical,minimum,off,B,10,0.000000
typical__a_minimum__b_off,typical,minimum,off,B,11,0.000000
typical__a_minimum__b_off,typical,minimum,off,B,12,0.000000
typical__a_minimum__b_off,typical,minimum,off,B,13,0.000000
typical__a_minimum__b_off,typical,minimum,off,B,14,0.000000
typical__a_minimum__b_off,typical,minimum,off,B,15,0.000000
typical__a_minimum__b_off,typical,minimum,off,B,16,0.000000
typical__a_minimum__b_off,typical,minimum,off,B,17,0.000000
typical__a_minimum__b_off,typical,minimum,off,B,18,0.000000
typical__a_minimum__b_off,typical,minimum,off,B,19,0.000000
typical__a_minimum__b_off,typical,minimum,off,B,20,0.000000
typical__a_minimum__b_off,typical,minimum,off,B,21,0.000000
typical__a_minimum__b_off,typical,minimum,off,B,22,0.000000
typical__a_minimum__b_off,typical,minimum,off,B,23,0.000000
typical__a_minimum__b_minimum,typical,minimum,minimum,A,0,45.000000
typical__a_minimum__b_minimum,typical,minimum,minimum,A,1,45.000000
typical__a_minimum__b_minimum,typical,minimum,minimum,A,2,45.000000
typical__a_minimum__b_minimum,typical,minimum,minimum,A,3,45.000000
typical__a_minimum__b_minimum,typical,minimum,minimum,A,4,45.000000
typical__a_minimum__b_minimum,typical,minimum,minimum,A,5,45.000000
typical__a_minimum__b_minimum,typical,minimum,minimum,A,6,45.000000
typical__a_minimum__b_minimum,typical,minimum,minimum,A,7,45.000000
typical__a_minimum__b_minimum,typical,minimum,minimum,A,8,45.000000
typical__a_minimum__b_minimum,typical,minimum,minimum,A,9,45.000000
typical__a_minimum__b_minimum,typical,minimum,minimum,A,10,45.000000
typical__a_minimum__b_minimum,typical,minimum,minimum,A,11,45.000000
typical__a_minimum__b_minimum,typical,minimum,minimum,A,12,45.000000
typical__a_minimum__b_minimum,typical,minimum,minimum,A,13,45.000000
typical__a_minimum__b_minimum,typical,minimum,minimum,A,14,45.000000
typical__a_minimum__b_minimum,typical,minimum,minimum,A,15,45.000000
typical__a_minimum__b_minimum,typical,minimum,minimum,A,16,45.000000
typical__a_minimum__b_minimum,typical,minimum,minimum,A,17,45.000000
typical__a_minimum__b_minimum,typical,minimum,minimum,A,18,45.000000
typical__a_minimum__b_minimum,typical,minimum,minimum,A,19,45.000000
typical__a_minimum__b_minimum,typical,minimum,minimum,A,20,45.000000
typical__a_minimum__b_minimum,typical,minimum,minimum,A,21,45.000000
typical__a_minimum__b_minimum,typical,minimum,minimum,A,22,45.000000
typical__a_minimum__b_minimum,typical,minimum,minimum,A,23,45.000000
typical__a_minimum__b_minimum,typical,minimum,minimum,B,0,32.000000
typical__a_minimum__b_minimum,typical,minimum,minimum,B,1,32.000000
typical__a_minimum__b_minimum,typical,minimum,minimum,B,2,32.000000
typical__a_minimum__b_minimum,typical,minimum,minimum,B,3,32.000000
typical__a_minimum__b_minimum,typical,minimum,minimum,B,4,32.000000
typical__a_minimum__b_minimum,typical,minimum,minimum,B,5,32.000000
typical__a_minimum__b_minimum,typical,minimum,minimum,B,6,32.000000
typical__a_minimum__b_minimum,typical,minimum,minimum,B,7,32.000000
typical__a_minimum__b_minimum,typical,minimum,minimum,B,8,32.000000
typical__a_minimum__b_minimum,typical,minimum,minimum,B,9,32.000000
typical__a_minimum__b_minimum,typical,minimum,minimum,B,10,32.000000
typical__a_minimum__b_minimum,typical,minimum,minimum,B,11,32.000000
typical__a_minimum__b_minimum,typical,minimum,minimum,B,12,32.000000
typical__a_minimum__b_minimum,typical,minimum,minimum,B,13,32.000000
typical__a_minimum__b_minimum,typical,minimum,minimum,B,14,32.000000
typical__a_minimum__b_minimum,typical,minimum,minimum,B,15,32.000000
typical__a_minimum__b_minimum,typical,minimum,minimum,B,16,32.000000
typical__a_minimum__b_minimum,typical,minimum,minimum,B,17,32.000000
typical__a_minimum__b_minimum,typical,minimum,minimum,B,18,32.000000
typical__a_minimum__b_minimum,typical,minimum,minimum,B,19,32.000000
typical__a_minimum__b_minimum,typical,minimum,minimum,B,20,32.000000
typical__a_minimum__b_minimum,typical,minimum,minimum,B,21,32.000000
typical__a_minimum__b_minimum,typical,minimum,minimum,B,22,32.000000
typical__a_minimum__b_minimum,typical,minimum,minimum,B,23,32.000000
typical__a_minimum__b_quarter,typical,minimum,quarter,A,0,45.000000
typical__a_minimum__b_quarter,typical,minimum,quarter,A,1,45.000000
typical__a_minimum__b_quarter,typical,minimum,quarter,A,2,45.000000
typical__a_minimum__b_quarter,typical,minimum,quarter,A,3,45.000000
typical__a_minimum__b_quarter,typical,minimum,quarter,A,4,45.000000
typical__a_minimum__b_quarter,typical,minimum,quarter,A,5,45.000000
typical__a_minimum__b_quarter,typical,minimum,quarter,A,6,45.000000
typical__a_minimum__b_quarter,typical,minimum,quarter,A,7,45.000000
typical__a_minimum__b_quarter,typical,minimum,quarter,A,8,45.000000
typical__a_minimum__b_quarter,typical,minimum,quarter,A,9,45.000000
typical__a_minimum__b_quarter,typical,minimum,quarter,A,10,45.000000
typical__a_minimum__b_quarter,typical,minimum,quarter,A,11,45.000000
typical__a_minimum__b_quarter,typical,minimum,quarter,A,12,45.000000
typical__a_minimum__b_quarter,typical,minimum,quarter,A,13,45.000000
typical__a_minimum__b_quarter,typical,minimum,quarter,A,14,45.000000
typical__a_minimum__b_quarter,typical,minimum,quarter,A,15,45.000000
typical__a_minimum__b_quarter,typical,minimum,quarter,A,16,45.000000
typical__a_minimum__b_quarter,typical,minimum,quarter,A,17,45.000000
typical__a_minimum__b_quarter,typical,minimum,quarter,A,18,45.000000
typical__a_minimum__b_quarter,typical,minimum,quarter,A,19,45.000000
typical__a_minimum__b_quarter,typical,minimum,quarter,A,20,45.000000
typical__a_minimum__b_quarter,typical,minimum,quarter,A,21,45.000000
typical__a_minimum__b_quarter,typical,minimum,quarter,A,22,45.000000
typical__a_minimum__b_quarter,typical,minimum,quarter,A,23,45.000000
typical__a_minimum__b_quarter,typical,minimum,quarter,B,0,48.500000
typical__a_minimum__b_quarter,typical,minimum,quarter,B,1,48.500000
typical__a_minimum__b_quarter,typical,minimum,quarter,B,2,48.500000
typical__a_minimum__b_quarter,typical,minimum,quarter,B,3,48.500000
typical__a_minimum__b_quarter,typical,minimum,quarter,B,4,48.500000
typical__a_minimum__b_quarter,typical,minimum,quarter,B,5,48.500000
typical__a_minimum__b_quarter,typical,minimum,quarter,B,6,48.500000
typical__a_minimum__b_quarter,typical,minimum,quarter,B,7,48.500000
typical__a_minimum__b_quarter,typical,minimum,quarter,B,8,48.500000
typical__a_minimum__b_quarter,typical,minimum,quarter,B,9,48.500000
typical__a_minimum__b_quarter,typical,minimum,quarter,B,10,48.500000
typical__a_minimum__b_quarter,typical,minimum,quarter,B,11,48.500000
typical__a_minimum__b_quarter,typical,minimum,quarter,B,12,48.500000
typical__a_minimum__b_quarter,typical,minimum,quarter,B,13,48.500000
typical__a_minimum__b_quarter,typical,minimum,quarter,B,14,48.500000
typical__a_minimum__b_quarter,typical,minimum,quarter,B,15,48.500000
typical__a_minimum__b_quarter,typical,minimum,quarter,B,16,48.500000
typical__a_minimum__b_quarter,typical,minimum,quarter,B,17,48.500000
typical__a_minimum__b_quarter,typical,minimum,quarter,B,18,48.500000
typical__a_minimum__b_quarter,typical,minimum,quarter,B,19,48.500000
typical__a_minimum__b_quarter,typical,minimum,quarter,B,20,48.500000
typical__a_minimum__b_quarter,typical,minimum,quarter,B,21,48.500000
typical__a_minimum__b_quarter,typical,minimum,quarter,B,22,48.500000
typical__a_minimum__b_quarter,typical,minimum,quarter,B,23,48.500000
typical__a_minimum__b_half,typical,minimum,half,A,0,45.000000
typical__a_minimum__b_half,typical,minimum,half,A,1,45.000000
typical__a_minimum__b_half,typical,minimum,half,A,2,45.000000
typical__a_minimum__b_half,typical,minimum,half,A,3,45.000000
typical__a_minimum__b_half,typical,minimum,half,A,4,45.000000
typical__a_minimum__b_half,typical,minimum,half,A,5,45.000000
typical__a_minimum__b_half,typical,minimum,half,A,6,45.000000
typical__a_minimum__b_half,typical,minimum,half,A,7,45.000000
typical__a_minimum__b_half,typical,minimum,half,A,8,45.000000
typical__a_minimum__b_half,typical,minimum,half,A,9,45.000000
typical__a_minimum__b_half,typical,minimum,half,A,10,45.000000
typical__a_minimum__b_half,typical,minimum,half,A,11,45.000000
typical__a_minimum__b_half,typical,minimum,half,A,12,45.000000
typical__a_minimum__b_half,typical,minimum,half,A,13,45.000000
typical__a_minimum__b_half,typical,minimum,half,A,14,45.000000
typical__a_minimum__b_half,typical,minimum,half,A,15,45.000000
typical__a_minimum__b_half,typical,minimum,half,A,16,45.000000
typical__a_minimum__b_half,typical,minimum,half,A,17,45.000000
typical__a_minimum__b_half,typical,minimum,half,A,18,45.000000
typical__a_minimum__b_half,typical,minimum,half,A,19,45.000000
typical__a_minimum__b_half,typical,minimum,half,A,20,45.000000
typical__a_minimum__b_half,typical,minimum,half,A,21,45.000000
typical__a_minimum__b_half,typical,minimum,half,A,22,45.000000
typical__a_minimum__b_half,typical,minimum,half,A,23,45.000000
typical__a_minimum__b_half,typical,minimum,half,B,0,65.000000
typical__a_minimum__b_half,typical,minimum,half,B,1,65.000000
typical__a_minimum__b_half,typical,minimum,half,B,2,65.000000
typical__a_minimum__b_half,typical,minimum,half,B,3,65.000000
typical__a_minimum__b_half,typical,minimum,half,B,4,65.000000
typical__a_minimum__b_half,typical,minimum,half,B,5,65.000000
typical__a_minimum__b_half,typical,minimum,half,B,6,65.000000
typical__a_minimum__b_half,typical,minimum,half,B,7,65.000000
typical__a_minimum__b_half,typical,minimum,half,B,8,65.000000
typical__a_minimum__b_half,typical,minimum,half,B,9,65.000000
typical__a_minimum__b_half,typical,minimum,half,B,10,65.000000
typical__a_minimum__b_half,typical,minimum,half,B,11,65.000000
typical__a_minimum__b_half,typical,minimum,half,B,12,65.000000
typical__a_minimum__b_half,typical,minimum,half,B,13,65.000000
typical__a_minimum__b_half,typical,minimum,half,B,14,65.000000
typical__a_minimum__b_half,typical,minimum,half,B,15,65.000000
typical__a_minimum__b_half,typical,minimum,half,B,16,65.000000
typical__a_minimum__b_half,typical,minimum,half,B,17,65.000000
typical__a_minimum__b_half,typical,minimum,half,B,18,65.000000
typical__a_minimum__b_half,typical,minimum,half,B,19,65.000000
typical__a_minimum__b_half,typical,minimum,half,B,20,65.000000
typical__a_minimum__b_half,typical,minimum,half,B,21,65.000000
typical__a_minimum__b_half,typical,minimum,half,B,22,65.000000
typical__a_minimum__b_half,typical,minimum,half,B,23,65.000000
typical__a_minimum__b_three_quarters,typical,minimum,three_quarters,A,0,45.000000
typical__a_minimum__b_three_quarters,typical,minimum,three_quarters,A,1,45.000000
typical__a_minimum__b_three_quarters,typical,minimum,three_quarters,A,2,45.000000
typical__a_minimum__b_three_quarters,typical,minimum,three_quarters,A,3,45.000000
typical__a_minimum__b_three_quarters,typical,minimum,three_quarters,A,4,45.000000
typical__a_minimum__b_three_quarters,typical,minimum,three_quarters,A,5,45.000000
typical__a_minimum__b_three_quarters,typical,minimum,three_quarters,A,6,45.000000
typical__a_minimum__b_three_quarters,typical,minimum,three_quarters,A,7,45.000000
typical__a_minimum__b_three_quarters,typical,minimum,three_quarters,A,8,45.000000
typical__a_minimum__b_three_quarters,typical,minimum,three_quarters,A,9,45.000000
typical__a_minimum__b_three_quarters,typical,minimum,three_quarters,A,10,45.000000
typical__a_minimum__b_three_quarters,typical,minimum,three_quarters,A,11,45.000000
typical__a_minimum__b_three_quarters,typical,minimum,three_quarters,A,12,45.000000
typical__a_minimum__b_three_quarters,typical,minimum,three_quarters,A,13,45.000000
typical__a_minimum__b_three_quarters,typical,minimum,three_quarters,A,14,45.000000
typical__a_minimum__b_three_quarters,typical,minimum,three_quarters,A,15,45.000000
typical__a_minimum__b_three_quarters,typical,minimum,three_quarters,A,16,45.000000
typical__a_minimum__b_three_quarters,typical,minimum,three_quarters,A,17,45.000000
typical__a_minimum__b_three_quarters,typical,minimum,three_quarters,A,18,45.000000
typical__a_minimum__b_three_quarters,typical,minimum,three_quarters,A,19,45.000000
typical__a_minimum__b_three_quarters,typical,minimum,three_quarters,A,20,45.000000
typical__a_minimum__b_three_quarters,typical,minimum,three_quarters,A,21,45.000000
typical__a_minimum__b_three_quarters,typical,minimum,three_quarters,A,22,45.000000
typical__a_minimum__b_three_quarters,typical,minimum,three_quarters,A,23,45.000000
typical__a_minimum__b_three_quarters,typical,minimum,three_quarters,B,0,81.500000
typical__a_minimum__b_three_quarters,typical,minimum,three_quarters,B,1,81.500000
typical__a_minimum__b_three_quarters,typical,minimum,three_quarters,B,2,81.500000
typical__a_minimum__b_three_quarters,typical,minimum,three_quarters,B,3,81.500000
typical__a_minimum__b_three_quarters,typical,minimum,three_quarters,B,4,81.500000
typical__a_minimum__b_three_quarters,typical,minimum,three_quarters,B,5,81.500000
typical__a_minimum__b_three_quarters,typical,minimum,three_quarters,B,6,81.500000
typical__a_minimum__b_three_quarters,typical,minimum,three_quarters,B,7,81.500000
typical__a_minimum__b_three_quarters,typical,minimum,three_quarters,B,8,81.500000
typical__a_minimum__b_three_quarters,typical,minimum,three_quarters,B,9,81.500000
typical__a_minimum__b_three_quarters,typical,minimum,three_quarters,B,10,81.500000
typical__a_minimum__b_three_quarters,typical,minimum,three_quarters,B,11,81.500000
typical__a_minimum__b_three_quarters,typical,minimum,three_quarters,B,12,81.500000
typical__a_minimum__b_three_quarters,typical,minimum,three_quarters,B,13,81.500000
typical__a_minimum__b_three_quarters,typical,minimum,three_quarters,B,14,81.500000
typical__a_minimum__b_three_quarters,typical,minimum,three_quarters,B,15,81.500000
typical__a_minimum__b_three_quarters,typical,minimum,three_quarters,B,16,81.500000
typical__a_minimum__b_three_quarters,typical,minimum,three_quarters,B,17,81.500000
typical__a_minimum__b_three_quarters,typical,minimum,three_quarters,B,18,81.500000
typical__a_minimum__b_three_quarters,typical,minimum,three_quarters,B,19,81.500000
typical__a_minimum__b_three_quarters,typical,minimum,three_quarters,B,20,81.500000
typical__a_minimum__b_three_quarters,typical,minimum,three_quarters,B,21,81.500000
typical__a_minimum__b_three_quarters,typical,minimum,three_quarters,B,22,81.500000
typical__a_minimum__b_three_quarters,typical,minimum,three_quarters,B,23,81.500000
typical__a_minimum__b_maximum,typical,minimum,maximum,A,0,45.000000
typical__a_minimum__b_maximum,typical,minimum,maximum,A,1,45.000000
typical__a_minimum__b_maximum,typical,minimum,maximum,A,2,45.000000
typical__a_minimum__b_maximum,typical,minimum,maximum,A,3,45.000000
typical__a_minimum__b_maximum,typical,minimum,maximum,A,4,45.000000
typical__a_minimum__b_maximum,typical,minimum,maximum,A,5,45.000000
typical__a_minimum__b_maximum,typical,minimum,maximum,A,6,45.000000
typical__a_minimum__b_maximum,typical,minimum,maximum,A,7,45.000000
typical__a_minimum__b_maximum,typical,minimum,maximum,A,8,45.000000
typical__a_minimum__b_maximum,typical,minimum,maximum,A,9,45.000000
typical__a_minimum__b_maximum,typical,minimum,maximum,A,10,45.000000
typical__a_minimum__b_maximum,typical,minimum,maximum,A,11,45.000000
typical__a_minimum__b_maximum,typical,minimum,maximum,A,12,45.000000
typical__a_minimum__b_maximum,typical,minimum,maximum,A,13,45.000000
typical__a_minimum__b_maximum,typical,minimum,maximum,A,14,45.000000
typical__a_minimum__b_maximum,typical,minimum,maximum,A,15,45.000000
typical__a_minimum__b_maximum,typical,minimum,maximum,A,16,45.000000
typical__a_minimum__b_maximum,typical,minimum,maximum,A,17,45.000000
typical__a_minimum__b_maximum,typical,minimum,maximum,A,18,45.000000
typical__a_minimum__b_maximum,typical,minimum,maximum,A,19,45.000000
typical__a_minimum__b_maximum,typical,minimum,maximum,A,20,45.000000
typical__a_minimum__b_maximum,typical,minimum,maximum,A,21,45.000000
typical__a_minimum__b_maximum,typical,minimum,maximum,A,22,45.000000
typical__a_minimum__b_maximum,typical,minimum,maximum,A,23,45.000000
typical__a_minimum__b_maximum,typical,minimum,maximum,B,0,98.000000
typical__a_minimum__b_maximum,typical,minimum,maximum,B,1,98.000000
typical__a_minimum__b_maximum,typical,minimum,maximum,B,2,98.000000
typical__a_minimum__b_maximum,typical,minimum,maximum,B,3,98.000000
typical__a_minimum__b_maximum,typical,minimum,maximum,B,4,98.000000
typical__a_minimum__b_maximum,typical,minimum,maximum,B,5,98.000000
typical__a_minimum__b_maximum,typical,minimum,maximum,B,6,98.000000
typical__a_minimum__b_maximum,typical,minimum,maximum,B,7,98.000000
typical__a_minimum__b_maximum,typical,minimum,maximum,B,8,98.000000
typical__a_minimum__b_maximum,typical,minimum,maximum,B,9,98.000000
typical__a_minimum__b_maximum,typical,minimum,maximum,B,10,98.000000
typical__a_minimum__b_maximum,typical,minimum,maximum,B,11,98.000000
typical__a_minimum__b_maximum,typical,minimum,maximum,B,12,98.000000
typical__a_minimum__b_maximum,typical,minimum,maximum,B,13,98.000000
typical__a_minimum__b_maximum,typical,minimum,maximum,B,14,98.000000
typical__a_minimum__b_maximum,typical,minimum,maximum,B,15,98.000000
typical__a_minimum__b_maximum,typical,minimum,maximum,B,16,98.000000
typical__a_minimum__b_maximum,typical,minimum,maximum,B,17,98.000000
typical__a_minimum__b_maximum,typical,minimum,maximum,B,18,98.000000
typical__a_minimum__b_maximum,typical,minimum,maximum,B,19,98.000000
typical__a_minimum__b_maximum,typical,minimum,maximum,B,20,98.000000
typical__a_minimum__b_maximum,typical,minimum,maximum,B,21,98.000000
typical__a_minimum__b_maximum,typical,minimum,maximum,B,22,98.000000
typical__a_minimum__b_maximum,typical,minimum,maximum,B,23,98.000000
typical__a_quarter__b_off,typical,quarter,off,A,0,65.750000
typical__a_quarter__b_off,typical,quarter,off,A,1,65.750000
typical__a_quarter__b_off,typical,quarter,off,A,2,65.750000
typical__a_quarter__b_off,typical,quarter,off,A,3,65.750000
typical__a_quarter__b_off,typical,quarter,off,A,4,65.750000
typical__a_quarter__b_off,typical,quarter,off,A,5,65.750000
typical__a_quarter__b_off,typical,quarter,off,A,6,65.750000
typical__a_quarter__b_off,typical,quarter,off,A,7,65.750000
typical__a_quarter__b_off,typical,quarter,off,A,8,65.750000
typical__a_quarter__b_off,typical,quarter,off,A,9,65.750000
typical__a_quarter__b_off,typical,quarter,off,A,10,65.750000
typical__a_quarter__b_off,typical,quarter,off,A,11,65.750000
typical__a_quarter__b_off,typical,quarter,off,A,12,65.750000
typical__a_quarter__b_off,typical,quarter,off,A,13,65.750000
typical__a_quarter__b_off,typical,quarter,off,A,14,65.750000
typical__a_quarter__b_off,typical,quarter,off,A,15,65.750000
typical__a_quarter__b_off,typical,quarter,off,A,16,65.750000
typical__a_quarter__b_off,typical,quarter,off,A,17,65.750000
typical__a_quarter__b_off,typical,quarter,off,A,18,65.750000
typical__a_quarter__b_off,typical,quarter,off,A,19,65.750000
typical__a_quarter__b_off,typical,quarter,off,A,20,65.750000
typical__a_quarter__b_off,typical,quarter,off,A,21,65.750000
typical__a_quarter__b_off,typical,quarter,off,A,22,65.750000
typical__a_quarter__b_off,typical,quarter,off,A,23,65.750000
typical__a_quarter__b_off,typical,quarter,off,B,0,0.000000
typical__a_quarter__b_off,typical,quarter,off,B,1,0.000000
typical__a_quarter__b_off,typical,quarter,off,B,2,0.000000
typical__a_quarter__b_off,typical,quarter,off,B,3,0.000000
typical__a_quarter__b_off,typical,quarter,off,B,4,0.000000
typical__a_quarter__b_off,typical,quarter,off,B,5,0.000000
typical__a_quarter__b_off,typical,quarter,off,B,6,0.000000
typical__a_quarter__b_off,typical,quarter,off,B,7,0.000000
typical__a_quarter__b_off,typical,quarter,off,B,8,0.000000
typical__a_quarter__b_off,typical,quarter,off,B,9,0.000000
typical__a_quarter__b_off,typical,quarter,off,B,10,0.000000
typical__a_quarter__b_off,typical,quarter,off,B,11,0.000000
typical__a_quarter__b_off,typical,quarter,off,B,12,0.000000
typical__a_quarter__b_off,typical,quarter,off,B,13,0.000000
typical__a_quarter__b_off,typical,quarter,off,B,14,0.000000
typical__a_quarter__b_off,typical,quarter,off,B,15,0.000000
typical__a_quarter__b_off,typical,quarter,off,B,16,0.000000
typical__a_quarter__b_off,typical,quarter,off,B,17,0.000000
typical__a_quarter__b_off,typical,quarter,off,B,18,0.000000
typical__a_quarter__b_off,typical,quarter,off,B,19,0.000000
typical__a_quarter__b_off,typical,quarter,off,B,20,0.000000
typical__a_quarter__b_off,typical,quarter,off,B,21,0.000000
typical__a_quarter__b_off,typical,quarter,off,B,22,0.000000
typical__a_quarter__b_off,typical,quarter,off,B,23,0.000000
typical__a_quarter__b_minimum,typical,quarter,minimum,A,0,65.750000
typical__a_quarter__b_minimum,typical,quarter,minimum,A,1,65.750000
typical__a_quarter__b_minimum,typical,quarter,minimum,A,2,65.750000
typical__a_quarter__b_minimum,typical,quarter,minimum,A,3,65.750000
typical__a_quarter__b_minimum,typical,quarter,minimum,A,4,65.750000
typical__a_quarter__b_minimum,typical,quarter,minimum,A,5,65.750000
typical__a_quarter__b_minimum,typical,quarter,minimum,A,6,65.750000
typical__a_quarter__b_minimum,typical,quarter,minimum,A,7,65.750000
typical__a_quarter__b_minimum,typical,quarter,minimum,A,8,65.750000
typical__a_quarter__b_minimum,typical,quarter,minimum,A,9,65.750000
typical__a_quarter__b_minimum,typical,quarter,minimum,A,10,65.750000
typical__a_quarter__b_minimum,typical,quarter,minimum,A,11,65.750000
typical__a_quarter__b_minimum,typical,quarter,minimum,A,12,65.750000
typical__a_quarter__b_minimum,typical,quarter,minimum,A,13,65.750000
typical__a_quarter__b_minimum,typical,quarter,minimum,A,14,65.750000
typical__a_quarter__b_minimum,typical,quarter,minimum,A,15,65.750000
typical__a_quarter__b_minimum,typical,quarter,minimum,A,16,65.750000
typical__a_quarter__b_minimum,typical,quarter,minimum,A,17,65.750000
typical__a_quarter__b_minimum,typical,quarter,minimum,A,18,65.750000
typical__a_quarter__b_minimum,typical,quarter,minimum,A,19,65.750000
typical__a_quarter__b_minimum,typical,quarter,minimum,A,20,65.750000
typical__a_quarter__b_minimum,typical,quarter,minimum,A,21,65.750000
typical__a_quarter__b_minimum,typical,quarter,minimum,A,22,65.750000
typical__a_quarter__b_minimum,typical,quarter,minimum,A,23,65.750000
typical__a_quarter__b_minimum,typical,quarter,minimum,B,0,32.000000
typical__a_quarter__b_minimum,typical,quarter,minimum,B,1,32.000000
typical__a_quarter__b_minimum,typical,quarter,minimum,B,2,32.000000
typical__a_quarter__b_minimum,typical,quarter,minimum,B,3,32.000000
typical__a_quarter__b_minimum,typical,quarter,minimum,B,4,32.000000
typical__a_quarter__b_minimum,typical,quarter,minimum,B,5,32.000000
typical__a_quarter__b_minimum,typical,quarter,minimum,B,6,32.000000
typical__a_quarter__b_minimum,typical,quarter,minimum,B,7,32.000000
typical__a_quarter__b_minimum,typical,quarter,minimum,B,8,32.000000
typical__a_quarter__b_minimum,typical,quarter,minimum,B,9,32.000000
typical__a_quarter__b_minimum,typical,quarter,minimum,B,10,32.000000
typical__a_quarter__b_minimum,typical,quarter,minimum,B,11,32.000000
typical__a_quarter__b_minimum,typical,quarter,minimum,B,12,32.000000
typical__a_quarter__b_minimum,typical,quarter,minimum,B,13,32.000000
typical__a_quarter__b_minimum,typical,quarter,minimum,B,14,32.000000
typical__a_quarter__b_minimum,typical,quarter,minimum,B,15,32.000000
typical__a_quarter__b_minimum,typical,quarter,minimum,B,16,32.000000
typical__a_quarter__b_minimum,typical,quarter,minimum,B,17,32.000000
typical__a_quarter__b_minimum,typical,quarter,minimum,B,18,32.000000
typical__a_quarter__b_minimum,typical,quarter,minimum,B,19,32.000000
typical__a_quarter__b_minimum,typical,quarter,minimum,B,20,32.000000
typical__a_quarter__b_minimum,typical,quarter,minimum,B,21,32.000000
typical__a_quarter__b_minimum,typical,quarter,minimum,B,22,32.000000
typical__a_quarter__b_minimum,typical,quarter,minimum,B,23,32.000000
typical__a_quarter__b_quarter,typical,quarter,quarter,A,0,65.750000
typical__a_quarter__b_quarter,typical,quarter,quarter,A,1,65.750000
typical__a_quarter__b_quarter,typical,quarter,quarter,A,2,65.750000
typical__a_quarter__b_quarter,typical,quarter,quarter,A,3,65.750000
typical__a_quarter__b_quarter,typical,quarter,quarter,A,4,65.750000
typical__a_quarter__b_quarter,typical,quarter,quarter,A,5,65.750000
typical__a_quarter__b_quarter,typical,quarter,quarter,A,6,65.750000
typical__a_quarter__b_quarter,typical,quarter,quarter,A,7,65.750000
typical__a_quarter__b_quarter,typical,quarter,quarter,A,8,65.750000
typical__a_quarter__b_quarter,typical,quarter,quarter,A,9,65.750000
typical__a_quarter__b_quarter,typical,quarter,quarter,A,10,65.750000
typical__a_quarter__b_quarter,typical,quarter,quarter,A,11,65.750000
typical__a_quarter__b_quarter,typical,quarter,quarter,A,12,65.750000
typical__a_quarter__b_quarter,typical,quarter,quarter,A,13,65.750000
typical__a_quarter__b_quarter,typical,quarter,quarter,A,14,65.750000
typical__a_quarter__b_quarter,typical,quarter,quarter,A,15,65.750000
typical__a_quarter__b_quarter,typical,quarter,quarter,A,16,65.750000
typical__a_quarter__b_quarter,typical,quarter,quarter,A,17,65.750000
typical__a_quarter__b_quarter,typical,quarter,quarter,A,18,65.750000
typical__a_quarter__b_quarter,typical,quarter,quarter,A,19,65.750000
typical__a_quarter__b_quarter,typical,quarter,quarter,A,20,65.750000
typical__a_quarter__b_quarter,typical,quarter,quarter,A,21,65.750000
typical__a_quarter__b_quarter,typical,quarter,quarter,A,22,65.750000
typical__a_quarter__b_quarter,typical,quarter,quarter,A,23,65.750000
typical__a_quarter__b_quarter,typical,quarter,quarter,B,0,48.500000
typical__a_quarter__b_quarter,typical,quarter,quarter,B,1,48.500000
typical__a_quarter__b_quarter,typical,quarter,quarter,B,2,48.500000
typical__a_quarter__b_quarter,typical,quarter,quarter,B,3,48.500000
typical__a_quarter__b_quarter,typical,quarter,quarter,B,4,48.500000
typical__a_quarter__b_quarter,typical,quarter,quarter,B,5,48.500000
typical__a_quarter__b_quarter,typical,quarter,quarter,B,6,48.500000
typical__a_quarter__b_quarter,typical,quarter,quarter,B,7,48.500000
typical__a_quarter__b_quarter,typical,quarter,quarter,B,8,48.500000
typical__a_quarter__b_quarter,typical,quarter,quarter,B,9,48.500000
typical__a_quarter__b_quarter,typical,quarter,quarter,B,10,48.500000
typical__a_quarter__b_quarter,typical,quarter,quarter,B,11,48.500000
typical__a_quarter__b_quarter,typical,quarter,quarter,B,12,48.500000
typical__a_quarter__b_quarter,typical,quarter,quarter,B,13,48.500000
typical__a_quarter__b_quarter,typical,quarter,quarter,B,14,48.500000
typical__a_quarter__b_quarter,typical,quarter,quarter,B,15,48.500000
typical__a_quarter__b_quarter,typical,quarter,quarter,B,16,48.500000
typical__a_quarter__b_quarter,typical,quarter,quarter,B,17,48.500000
typical__a_quarter__b_quarter,typical,quarter,quarter,B,18,48.500000
typical__a_quarter__b_quarter,typical,quarter,quarter,B,19,48.500000
typical__a_quarter__b_quarter,typical,quarter,quarter,B,20,48.500000
typical__a_quarter__b_quarter,typical,quarter,quarter,B,21,48.500000
typical__a_quarter__b_quarter,typical,quarter,quarter,B,22,48.500000
typical__a_quarter__b_quarter,typical,quarter,quarter,B,23,48.500000
typical__a_quarter__b_half,typical,quarter,half,A,0,65.750000
typical__a_quarter__b_half,typical,quarter,half,A,1,65.750000
typical__a_quarter__b_half,typical,quarter,half,A,2,65.750000
typical__a_quarter__b_half,typical,quarter,half,A,3,65.750000
typical__a_quarter__b_half,typical,quarter,half,A,4,65.750000
typical__a_quarter__b_half,typical,quarter,half,A,5,65.750000
typical__a_quarter__b_half,typical,quarter,half,A,6,65.750000
typical__a_quarter__b_half,typical,quarter,half,A,7,65.750000
typical__a_quarter__b_half,typical,quarter,half,A,8,65.750000
typical__a_quarter__b_half,typical,quarter,half,A,9,65.750000
typical__a_quarter__b_half,typical,quarter,half,A,10,65.750000
typical__a_quarter__b_half,typical,quarter,half,A,11,65.750000
typical__a_quarter__b_half,typical,quarter,half,A,12,65.750000
typical__a_quarter__b_half,typical,quarter,half,A,13,65.750000
typical__a_quarter__b_half,typical,quarter,half,A,14,65.750000
typical__a_quarter__b_half,typical,quarter,half,A,15,65.750000
typical__a_quarter__b_half,typical,quarter,half,A,16,65.750000
typical__a_quarter__b_half,typical,quarter,half,A,17,65.750000
typical__a_quarter__b_half,typical,quarter,half,A,18,65.750000
typical__a_quarter__b_half,typical,quarter,half,A,19,65.750000
typical__a_quarter__b_half,typical,quarter,half,A,20,65.750000
typical__a_quarter__b_half,typical,quarter,half,A,21,65.750000
typical__a_quarter__b_half,typical,quarter,half,A,22,65.750000
typical__a_quarter__b_half,typical,quarter,half,A,23,65.750000
typical__a_quarter__b_half,typical,quarter,half,B,0,65.000000
typical__a_quarter__b_half,typical,quarter,half,B,1,65.000000
typical__a_quarter__b_half,typical,quarter,half,B,2,65.000000
typical__a_quarter__b_half,typical,quarter,half,B,3,65.000000
typical__a_quarter__b_half,typical,quarter,half,B,4,65.000000
typical__a_quarter__b_half,typical,quarter,half,B,5,65.000000
typical__a_quarter__b_half,typical,quarter,half,B,6,65.000000
typical__a_quarter__b_half,typical,quarter,half,B,7,65.000000
typical__a_quarter__b_half,typical,quarter,half,B,8,65.000000
typical__a_quarter__b_half,typical,quarter,half,B,9,65.000000
typical__a_quarter__b_half,typical,quarter,half,B,10,65.000000
typical__a_quarter__b_half,typical,quarter,half,B,11,65.000000
typical__a_quarter__b_half,typical,quarter,half,B,12,65.000000
typical__a_quarter__b_half,typical,quarter,half,B,13,65.000000
typical__a_quarter__b_half,typical,quarter,half,B,14,65.000000
typical__a_quarter__b_half,typical,quarter,half,B,15,65.000000
typical__a_quarter__b_half,typical,quarter,half,B,16,65.000000
typical__a_quarter__b_half,typical,quarter,half,B,17,65.000000
typical__a_quarter__b_half,typical,quarter,half,B,18,65.000000
typical__a_quarter__b_half,typical,quarter,half,B,19,65.000000
typical__a_quarter__b_half,typical,quarter,half,B,20,65.000000
typical__a_quarter__b_half,typical,quarter,half,B,21,65.000000
typical__a_quarter__b_half,typical,quarter,half,B,22,65.000000
typical__a_quarter__b_half,typical,quarter,half,B,23,65.000000
typical__a_quarter__b_three_quarters,typical,quarter,three_quarters,A,0,65.750000
typical__a_quarter__b_three_quarters,typical,quarter,three_quarters,A,1,65.750000
typical__a_quarter__b_three_quarters,typical,quarter,three_quarters,A,2,65.750000
typical__a_quarter__b_three_quarters,typical,quarter,three_quarters,A,3,65.750000
typical__a_quarter__b_three_quarters,typical,quarter,three_quarters,A,4,65.750000
typical__a_quarter__b_three_quarters,typical,quarter,three_quarters,A,5,65.750000
typical__a_quarter__b_three_quarters,typical,quarter,three_quarters,A,6,65.750000
typical__a_quarter__b_three_quarters,typical,quarter,three_quarters,A,7,65.750000
typical__a_quarter__b_three_quarters,typical,quarter,three_quarters,A,8,65.750000
typical__a_quarter__b_three_quarters,typical,quarter,three_quarters,A,9,65.750000
typical__a_quarter__b_three_quarters,typical,quarter,three_quarters,A,10,65.750000
typical__a_quarter__b_three_quarters,typical,quarter,three_quarters,A,11,65.750000
typical__a_quarter__b_three_quarters,typical,quarter,three_quarters,A,12,65.750000
typical__a_quarter__b_three_quarters,typical,quarter,three_quarters,A,13,65.750000
typical__a_quarter__b_three_quarters,typical,quarter,three_quarters,A,14,65.750000
typical__a_quarter__b_three_quarters,typical,quarter,three_quarters,A,15,65.750000
typical__a_quarter__b_three_quarters,typical,quarter,three_quarters,A,16,65.750000
typical__a_quarter__b_three_quarters,typical,quarter,three_quarters,A,17,65.750000
typical__a_quarter__b_three_quarters,typical,quarter,three_quarters,A,18,65.750000
typical__a_quarter__b_three_quarters,typical,quarter,three_quarters,A,19,65.750000
typical__a_quarter__b_three_quarters,typical,quarter,three_quarters,A,20,65.750000
typical__a_quarter__b_three_quarters,typical,quarter,three_quarters,A,21,65.750000
typical__a_quarter__b_three_quarters,typical,quarter,three_quarters,A,22,65.750000
typical__a_quarter__b_three_quarters,typical,quarter,three_quarters,A,23,65.750000
typical__a_quarter__b_three_quarters,typical,quarter,three_quarters,B,0,81.500000
typical__a_quarter__b_three_quarters,typical,quarter,three_quarters,B,1,81.500000
typical__a_quarter__b_three_quarters,typical,quarter,three_quarters,B,2,81.500000
typical__a_quarter__b_three_quarters,typical,quarter,three_quarters,B,3,81.500000
typical__a_quarter__b_three_quarters,typical,quarter,three_quarters,B,4,81.500000
typical__a_quarter__b_three_quarters,typical,quarter,three_quarters,B,5,81.500000
typical__a_quarter__b_three_quarters,typical,quarter,three_quarters,B,6,81.500000
typical__a_quarter__b_three_quarters,typical,quarter,three_quarters,B,7,81.500000
typical__a_quarter__b_three_quarters,typical,quarter,three_quarters,B,8,81.500000
typical__a_quarter__b_three_quarters,typical,quarter,three_quarters,B,9,81.500000
typical__a_quarter__b_three_quarters,typical,quarter,three_quarters,B,10,81.500000
typical__a_quarter__b_three_quarters,typical,quarter,three_quarters,B,11,81.500000
typical__a_quarter__b_three_quarters,typical,quarter,three_quarters,B,12,81.500000
typical__a_quarter__b_three_quarters,typical,quarter,three_quarters,B,13,81.500000
typical__a_quarter__b_three_quarters,typical,quarter,three_quarters,B,14,81.500000
typical__a_quarter__b_three_quarters,typical,quarter,three_quarters,B,15,81.500000
typical__a_quarter__b_three_quarters,typical,quarter,three_quarters,B,16,81.500000
typical__a_quarter__b_three_quarters,typical,quarter,three_quarters,B,17,81.500000
typical__a_quarter__b_three_quarters,typical,quarter,three_quarters,B,18,81.500000
typical__a_quarter__b_three_quarters,typical,quarter,three_quarters,B,19,81.500000
typical__a_quarter__b_three_quarters,typical,quarter,three_quarters,B,20,81.500000
typical__a_quarter__b_three_quarters,typical,quarter,three_quarters,B,21,81.500000
typical__a_quarter__b_three_quarters,typical,quarter,three_quarters,B,22,81.500000
typical__a_quarter__b_three_quarters,typical,quarter,three_quarters,B,23,81.500000
typical__a_quarter__b_maximum,typical,quarter,maximum,A,0,65.750000
typical__a_quarter__b_maximum,typical,quarter,maximum,A,1,65.750000
typical__a_quarter__b_maximum,typical,quarter,maximum,A,2,65.750000
typical__a_quarter__b_maximum,typical,quarter,maximum,A,3,65.750000
typical__a_quarter__b_maximum,typical,quarter,maximum,A,4,65.750000
typical__a_quarter__b_maximum,typical,quarter,maximum,A,5,65.750000
typical__a_quarter__b_maximum,typical,quarter,maximum,A,6,65.750000
typical__a_quarter__b_maximum,typical,quarter,maximum,A,7,65.750000
typical__a_quarter__b_maximum,typical,quarter,maximum,A,8,65.750000
typical__a_quarter__b_maximum,typical,quarter,maximum,A,9,65.750000
typical__a_quarter__b_maximum,typical,quarter,maximum,A,10,65.750000
typical__a_quarter__b_maximum,typical,quarter,maximum,A,11,65.750000
typical__a_quarter__b_maximum,typical,quarter,maximum,A,12,65.750000
typical__a_quarter__b_maximum,typical,quarter,maximum,A,13,65.750000
typical__a_quarter__b_maximum,typical,quarter,maximum,A,14,65.750000
typical__a_quarter__b_maximum,typical,quarter,maximum,A,15,65.750000
typical__a_quarter__b_maximum,typical,quarter,maximum,A,16,65.750000
typical__a_quarter__b_maximum,typical,quarter,maximum,A,17,65.750000
typical__a_quarter__b_maximum,typical,quarter,maximum,A,18,65.750000
typical__a_quarter__b_maximum,typical,quarter,maximum,A,19,65.750000
typical__a_quarter__b_maximum,typical,quarter,maximum,A,20,65.750000
typical__a_quarter__b_maximum,typical,quarter,maximum,A,21,65.750000
typical__a_quarter__b_maximum,typical,quarter,maximum,A,22,65.750000
typical__a_quarter__b_maximum,typical,quarter,maximum,A,23,65.750000
typical__a_quarter__b_maximum,typical,quarter,maximum,B,0,98.000000
typical__a_quarter__b_maximum,typical,quarter,maximum,B,1,98.000000
typical__a_quarter__b_maximum,typical,quarter,maximum,B,2,98.000000
typical__a_quarter__b_maximum,typical,quarter,maximum,B,3,98.000000
typical__a_quarter__b_maximum,typical,quarter,maximum,B,4,98.000000
typical__a_quarter__b_maximum,typical,quarter,maximum,B,5,98.000000
typical__a_quarter__b_maximum,typical,quarter,maximum,B,6,98.000000
typical__a_quarter__b_maximum,typical,quarter,maximum,B,7,98.000000
typical__a_quarter__b_maximum,typical,quarter,maximum,B,8,98.000000
typical__a_quarter__b_maximum,typical,quarter,maximum,B,9,98.000000
typical__a_quarter__b_maximum,typical,quarter,maximum,B,10,98.000000
typical__a_quarter__b_maximum,typical,quarter,maximum,B,11,98.000000
typical__a_quarter__b_maximum,typical,quarter,maximum,B,12,98.000000
typical__a_quarter__b_maximum,typical,quarter,maximum,B,13,98.000000
typical__a_quarter__b_maximum,typical,quarter,maximum,B,14,98.000000
typical__a_quarter__b_maximum,typical,quarter,maximum,B,15,98.000000
typical__a_quarter__b_maximum,typical,quarter,maximum,B,16,98.000000
typical__a_quarter__b_maximum,typical,quarter,maximum,B,17,98.000000
typical__a_quarter__b_maximum,typical,quarter,maximum,B,18,98.000000
typical__a_quarter__b_maximum,typical,quarter,maximum,B,19,98.000000
typical__a_quarter__b_maximum,typical,quarter,maximum,B,20,98.000000
typical__a_quarter__b_maximum,typical,quarter,maximum,B,21,98.000000
typical__a_quarter__b_maximum,typical,quarter,maximum,B,22,98.000000
typical__a_quarter__b_maximum,typical,quarter,maximum,B,23,98.000000
typical__a_half__b_off,typical,half,off,A,0,86.500000
typical__a_half__b_off,typical,half,off,A,1,86.500000
typical__a_half__b_off,typical,half,off,A,2,86.500000
typical__a_half__b_off,typical,half,off,A,3,86.500000
typical__a_half__b_off,typical,half,off,A,4,86.500000
typical__a_half__b_off,typical,half,off,A,5,86.500000
typical__a_half__b_off,typical,half,off,A,6,86.500000
typical__a_half__b_off,typical,half,off,A,7,86.500000
typical__a_half__b_off,typical,half,off,A,8,86.500000
typical__a_half__b_off,typical,half,off,A,9,86.500000
typical__a_half__b_off,typical,half,off,A,10,86.500000
typical__a_half__b_off,typical,half,off,A,11,86.500000
typical__a_half__b_off,typical,half,off,A,12,86.500000
typical__a_half__b_off,typical,half,off,A,13,86.500000
typical__a_half__b_off,typical,half,off,A,14,86.500000
typical__a_half__b_off,typical,half,off,A,15,86.500000
typical__a_half__b_off,typical,half,off,A,16,86.500000
typical__a_half__b_off,typical,half,off,A,17,86.500000
typical__a_half__b_off,typical,half,off,A,18,86.500000
typical__a_half__b_off,typical,half,off,A,19,86.500000
typical__a_half__b_off,typical,half,off,A,20,86.500000
typical__a_half__b_off,typical,half,off,A,21,86.500000
typical__a_half__b_off,typical,half,off,A,22,86.500000
typical__a_half__b_off,typical,half,off,A,23,86.500000
typical__a_half__b_off,typical,half,off,B,0,0.000000
typical__a_half__b_off,typical,half,off,B,1,0.000000
typical__a_half__b_off,typical,half,off,B,2,0.000000
typical__a_half__b_off,typical,half,off,B,3,0.000000
typical__a_half__b_off,typical,half,off,B,4,0.000000
typical__a_half__b_off,typical,half,off,B,5,0.000000
typical__a_half__b_off,typical,half,off,B,6,0.000000
typical__a_half__b_off,typical,half,off,B,7,0.000000
typical__a_half__b_off,typical,half,off,B,8,0.000000
typical__a_half__b_off,typical,half,off,B,9,0.000000
typical__a_half__b_off,typical,half,off,B,10,0.000000
typical__a_half__b_off,typical,half,off,B,11,0.000000
typical__a_half__b_off,typical,half,off,B,12,0.000000
typical__a_half__b_off,typical,half,off,B,13,0.000000
typical__a_half__b_off,typical,half,off,B,14,0.000000
typical__a_half__b_off,typical,half,off,B,15,0.000000
typical__a_half__b_off,typical,half,off,B,16,0.000000
typical__a_half__b_off,typical,half,off,B,17,0.000000
typical__a_half__b_off,typical,half,off,B,18,0.000000
typical__a_half__b_off,typical,half,off,B,19,0.000000
typical__a_half__b_off,typical,half,off,B,20,0.000000
typical__a_half__b_off,typical,half,off,B,21,0.000000
typical__a_half__b_off,typical,half,off,B,22,0.000000
typical__a_half__b_off,typical,half,off,B,23,0.000000
typical__a_half__b_minimum,typical,half,minimum,A,0,86.500000
typical__a_half__b_minimum,typical,half,minimum,A,1,86.500000
typical__a_half__b_minimum,typical,half,minimum,A,2,86.500000
typical__a_half__b_minimum,typical,half,minimum,A,3,86.500000
typical__a_half__b_minimum,typical,half,minimum,A,4,86.500000
typical__a_half__b_minimum,typical,half,minimum,A,5,86.500000
typical__a_half__b_minimum,typical,half,minimum,A,6,86.500000
typical__a_half__b_minimum,typical,half,minimum,A,7,86.500000
typical__a_half__b_minimum,typical,half,minimum,A,8,86.500000
typical__a_half__b_minimum,typical,half,minimum,A,9,86.500000
typical__a_half__b_minimum,typical,half,minimum,A,10,86.500000
typical__a_half__b_minimum,typical,half,minimum,A,11,86.500000
typical__a_half__b_minimum,typical,half,minimum,A,12,86.500000
typical__a_half__b_minimum,typical,half,minimum,A,13,86.500000
typical__a_half__b_minimum,typical,half,minimum,A,14,86.500000
typical__a_half__b_minimum,typical,half,minimum,A,15,86.500000
typical__a_half__b_minimum,typical,half,minimum,A,16,86.500000
typical__a_half__b_minimum,typical,half,minimum,A,17,86.500000
typical__a_half__b_minimum,typical,half,minimum,A,18,86.500000
typical__a_half__b_minimum,typical,half,minimum,A,19,86.500000
typical__a_half__b_minimum,typical,half,minimum,A,20,86.500000
typical__a_half__b_minimum,typical,half,minimum,A,21,86.500000
typical__a_half__b_minimum,typical,half,minimum,A,22,86.500000
typical__a_half__b_minimum,typical,half,minimum,A,23,86.500000
typical__a_half__b_minimum,typical,half,minimum,B,0,32.000000
typical__a_half__b_minimum,typical,half,minimum,B,1,32.000000
typical__a_half__b_minimum,typical,half,minimum,B,2,32.000000
typical__a_half__b_minimum,typical,half,minimum,B,3,32.000000
typical__a_half__b_minimum,typical,half,minimum,B,4,32.000000
typical__a_half__b_minimum,typical,half,minimum,B,5,32.000000
typical__a_half__b_minimum,typical,half,minimum,B,6,32.000000
typical__a_half__b_minimum,typical,half,minimum,B,7,32.000000
typical__a_half__b_minimum,typical,half,minimum,B,8,32.000000
typical__a_half__b_minimum,typical,half,minimum,B,9,32.000000
typical__a_half__b_minimum,typical,half,minimum,B,10,32.000000
typical__a_half__b_minimum,typical,half,minimum,B,11,32.000000
typical__a_half__b_minimum,typical,half,minimum,B,12,32.000000
typical__a_half__b_minimum,typical,half,minimum,B,13,32.000000
typical__a_half__b_minimum,typical,half,minimum,B,14,32.000000
typical__a_half__b_minimum,typical,half,minimum,B,15,32.000000
typical__a_half__b_minimum,typical,half,minimum,B,16,32.000000
typical__a_half__b_minimum,typical,half,minimum,B,17,32.000000
typical__a_half__b_minimum,typical,half,minimum,B,18,32.000000
typical__a_half__b_minimum,typical,half,minimum,B,19,32.000000
typical__a_half__b_minimum,typical,half,minimum,B,20,32.000000
typical__a_half__b_minimum,typical,half,minimum,B,21,32.000000
typical__a_half__b_minimum,typical,half,minimum,B,22,32.000000
typical__a_half__b_minimum,typical,half,minimum,B,23,32.000000
typical__a_half__b_quarter,typical,half,quarter,A,0,86.500000
typical__a_half__b_quarter,typical,half,quarter,A,1,86.500000
typical__a_half__b_quarter,typical,half,quarter,A,2,86.500000
typical__a_half__b_quarter,typical,half,quarter,A,3,86.500000
typical__a_half__b_quarter,typical,half,quarter,A,4,86.500000
typical__a_half__b_quarter,typical,half,quarter,A,5,86.500000
typical__a_half__b_quarter,typical,half,quarter,A,6,86.500000
typical__a_half__b_quarter,typical,half,quarter,A,7,86.500000
typical__a_half__b_quarter,typical,half,quarter,A,8,86.500000
typical__a_half__b_quarter,typical,half,quarter,A,9,86.500000
typical__a_half__b_quarter,typical,half,quarter,A,10,86.500000
typical__a_half__b_quarter,typical,half,quarter,A,11,86.500000
typical__a_half__b_quarter,typical,half,quarter,A,12,86.500000
typical__a_half__b_quarter,typical,half,quarter,A,13,86.500000
typical__a_half__b_quarter,typical,half,quarter,A,14,86.500000
typical__a_half__b_quarter,typical,half,quarter,A,15,86.500000
typical__a_half__b_quarter,typical,half,quarter,A,16,86.500000
typical__a_half__b_quarter,typical,half,quarter,A,17,86.500000
typical__a_half__b_quarter,typical,half,quarter,A,18,86.500000
typical__a_half__b_quarter,typical,half,quarter,A,19,86.500000
typical__a_half__b_quarter,typical,half,quarter,A,20,86.500000
typical__a_half__b_quarter,typical,half,quarter,A,21,86.500000
typical__a_half__b_quarter,typical,half,quarter,A,22,86.500000
typical__a_half__b_quarter,typical,half,quarter,A,23,86.500000
typical__a_half__b_quarter,typical,half,quarter,B,0,48.500000
typical__a_half__b_quarter,typical,half,quarter,B,1,48.500000
typical__a_half__b_quarter,typical,half,quarter,B,2,48.500000
typical__a_half__b_quarter,typical,half,quarter,B,3,48.500000
typical__a_half__b_quarter,typical,half,quarter,B,4,48.500000
typical__a_half__b_quarter,typical,half,quarter,B,5,48.500000
typical__a_half__b_quarter,typical,half,quarter,B,6,48.500000
typical__a_half__b_quarter,typical,half,quarter,B,7,48.500000
typical__a_half__b_quarter,typical,half,quarter,B,8,48.500000
typical__a_half__b_quarter,typical,half,quarter,B,9,48.500000
typical__a_half__b_quarter,typical,half,quarter,B,10,48.500000
typical__a_half__b_quarter,typical,half,quarter,B,11,48.500000
typical__a_half__b_quarter,typical,half,quarter,B,12,48.500000
typical__a_half__b_quarter,typical,half,quarter,B,13,48.500000
typical__a_half__b_quarter,typical,half,quarter,B,14,48.500000
typical__a_half__b_quarter,typical,half,quarter,B,15,48.500000
typical__a_half__b_quarter,typical,half,quarter,B,16,48.500000
typical__a_half__b_quarter,typical,half,quarter,B,17,48.500000
typical__a_half__b_quarter,typical,half,quarter,B,18,48.500000
typical__a_half__b_quarter,typical,half,quarter,B,19,48.500000
typical__a_half__b_quarter,typical,half,quarter,B,20,48.500000
typical__a_half__b_quarter,typical,half,quarter,B,21,48.500000
typical__a_half__b_quarter,typical,half,quarter,B,22,48.500000
typical__a_half__b_quarter,typical,half,quarter,B,23,48.500000
typical__a_half__b_half,typical,half,half,A,0,86.500000
typical__a_half__b_half,typical,half,half,A,1,86.500000
typical__a_half__b_half,typical,half,half,A,2,86.500000
typical__a_half__b_half,typical,half,half,A,3,86.500000
typical__a_half__b_half,typical,half,half,A,4,86.500000
typical__a_half__b_half,typical,half,half,A,5,86.500000
typical__a_half__b_half,typical,half,half,A,6,86.500000
typical__a_half__b_half,typical,half,half,A,7,86.500000
typical__a_half__b_half,typical,half,half,A,8,86.500000
typical__a_half__b_half,typical,half,half,A,9,86.500000
typical__a_half__b_half,typical,half,half,A,10,86.500000
typical__a_half__b_half,typical,half,half,A,11,86.500000
typical__a_half__b_half,typical,half,half,A,12,86.500000
typical__a_half__b_half,typical,half,half,A,13,86.500000
typical__a_half__b_half,typical,half,half,A,14,86.500000
typical__a_half__b_half,typical,half,half,A,15,86.500000
typical__a_half__b_half,typical,half,half,A,16,86.500000
typical__a_half__b_half,typical,half,half,A,17,86.500000
typical__a_half__b_half,typical,half,half,A,18,86.500000
typical__a_half__b_half,typical,half,half,A,19,86.500000
typical__a_half__b_half,typical,half,half,A,20,86.500000
typical__a_half__b_half,typical,half,half,A,21,86.500000
typical__a_half__b_half,typical,half,half,A,22,86.500000
typical__a_half__b_half,typical,half,half,A,23,86.500000
typical__a_half__b_half,typical,half,half,B,0,65.000000
typical__a_half__b_half,typical,half,half,B,1,65.000000
typical__a_half__b_half,typical,half,half,B,2,65.000000
typical__a_half__b_half,typical,half,half,B,3,65.000000
typical__a_half__b_half,typical,half,half,B,4,65.000000
typical__a_half__b_half,typical,half,half,B,5,65.000000
typical__a_half__b_half,typical,half,half,B,6,65.000000
typical__a_half__b_half,typical,half,half,B,7,65.000000
typical__a_half__b_half,typical,half,half,B,8,65.000000
typical__a_half__b_half,typical,half,half,B,9,65.000000
typical__a_half__b_half,typical,half,half,B,10,65.000000
typical__a_half__b_half,typical,half,half,B,11,65.000000
typical__a_half__b_half,typical,half,half,B,12,65.000000
typical__a_half__b_half,typical,half,half,B,13,65.000000
typical__a_half__b_half,typical,half,half,B,14,65.000000
typical__a_half__b_half,typical,half,half,B,15,65.000000
typical__a_half__b_half,typical,half,half,B,16,65.000000
typical__a_half__b_half,typical,half,half,B,17,65.000000
typical__a_half__b_half,typical,half,half,B,18,65.000000
typical__a_half__b_half,typical,half,half,B,19,65.000000
typical__a_half__b_half,typical,half,half,B,20,65.000000
typical__a_half__b_half,typical,half,half,B,21,65.000000
typical__a_half__b_half,typical,half,half,B,22,65.000000
typical__a_half__b_half,typical,half,half,B,23,65.000000
typical__a_half__b_three_quarters,typical,half,three_quarters,A,0,86.500000
typical__a_half__b_three_quarters,typical,half,three_quarters,A,1,86.500000
typical__a_half__b_three_quarters,typical,half,three_quarters,A,2,86.500000
typical__a_half__b_three_quarters,typical,half,three_quarters,A,3,86.500000
typical__a_half__b_three_quarters,typical,half,three_quarters,A,4,86.500000
typical__a_half__b_three_quarters,typical,half,three_quarters,A,5,86.500000
typical__a_half__b_three_quarters,typical,half,three_quarters,A,6,86.500000
typical__a_half__b_three_quarters,typical,half,three_quarters,A,7,86.500000
typical__a_half__b_three_quarters,typical,half,three_quarters,A,8,86.500000
typical__a_half__b_three_quarters,typical,half,three_quarters,A,9,86.500000
typical__a_half__b_three_quarters,typical,half,three_quarters,A,10,86.500000
typical__a_half__b_three_quarters,typical,half,three_quarters,A,11,86.500000
typical__a_half__b_three_quarters,typical,half,three_quarters,A,12,86.500000
typical__a_half__b_three_quarters,typical,half,three_quarters,A,13,86.500000
typical__a_half__b_three_quarters,typical,half,three_quarters,A,14,86.500000
typical__a_half__b_three_quarters,typical,half,three_quarters,A,15,86.500000
typical__a_half__b_three_quarters,typical,half,three_quarters,A,16,86.500000
typical__a_half__b_three_quarters,typical,half,three_quarters,A,17,86.500000
typical__a_half__b_three_quarters,typical,half,three_quarters,A,18,86.500000
typical__a_half__b_three_quarters,typical,half,three_quarters,A,19,86.500000
typical__a_half__b_three_quarters,typical,half,three_quarters,A,20,86.500000
typical__a_half__b_three_quarters,typical,half,three_quarters,A,21,86.500000
typical__a_half__b_three_quarters,typical,half,three_quarters,A,22,86.500000
typical__a_half__b_three_quarters,typical,half,three_quarters,A,23,86.500000
typical__a_half__b_three_quarters,typical,half,three_quarters,B,0,81.500000
typical__a_half__b_three_quarters,typical,half,three_quarters,B,1,81.500000
typical__a_half__b_three_quarters,typical,half,three_quarters,B,2,81.500000
typical__a_half__b_three_quarters,typical,half,three_quarters,B,3,81.500000
typical__a_half__b_three_quarters,typical,half,three_quarters,B,4,81.500000
typical__a_half__b_three_quarters,typical,half,three_quarters,B,5,81.500000
typical__a_half__b_three_quarters,typical,half,three_quarters,B,6,81.500000
typical__a_half__b_three_quarters,typical,half,three_quarters,B,7,81.500000
typical__a_half__b_three_quarters,typical,half,three_quarters,B,8,81.500000
typical__a_half__b_three_quarters,typical,half,three_quarters,B,9,81.500000
typical__a_half__b_three_quarters,typical,half,three_quarters,B,10,81.500000
typical__a_half__b_three_quarters,typical,half,three_quarters,B,11,81.500000
typical__a_half__b_three_quarters,typical,half,three_quarters,B,12,81.500000
typical__a_half__b_three_quarters,typical,half,three_quarters,B,13,81.500000
typical__a_half__b_three_quarters,typical,half,three_quarters,B,14,81.500000
typical__a_half__b_three_quarters,typical,half,three_quarters,B,15,81.500000
typical__a_half__b_three_quarters,typical,half,three_quarters,B,16,81.500000
typical__a_half__b_three_quarters,typical,half,three_quarters,B,17,81.500000
typical__a_half__b_three_quarters,typical,half,three_quarters,B,18,81.500000
typical__a_half__b_three_quarters,typical,half,three_quarters,B,19,81.500000
typical__a_half__b_three_quarters,typical,half,three_quarters,B,20,81.500000
typical__a_half__b_three_quarters,typical,half,three_quarters,B,21,81.500000
typical__a_half__b_three_quarters,typical,half,three_quarters,B,22,81.500000
typical__a_half__b_three_quarters,typical,half,three_quarters,B,23,81.500000
typical__a_half__b_maximum,typical,half,maximum,A,0,86.500000
typical__a_half__b_maximum,typical,half,maximum,A,1,86.500000
typical__a_half__b_maximum,typical,half,maximum,A,2,86.500000
typical__a_half__b_maximum,typical,half,maximum,A,3,86.500000
typical__a_half__b_maximum,typical,half,maximum,A,4,86.500000
typical__a_half__b_maximum,typical,half,maximum,A,5,86.500000
typical__a_half__b_maximum,typical,half,maximum,A,6,86.500000
typical__a_half__b_maximum,typical,half,maximum,A,7,86.500000
typical__a_half__b_maximum,typical,half,maximum,A,8,86.500000
typical__a_half__b_maximum,typical,half,maximum,A,9,86.500000
typical__a_half__b_maximum,typical,half,maximum,A,10,86.500000
typical__a_half__b_maximum,typical,half,maximum,A,11,86.500000
typical__a_half__b_maximum,typical,half,maximum,A,12,86.500000
typical__a_half__b_maximum,typical,half,maximum,A,13,86.500000
typical__a_half__b_maximum,typical,half,maximum,A,14,86.500000
typical__a_half__b_maximum,typical,half,maximum,A,15,86.500000
typical__a_half__b_maximum,typical,half,maximum,A,16,86.500000
typical__a_half__b_maximum,typical,half,maximum,A,17,86.500000
typical__a_half__b_maximum,typical,half,maximum,A,18,86.500000
typical__a_half__b_maximum,typical,half,maximum,A,19,86.500000
typical__a_half__b_maximum,typical,half,maximum,A,20,86.500000
typical__a_half__b_maximum,typical,half,maximum,A,21,86.500000
typical__a_half__b_maximum,typical,half,maximum,A,22,86.500000
typical__a_half__b_maximum,typical,half,maximum,A,23,86.500000
typical__a_half__b_maximum,typical,half,maximum,B,0,98.000000
typical__a_half__b_maximum,typical,half,maximum,B,1,98.000000
typical__a_half__b_maximum,typical,half,maximum,B,2,98.000000
typical__a_half__b_maximum,typical,half,maximum,B,3,98.000000
typical__a_half__b_maximum,typical,half,maximum,B,4,98.000000
typical__a_half__b_maximum,typical,half,maximum,B,5,98.000000
typical__a_half__b_maximum,typical,half,maximum,B,6,98.000000
typical__a_half__b_maximum,typical,half,maximum,B,7,98.000000
typical__a_half__b_maximum,typical,half,maximum,B,8,98.000000
typical__a_half__b_maximum,typical,half,maximum,B,9,98.000000
typical__a_half__b_maximum,typical,half,maximum,B,10,98.000000
typical__a_half__b_maximum,typical,half,maximum,B,11,98.000000
typical__a_half__b_maximum,typical,half,maximum,B,12,98.000000
typical__a_half__b_maximum,typical,half,maximum,B,13,98.000000
typical__a_half__b_maximum,typical,half,maximum,B,14,98.000000
typical__a_half__b_maximum,typical,half,maximum,B,15,98.000000
typical__a_half__b_maximum,typical,half,maximum,B,16,98.000000
typical__a_half__b_maximum,typical,half,maximum,B,17,98.000000
typical__a_half__b_maximum,typical,half,maximum,B,18,98.000000
typical__a_half__b_maximum,typical,half,maximum,B,19,98.000000
typical__a_half__b_maximum,typical,half,maximum,B,20,98.000000
typical__a_half__b_maximum,typical,half,maximum,B,21,98.000000
typical__a_half__b_maximum,typical,half,maximum,B,22,98.000000
typical__a_half__b_maximum,typical,half,maximum,B,23,98.000000
typical__a_three_quarters__b_off,typical,three_quarters,off,A,0,107.250000
typical__a_three_quarters__b_off,typical,three_quarters,off,A,1,107.250000
typical__a_three_quarters__b_off,typical,three_quarters,off,A,2,107.250000
typical__a_three_quarters__b_off,typical,three_quarters,off,A,3,107.250000
typical__a_three_quarters__b_off,typical,three_quarters,off,A,4,107.250000
typical__a_three_quarters__b_off,typical,three_quarters,off,A,5,107.250000
typical__a_three_quarters__b_off,typical,three_quarters,off,A,6,107.250000
typical__a_three_quarters__b_off,typical,three_quarters,off,A,7,107.250000
typical__a_three_quarters__b_off,typical,three_quarters,off,A,8,107.250000
typical__a_three_quarters__b_off,typical,three_quarters,off,A,9,107.250000
typical__a_three_quarters__b_off,typical,three_quarters,off,A,10,107.250000
typical__a_three_quarters__b_off,typical,three_quarters,off,A,11,107.250000
typical__a_three_quarters__b_off,typical,three_quarters,off,A,12,107.250000
typical__a_three_quarters__b_off,typical,three_quarters,off,A,13,107.250000
typical__a_three_quarters__b_off,typical,three_quarters,off,A,14,107.250000
typical__a_three_quarters__b_off,typical,three_quarters,off,A,15,107.250000
typical__a_three_quarters__b_off,typical,three_quarters,off,A,16,107.250000
typical__a_three_quarters__b_off,typical,three_quarters,off,A,17,107.250000
typical__a_three_quarters__b_off,typical,three_quarters,off,A,18,107.250000
typical__a_three_quarters__b_off,typical,three_quarters,off,A,19,107.250000
typical__a_three_quarters__b_off,typical,three_quarters,off,A,20,107.250000
typical__a_three_quarters__b_off,typical,three_quarters,off,A,21,107.250000
typical__a_three_quarters__b_off,typical,three_quarters,off,A,22,107.250000
typical__a_three_quarters__b_off,typical,three_quarters,off,A,23,107.250000
typical__a_three_quarters__b_off,typical,three_quarters,off,B,0,0.000000
typical__a_three_quarters__b_off,typical,three_quarters,off,B,1,0.000000
typical__a_three_quarters__b_off,typical,three_quarters,off,B,2,0.000000
typical__a_three_quarters__b_off,typical,three_quarters,off,B,3,0.000000
typical__a_three_quarters__b_off,typical,three_quarters,off,B,4,0.000000
typical__a_three_quarters__b_off,typical,three_quarters,off,B,5,0.000000
typical__a_three_quarters__b_off,typical,three_quarters,off,B,6,0.000000
typical__a_three_quarters__b_off,typical,three_quarters,off,B,7,0.000000
typical__a_three_quarters__b_off,typical,three_quarters,off,B,8,0.000000
typical__a_three_quarters__b_off,typical,three_quarters,off,B,9,0.000000
typical__a_three_quarters__b_off,typical,three_quarters,off,B,10,0.000000
typical__a_three_quarters__b_off,typical,three_quarters,off,B,11,0.000000
typical__a_three_quarters__b_off,typical,three_quarters,off,B,12,0.000000
typical__a_three_quarters__b_off,typical,three_quarters,off,B,13,0.000000
typical__a_three_quarters__b_off,typical,three_quarters,off,B,14,0.000000
typical__a_three_quarters__b_off,typical,three_quarters,off,B,15,0.000000
typical__a_three_quarters__b_off,typical,three_quarters,off,B,16,0.000000
typical__a_three_quarters__b_off,typical,three_quarters,off,B,17,0.000000
typical__a_three_quarters__b_off,typical,three_quarters,off,B,18,0.000000
typical__a_three_quarters__b_off,typical,three_quarters,off,B,19,0.000000
typical__a_three_quarters__b_off,typical,three_quarters,off,B,20,0.000000
typical__a_three_quarters__b_off,typical,three_quarters,off,B,21,0.000000
typical__a_three_quarters__b_off,typical,three_quarters,off,B,22,0.000000
typical__a_three_quarters__b_off,typical,three_quarters,off,B,23,0.000000
typical__a_three_quarters__b_minimum,typical,three_quarters,minimum,A,0,107.250000
typical__a_three_quarters__b_minimum,typical,three_quarters,minimum,A,1,107.250000
typical__a_three_quarters__b_minimum,typical,three_quarters,minimum,A,2,107.250000
typical__a_three_quarters__b_minimum,typical,three_quarters,minimum,A,3,107.250000
typical__a_three_quarters__b_minimum,typical,three_quarters,minimum,A,4,107.250000
typical__a_three_quarters__b_minimum,typical,three_quarters,minimum,A,5,107.250000
typical__a_three_quarters__b_minimum,typical,three_quarters,minimum,A,6,107.250000
typical__a_three_quarters__b_minimum,typical,three_quarters,minimum,A,7,107.250000
typical__a_three_quarters__b_minimum,typical,three_quarters,minimum,A,8,107.250000
typical__a_three_quarters__b_minimum,typical,three_quarters,minimum,A,9,107.250000
typical__a_three_quarters__b_minimum,typical,three_quarters,minimum,A,10,107.250000
typical__a_three_quarters__b_minimum,typical,three_quarters,minimum,A,11,107.250000
typical__a_three_quarters__b_minimum,typical,three_quarters,minimum,A,12,107.250000
typical__a_three_quarters__b_minimum,typical,three_quarters,minimum,A,13,107.250000
typical__a_three_quarters__b_minimum,typical,three_quarters,minimum,A,14,107.250000
typical__a_three_quarters__b_minimum,typical,three_quarters,minimum,A,15,107.250000
typical__a_three_quarters__b_minimum,typical,three_quarters,minimum,A,16,107.250000
typical__a_three_quarters__b_minimum,typical,three_quarters,minimum,A,17,107.250000
typical__a_three_quarters__b_minimum,typical,three_quarters,minimum,A,18,107.250000
typical__a_three_quarters__b_minimum,typical,three_quarters,minimum,A,19,107.250000
typical__a_three_quarters__b_minimum,typical,three_quarters,minimum,A,20,107.250000
typical__a_three_quarters__b_minimum,typical,three_quarters,minimum,A,21,107.250000
typical__a_three_quarters__b_minimum,typical,three_quarters,minimum,A,22,107.250000
typical__a_three_quarters__b_minimum,typical,three_quarters,minimum,A,23,107.250000
typical__a_three_quarters__b_minimum,typical,three_quarters,minimum,B,0,32.000000
typical__a_three_quarters__b_minimum,typical,three_quarters,minimum,B,1,32.000000
typical__a_three_quarters__b_minimum,typical,three_quarters,minimum,B,2,32.000000
typical__a_three_quarters__b_minimum,typical,three_quarters,minimum,B,3,32.000000
typical__a_three_quarters__b_minimum,typical,three_quarters,minimum,B,4,32.000000
typical__a_three_quarters__b_minimum,typical,three_quarters,minimum,B,5,32.000000
typical__a_three_quarters__b_minimum,typical,three_quarters,minimum,B,6,32.000000
typical__a_three_quarters__b_minimum,typical,three_quarters,minimum,B,7,32.000000
typical__a_three_quarters__b_minimum,typical,three_quarters,minimum,B,8,32.000000
typical__a_three_quarters__b_minimum,typical,three_quarters,minimum,B,9,32.000000
typical__a_three_quarters__b_minimum,typical,three_quarters,minimum,B,10,32.000000
typical__a_three_quarters__b_minimum,typical,three_quarters,minimum,B,11,32.000000
typical__a_three_quarters__b_minimum,typical,three_quarters,minimum,B,12,32.000000
typical__a_three_quarters__b_minimum,typical,three_quarters,minimum,B,13,32.000000
typical__a_three_quarters__b_minimum,typical,three_quarters,minimum,B,14,32.000000
typical__a_three_quarters__b_minimum,typical,three_quarters,minimum,B,15,32.000000
typical__a_three_quarters__b_minimum,typical,three_quarters,minimum,B,16,32.000000
typical__a_three_quarters__b_minimum,typical,three_quarters,minimum,B,17,32.000000
typical__a_three_quarters__b_minimum,typical,three_quarters,minimum,B,18,32.000000
typical__a_three_quarters__b_minimum,typical,three_quarters,minimum,B,19,32.000000
typical__a_three_quarters__b_minimum,typical,three_quarters,minimum,B,20,32.000000
typical__a_three_quarters__b_minimum,typical,three_quarters,minimum,B,21,32.000000
typical__a_three_quarters__b_minimum,typical,three_quarters,minimum,B,22,32.000000
typical__a_three_quarters__b_minimum,typical,three_quarters,minimum,B,23,32.000000
typical__a_three_quarters__b_quarter,typical,three_quarters,quarter,A,0,107.250000
typical__a_three_quarters__b_quarter,typical,three_quarters,quarter,A,1,107.250000
typical__a_three_quarters__b_quarter,typical,three_quarters,quarter,A,2,107.250000
typical__a_three_quarters__b_quarter,typical,three_quarters,quarter,A,3,107.250000
typical__a_three_quarters__b_quarter,typical,three_quarters,quarter,A,4,107.250000
typical__a_three_quarters__b_quarter,typical,three_quarters,quarter,A,5,107.250000
typical__a_three_quarters__b_quarter,typical,three_quarters,quarter,A,6,107.250000
typical__a_three_quarters__b_quarter,typical,three_quarters,quarter,A,7,107.250000
typical__a_three_quarters__b_quarter,typical,three_quarters,quarter,A,8,107.250000
typical__a_three_quarters__b_quarter,typical,three_quarters,quarter,A,9,107.250000
typical__a_three_quarters__b_quarter,typical,three_quarters,quarter,A,10,107.250000
typical__a_three_quarters__b_quarter,typical,three_quarters,quarter,A,11,107.250000
typical__a_three_quarters__b_quarter,typical,three_quarters,quarter,A,12,107.250000
typical__a_three_quarters__b_quarter,typical,three_quarters,quarter,A,13,107.250000
typical__a_three_quarters__b_quarter,typical,three_quarters,quarter,A,14,107.250000
typical__a_three_quarters__b_quarter,typical,three_quarters,quarter,A,15,107.250000
typical__a_three_quarters__b_quarter,typical,three_quarters,quarter,A,16,107.250000
typical__a_three_quarters__b_quarter,typical,three_quarters,quarter,A,17,107.250000
typical__a_three_quarters__b_quarter,typical,three_quarters,quarter,A,18,107.250000
typical__a_three_quarters__b_quarter,typical,three_quarters,quarter,A,19,107.250000
typical__a_three_quarters__b_quarter,typical,three_quarters,quarter,A,20,107.250000
typical__a_three_quarters__b_quarter,typical,three_quarters,quarter,A,21,107.250000
typical__a_three_quarters__b_quarter,typical,three_quarters,quarter,A,22,107.250000
typical__a_three_quarters__b_quarter,typical,three_quarters,quarter,A,23,107.250000
typical__a_three_quarters__b_quarter,typical,three_quarters,quarter,B,0,48.500000
typical__a_three_quarters__b_quarter,typical,three_quarters,quarter,B,1,48.500000
typical__a_three_quarters__b_quarter,typical,three_quarters,quarter,B,2,48.500000
typical__a_three_quarters__b_quarter,typical,three_quarters,quarter,B,3,48.500000
typical__a_three_quarters__b_quarter,typical,three_quarters,quarter,B,4,48.500000
typical__a_three_quarters__b_quarter,typical,three_quarters,quarter,B,5,48.500000
typical__a_three_quarters__b_quarter,typical,three_quarters,quarter,B,6,48.500000
typical__a_three_quarters__b_quarter,typical,three_quarters,quarter,B,7,48.500000
typical__a_three_quarters__b_quarter,typical,three_quarters,quarter,B,8,48.500000
typical__a_three_quarters__b_quarter,typical,three_quarters,quarter,B,9,48.500000
typical__a_three_quarters__b_quarter,typical,three_quarters,quarter,B,10,48.500000
typical__a_three_quarters__b_quarter,typical,three_quarters,quarter,B,11,48.500000
typical__a_three_quarters__b_quarter,typical,three_quarters,quarter,B,12,48.500000
typical__a_three_quarters__b_quarter,typical,three_quarters,quarter,B,13,48.500000
typical__a_three_quarters__b_quarter,typical,three_quarters,quarter,B,14,48.500000
typical__a_three_quarters__b_quarter,typical,three_quarters,quarter,B,15,48.500000
typical__a_three_quarters__b_quarter,typical,three_quarters,quarter,B,16,48.500000
typical__a_three_quarters__b_quarter,typical,three_quarters,quarter,B,17,48.500000
typical__a_three_quarters__b_quarter,typical,three_quarters,quarter,B,18,48.500000
typical__a_three_quarters__b_quarter,typical,three_quarters,quarter,B,19,48.500000
typical__a_three_quarters__b_quarter,typical,three_quarters,quarter,B,20,48.500000
typical__a_three_quarters__b_quarter,typical,three_quarters,quarter,B,21,48.500000
typical__a_three_quarters__b_quarter,typical,three_quarters,quarter,B,22,48.500000
typical__a_three_quarters__b_quarter,typical,three_quarters,quarter,B,23,48.500000
typical__a_three_quarters__b_half,typical,three_quarters,half,A,0,107.250000
typical__a_three_quarters__b_half,typical,three_quarters,half,A,1,107.250000
typical__a_three_quarters__b_half,typical,three_quarters,half,A,2,107.250000
typical__a_three_quarters__b_half,typical,three_quarters,half,A,3,107.250000
typical__a_three_quarters__b_half,typical,three_quarters,half,A,4,107.250000
typical__a_three_quarters__b_half,typical,three_quarters,half,A,5,107.250000
typical__a_three_quarters__b_half,typical,three_quarters,half,A,6,107.250000
typical__a_three_quarters__b_half,typical,three_quarters,half,A,7,107.250000
typical__a_three_quarters__b_half,typical,three_quarters,half,A,8,107.250000
typical__a_three_quarters__b_half,typical,three_quarters,half,A,9,107.250000
typical__a_three_quarters__b_half,typical,three_quarters,half,A,10,107.250000
typical__a_three_quarters__b_half,typical,three_quarters,half,A,11,107.250000
typical__a_three_quarters__b_half,typical,three_quarters,half,A,12,107.250000
typical__a_three_quarters__b_half,typical,three_quarters,half,A,13,107.250000
typical__a_three_quarters__b_half,typical,three_quarters,half,A,14,107.250000
typical__a_three_quarters__b_half,typical,three_quarters,half,A,15,107.250000
typical__a_three_quarters__b_half,typical,three_quarters,half,A,16,107.250000
typical__a_three_quarters__b_half,typical,three_quarters,half,A,17,107.250000
typical__a_three_quarters__b_half,typical,three_quarters,half,A,18,107.250000
typical__a_three_quarters__b_half,typical,three_quarters,half,A,19,107.250000
typical__a_three_quarters__b_half,typical,three_quarters,half,A,20,107.250000
typical__a_three_quarters__b_half,typical,three_quarters,half,A,21,107.250000
typical__a_three_quarters__b_half,typical,three_quarters,half,A,22,107.250000
typical__a_three_quarters__b_half,typical,three_quarters,half,A,23,107.250000
typical__a_three_quarters__b_half,typical,three_quarters,half,B,0,65.000000
typical__a_three_quarters__b_half,typical,three_quarters,half,B,1,65.000000
typical__a_three_quarters__b_half,typical,three_quarters,half,B,2,65.000000
typical__a_three_quarters__b_half,typical,three_quarters,half,B,3,65.000000
typical__a_three_quarters__b_half,typical,three_quarters,half,B,4,65.000000
typical__a_three_quarters__b_half,typical,three_quarters,half,B,5,65.000000
typical__a_three_quarters__b_half,typical,three_quarters,half,B,6,65.000000
typical__a_three_quarters__b_half,typical,three_quarters,half,B,7,65.000000
typical__a_three_quarters__b_half,typical,three_quarters,half,B,8,65.000000
typical__a_three_quarters__b_half,typical,three_quarters,half,B,9,65.000000
typical__a_three_quarters__b_half,typical,three_quarters,half,B,10,65.000000
typical__a_three_quarters__b_half,typical,three_quarters,half,B,11,65.000000
typical__a_three_quarters__b_half,typical,three_quarters,half,B,12,65.000000
typical__a_three_quarters__b_half,typical,three_quarters,half,B,13,65.000000
typical__a_three_quarters__b_half,typical,three_quarters,half,B,14,65.000000
typical__a_three_quarters__b_half,typical,three_quarters,half,B,15,65.000000
typical__a_three_quarters__b_half,typical,three_quarters,half,B,16,65.000000
typical__a_three_quarters__b_half,typical,three_quarters,half,B,17,65.000000
typical__a_three_quarters__b_half,typical,three_quarters,half,B,18,65.000000
typical__a_three_quarters__b_half,typical,three_quarters,half,B,19,65.000000
typical__a_three_quarters__b_half,typical,three_quarters,half,B,20,65.000000
typical__a_three_quarters__b_half,typical,three_quarters,half,B,21,65.000000
typical__a_three_quarters__b_half,typical,three_quarters,half,B,22,65.000000
typical__a_three_quarters__b_half,typical,three_quarters,half,B,23,65.000000
typical__a_three_quarters__b_three_quarters,typical,three_quarters,three_quarters,A,0,107.250000
typical__a_three_quarters__b_three_quarters,typical,three_quarters,three_quarters,A,1,107.250000
typical__a_three_quarters__b_three_quarters,typical,three_quarters,three_quarters,A,2,107.250000
typical__a_three_quarters__b_three_quarters,typical,three_quarters,three_quarters,A,3,107.250000
typical__a_three_quarters__b_three_quarters,typical,three_quarters,three_quarters,A,4,107.250000
typical__a_three_quarters__b_three_quarters,typical,three_quarters,three_quarters,A,5,107.250000
typical__a_three_quarters__b_three_quarters,typical,three_quarters,three_quarters,A,6,107.250000
typical__a_three_quarters__b_three_quarters,typical,three_quarters,three_quarters,A,7,107.250000
typical__a_three_quarters__b_three_quarters,typical,three_quarters,three_quarters,A,8,107.250000
typical__a_three_quarters__b_three_quarters,typical,three_quarters,three_quarters,A,9,107.250000
typical__a_three_quarters__b_three_quarters,typical,three_quarters,three_quarters,A,10,107.250000
typical__a_three_quarters__b_three_quarters,typical,three_quarters,three_quarters,A,11,107.250000
typical__a_three_quarters__b_three_quarters,typical,three_quarters,three_quarters,A,12,107.250000
typical__a_three_quarters__b_three_quarters,typical,three_quarters,three_quarters,A,13,107.250000
typical__a_three_quarters__b_three_quarters,typical,three_quarters,three_quarters,A,14,107.250000
typical__a_three_quarters__b_three_quarters,typical,three_quarters,three_quarters,A,15,107.250000
typical__a_three_quarters__b_three_quarters,typical,three_quarters,three_quarters,A,16,107.250000
typical__a_three_quarters__b_three_quarters,typical,three_quarters,three_quarters,A,17,107.250000
typical__a_three_quarters__b_three_quarters,typical,three_quarters,three_quarters,A,18,107.250000
typical__a_three_quarters__b_three_quarters,typical,three_quarters,three_quarters,A,19,107.250000
typical__a_three_quarters__b_three_quarters,typical,three_quarters,three_quarters,A,20,107.250000
typical__a_three_quarters__b_three_quarters,typical,three_quarters,three_quarters,A,21,107.250000
typical__a_three_quarters__b_three_quarters,typical,three_quarters,three_quarters,A,22,107.250000
typical__a_three_quarters__b_three_quarters,typical,three_quarters,three_quarters,A,23,107.250000
typical__a_three_quarters__b_three_quarters,typical,three_quarters,three_quarters,B,0,81.500000
typical__a_three_quarters__b_three_quarters,typical,three_quarters,three_quarters,B,1,81.500000
typical__a_three_quarters__b_three_quarters,typical,three_quarters,three_quarters,B,2,81.500000
typical__a_three_quarters__b_three_quarters,typical,three_quarters,three_quarters,B,3,81.500000
typical__a_three_quarters__b_three_quarters,typical,three_quarters,three_quarters,B,4,81.500000
typical__a_three_quarters__b_three_quarters,typical,three_quarters,three_quarters,B,5,81.500000
typical__a_three_quarters__b_three_quarters,typical,three_quarters,three_quarters,B,6,81.500000
typical__a_three_quarters__b_three_quarters,typical,three_quarters,three_quarters,B,7,81.500000
typical__a_three_quarters__b_three_quarters,typical,three_quarters,three_quarters,B,8,81.500000
typical__a_three_quarters__b_three_quarters,typical,three_quarters,three_quarters,B,9,81.500000
typical__a_three_quarters__b_three_quarters,typical,three_quarters,three_quarters,B,10,81.500000
typical__a_three_quarters__b_three_quarters,typical,three_quarters,three_quarters,B,11,81.500000
typical__a_three_quarters__b_three_quarters,typical,three_quarters,three_quarters,B,12,81.500000
typical__a_three_quarters__b_three_quarters,typical,three_quarters,three_quarters,B,13,81.500000
typical__a_three_quarters__b_three_quarters,typical,three_quarters,three_quarters,B,14,81.500000
typical__a_three_quarters__b_three_quarters,typical,three_quarters,three_quarters,B,15,81.500000
typical__a_three_quarters__b_three_quarters,typical,three_quarters,three_quarters,B,16,81.500000
typical__a_three_quarters__b_three_quarters,typical,three_quarters,three_quarters,B,17,81.500000
typical__a_three_quarters__b_three_quarters,typical,three_quarters,three_quarters,B,18,81.500000
typical__a_three_quarters__b_three_quarters,typical,three_quarters,three_quarters,B,19,81.500000
typical__a_three_quarters__b_three_quarters,typical,three_quarters,three_quarters,B,20,81.500000
typical__a_three_quarters__b_three_quarters,typical,three_quarters,three_quarters,B,21,81.500000
typical__a_three_quarters__b_three_quarters,typical,three_quarters,three_quarters,B,22,81.500000
typical__a_three_quarters__b_three_quarters,typical,three_quarters,three_quarters,B,23,81.500000
typical__a_three_quarters__b_maximum,typical,three_quarters,maximum,A,0,107.250000
typical__a_three_quarters__b_maximum,typical,three_quarters,maximum,A,1,107.250000
typical__a_three_quarters__b_maximum,typical,three_quarters,maximum,A,2,107.250000
typical__a_three_quarters__b_maximum,typical,three_quarters,maximum,A,3,107.250000
typical__a_three_quarters__b_maximum,typical,three_quarters,maximum,A,4,107.250000
typical__a_three_quarters__b_maximum,typical,three_quarters,maximum,A,5,107.250000
typical__a_three_quarters__b_maximum,typical,three_quarters,maximum,A,6,107.250000
typical__a_three_quarters__b_maximum,typical,three_quarters,maximum,A,7,107.250000
typical__a_three_quarters__b_maximum,typical,three_quarters,maximum,A,8,107.250000
typical__a_three_quarters__b_maximum,typical,three_quarters,maximum,A,9,107.250000
typical__a_three_quarters__b_maximum,typical,three_quarters,maximum,A,10,107.250000
typical__a_three_quarters__b_maximum,typical,three_quarters,maximum,A,11,107.250000
typical__a_three_quarters__b_maximum,typical,three_quarters,maximum,A,12,107.250000
typical__a_three_quarters__b_maximum,typical,three_quarters,maximum,A,13,107.250000
typical__a_three_quarters__b_maximum,typical,three_quarters,maximum,A,14,107.250000
typical__a_three_quarters__b_maximum,typical,three_quarters,maximum,A,15,107.250000
typical__a_three_quarters__b_maximum,typical,three_quarters,maximum,A,16,107.250000
typical__a_three_quarters__b_maximum,typical,three_quarters,maximum,A,17,107.250000
typical__a_three_quarters__b_maximum,typical,three_quarters,maximum,A,18,107.250000
typical__a_three_quarters__b_maximum,typical,three_quarters,maximum,A,19,107.250000
typical__a_three_quarters__b_maximum,typical,three_quarters,maximum,A,20,107.250000
typical__a_three_quarters__b_maximum,typical,three_quarters,maximum,A,21,107.250000
typical__a_three_quarters__b_maximum,typical,three_quarters,maximum,A,22,107.250000
typical__a_three_quarters__b_maximum,typical,three_quarters,maximum,A,23,107.250000
typical__a_three_quarters__b_maximum,typical,three_quarters,maximum,B,0,98.000000
typical__a_three_quarters__b_maximum,typical,three_quarters,maximum,B,1,98.000000
typical__a_three_quarters__b_maximum,typical,three_quarters,maximum,B,2,98.000000
typical__a_three_quarters__b_maximum,typical,three_quarters,maximum,B,3,98.000000
typical__a_three_quarters__b_maximum,typical,three_quarters,maximum,B,4,98.000000
typical__a_three_quarters__b_maximum,typical,three_quarters,maximum,B,5,98.000000
typical__a_three_quarters__b_maximum,typical,three_quarters,maximum,B,6,98.000000
typical__a_three_quarters__b_maximum,typical,three_quarters,maximum,B,7,98.000000
typical__a_three_quarters__b_maximum,typical,three_quarters,maximum,B,8,98.000000
typical__a_three_quarters__b_maximum,typical,three_quarters,maximum,B,9,98.000000
typical__a_three_quarters__b_maximum,typical,three_quarters,maximum,B,10,98.000000
typical__a_three_quarters__b_maximum,typical,three_quarters,maximum,B,11,98.000000
typical__a_three_quarters__b_maximum,typical,three_quarters,maximum,B,12,98.000000
typical__a_three_quarters__b_maximum,typical,three_quarters,maximum,B,13,98.000000
typical__a_three_quarters__b_maximum,typical,three_quarters,maximum,B,14,98.000000
typical__a_three_quarters__b_maximum,typical,three_quarters,maximum,B,15,98.000000
typical__a_three_quarters__b_maximum,typical,three_quarters,maximum,B,16,98.000000
typical__a_three_quarters__b_maximum,typical,three_quarters,maximum,B,17,98.000000
typical__a_three_quarters__b_maximum,typical,three_quarters,maximum,B,18,98.000000
typical__a_three_quarters__b_maximum,typical,three_quarters,maximum,B,19,98.000000
typical__a_three_quarters__b_maximum,typical,three_quarters,maximum,B,20,98.000000
typical__a_three_quarters__b_maximum,typical,three_quarters,maximum,B,21,98.000000
typical__a_three_quarters__b_maximum,typical,three_quarters,maximum,B,22,98.000000
typical__a_three_quarters__b_maximum,typical,three_quarters,maximum,B,23,98.000000
typical__a_maximum__b_off,typical,maximum,off,A,0,128.000000
typical__a_maximum__b_off,typical,maximum,off,A,1,128.000000
typical__a_maximum__b_off,typical,maximum,off,A,2,128.000000
typical__a_maximum__b_off,typical,maximum,off,A,3,128.000000
typical__a_maximum__b_off,typical,maximum,off,A,4,128.000000
typical__a_maximum__b_off,typical,maximum,off,A,5,128.000000
typical__a_maximum__b_off,typical,maximum,off,A,6,128.000000
typical__a_maximum__b_off,typical,maximum,off,A,7,128.000000
typical__a_maximum__b_off,typical,maximum,off,A,8,128.000000
typical__a_maximum__b_off,typical,maximum,off,A,9,128.000000
typical__a_maximum__b_off,typical,maximum,off,A,10,128.000000
typical__a_maximum__b_off,typical,maximum,off,A,11,128.000000
typical__a_maximum__b_off,typical,maximum,off,A,12,128.000000
typical__a_maximum__b_off,typical,maximum,off,A,13,128.000000
typical__a_maximum__b_off,typical,maximum,off,A,14,128.000000
typical__a_maximum__b_off,typical,maximum,off,A,15,128.000000
typical__a_maximum__b_off,typical,maximum,off,A,16,128.000000
typical__a_maximum__b_off,typical,maximum,off,A,17,128.000000
typical__a_maximum__b_off,typical,maximum,off,A,18,128.000000
typical__a_maximum__b_off,typical,maximum,off,A,19,128.000000
typical__a_maximum__b_off,typical,maximum,off,A,20,128.000000
typical__a_maximum__b_off,typical,maximum,off,A,21,128.000000
typical__a_maximum__b_off,typical,maximum,off,A,22,128.000000
typical__a_maximum__b_off,typical,maximum,off,A,23,128.000000
typical__a_maximum__b_off,typical,maximum,off,B,0,0.000000
typical__a_maximum__b_off,typical,maximum,off,B,1,0.000000
typical__a_maximum__b_off,typical,maximum,off,B,2,0.000000
typical__a_maximum__b_off,typical,maximum,off,B,3,0.000000
typical__a_maximum__b_off,typical,maximum,off,B,4,0.000000
typical__a_maximum__b_off,typical,maximum,off,B,5,0.000000
typical__a_maximum__b_off,typical,maximum,off,B,6,0.000000
typical__a_maximum__b_off,typical,maximum,off,B,7,0.000000
typical__a_maximum__b_off,typical,maximum,off,B,8,0.000000
typical__a_maximum__b_off,typical,maximum,off,B,9,0.000000
typical__a_maximum__b_off,typical,maximum,off,B,10,0.000000
typical__a_maximum__b_off,typical,maximum,off,B,11,0.000000
typical__a_maximum__b_off,typical,maximum,off,B,12,0.000000
typical__a_maximum__b_off,typical,maximum,off,B,13,0.000000
typical__a_maximum__b_off,typical,maximum,off,B,14,0.000000
typical__a_maximum__b_off,typical,maximum,off,B,15,0.000000
typical__a_maximum__b_off,typical,maximum,off,B,16,0.000000
typical__a_maximum__b_off,typical,maximum,off,B,17,0.000000
typical__a_maximum__b_off,typical,maximum,off,B,18,0.000000
typical__a_maximum__b_off,typical,maximum,off,B,19,0.000000
typical__a_maximum__b_off,typical,maximum,off,B,20,0.000000
typical__a_maximum__b_off,typical,maximum,off,B,21,0.000000
typical__a_maximum__b_off,typical,maximum,off,B,22,0.000000
typical__a_maximum__b_off,typical,maximum,off,B,23,0.000000
typical__a_maximum__b_minimum,typical,maximum,minimum,A,0,128.000000
typical__a_maximum__b_minimum,typical,maximum,minimum,A,1,128.000000
typical__a_maximum__b_minimum,typical,maximum,minimum,A,2,128.000000
typical__a_maximum__b_minimum,typical,maximum,minimum,A,3,128.000000
typical__a_maximum__b_minimum,typical,maximum,minimum,A,4,128.000000
typical__a_maximum__b_minimum,typical,maximum,minimum,A,5,128.000000
typical__a_maximum__b_minimum,typical,maximum,minimum,A,6,128.000000
typical__a_maximum__b_minimum,typical,maximum,minimum,A,7,128.000000
typical__a_maximum__b_minimum,typical,maximum,minimum,A,8,128.000000
typical__a_maximum__b_minimum,typical,maximum,minimum,A,9,128.000000
typical__a_maximum__b_minimum,typical,maximum,minimum,A,10,128.000000
typical__a_maximum__b_minimum,typical,maximum,minimum,A,11,128.000000
typical__a_maximum__b_minimum,typical,maximum,minimum,A,12,128.000000
typical__a_maximum__b_minimum,typical,maximum,minimum,A,13,128.000000
typical__a_maximum__b_minimum,typical,maximum,minimum,A,14,128.000000
typical__a_maximum__b_minimum,typical,maximum,minimum,A,15,128.000000
typical__a_maximum__b_minimum,typical,maximum,minimum,A,16,128.000000
typical__a_maximum__b_minimum,typical,maximum,minimum,A,17,128.000000
typical__a_maximum__b_minimum,typical,maximum,minimum,A,18,128.000000
typical__a_maximum__b_minimum,typical,maximum,minimum,A,19,128.000000
typical__a_maximum__b_minimum,typical,maximum,minimum,A,20,128.000000
typical__a_maximum__b_minimum,typical,maximum,minimum,A,21,128.000000
typical__a_maximum__b_minimum,typical,maximum,minimum,A,22,128.000000
typical__a_maximum__b_minimum,typical,maximum,minimum,A,23,128.000000
typical__a_maximum__b_minimum,typical,maximum,minimum,B,0,32.000000
typical__a_maximum__b_minimum,typical,maximum,minimum,B,1,32.000000
typical__a_maximum__b_minimum,typical,maximum,minimum,B,2,32.000000
typical__a_maximum__b_minimum,typical,maximum,minimum,B,3,32.000000
typical__a_maximum__b_minimum,typical,maximum,minimum,B,4,32.000000
typical__a_maximum__b_minimum,typical,maximum,minimum,B,5,32.000000
typical__a_maximum__b_minimum,typical,maximum,minimum,B,6,32.000000
typical__a_maximum__b_minimum,typical,maximum,minimum,B,7,32.000000
typical__a_maximum__b_minimum,typical,maximum,minimum,B,8,32.000000
typical__a_maximum__b_minimum,typical,maximum,minimum,B,9,32.000000
typical__a_maximum__b_minimum,typical,maximum,minimum,B,10,32.000000
typical__a_maximum__b_minimum,typical,maximum,minimum,B,11,32.000000
typical__a_maximum__b_minimum,typical,maximum,minimum,B,12,32.000000
typical__a_maximum__b_minimum,typical,maximum,minimum,B,13,32.000000
typical__a_maximum__b_minimum,typical,maximum,minimum,B,14,32.000000
typical__a_maximum__b_minimum,typical,maximum,minimum,B,15,32.000000
typical__a_maximum__b_minimum,typical,maximum,minimum,B,16,32.000000
typical__a_maximum__b_minimum,typical,maximum,minimum,B,17,32.000000
typical__a_maximum__b_minimum,typical,maximum,minimum,B,18,32.000000
typical__a_maximum__b_minimum,typical,maximum,minimum,B,19,32.000000
typical__a_maximum__b_minimum,typical,maximum,minimum,B,20,32.000000
typical__a_maximum__b_minimum,typical,maximum,minimum,B,21,32.000000
typical__a_maximum__b_minimum,typical,maximum,minimum,B,22,32.000000
typical__a_maximum__b_minimum,typical,maximum,minimum,B,23,32.000000
typical__a_maximum__b_quarter,typical,maximum,quarter,A,0,128.000000
typical__a_maximum__b_quarter,typical,maximum,quarter,A,1,128.000000
typical__a_maximum__b_quarter,typical,maximum,quarter,A,2,128.000000
typical__a_maximum__b_quarter,typical,maximum,quarter,A,3,128.000000
typical__a_maximum__b_quarter,typical,maximum,quarter,A,4,128.000000
typical__a_maximum__b_quarter,typical,maximum,quarter,A,5,128.000000
typical__a_maximum__b_quarter,typical,maximum,quarter,A,6,128.000000
typical__a_maximum__b_quarter,typical,maximum,quarter,A,7,128.000000
typical__a_maximum__b_quarter,typical,maximum,quarter,A,8,128.000000
typical__a_maximum__b_quarter,typical,maximum,quarter,A,9,128.000000
typical__a_maximum__b_quarter,typical,maximum,quarter,A,10,128.000000
typical__a_maximum__b_quarter,typical,maximum,quarter,A,11,128.000000
typical__a_maximum__b_quarter,typical,maximum,quarter,A,12,128.000000
typical__a_maximum__b_quarter,typical,maximum,quarter,A,13,128.000000
typical__a_maximum__b_quarter,typical,maximum,quarter,A,14,128.000000
typical__a_maximum__b_quarter,typical,maximum,quarter,A,15,128.000000
typical__a_maximum__b_quarter,typical,maximum,quarter,A,16,128.000000
typical__a_maximum__b_quarter,typical,maximum,quarter,A,17,128.000000
typical__a_maximum__b_quarter,typical,maximum,quarter,A,18,128.000000
typical__a_maximum__b_quarter,typical,maximum,quarter,A,19,128.000000
typical__a_maximum__b_quarter,typical,maximum,quarter,A,20,128.000000
typical__a_maximum__b_quarter,typical,maximum,quarter,A,21,128.000000
typical__a_maximum__b_quarter,typical,maximum,quarter,A,22,128.000000
typical__a_maximum__b_quarter,typical,maximum,quarter,A,23,128.000000
typical__a_maximum__b_quarter,typical,maximum,quarter,B,0,48.500000
typical__a_maximum__b_quarter,typical,maximum,quarter,B,1,48.500000
typical__a_maximum__b_quarter,typical,maximum,quarter,B,2,48.500000
typical__a_maximum__b_quarter,typical,maximum,quarter,B,3,48.500000
typical__a_maximum__b_quarter,typical,maximum,quarter,B,4,48.500000
typical__a_maximum__b_quarter,typical,maximum,quarter,B,5,48.500000
typical__a_maximum__b_quarter,typical,maximum,quarter,B,6,48.500000
typical__a_maximum__b_quarter,typical,maximum,quarter,B,7,48.500000
typical__a_maximum__b_quarter,typical,maximum,quarter,B,8,48.500000
typical__a_maximum__b_quarter,typical,maximum,quarter,B,9,48.500000
typical__a_maximum__b_quarter,typical,maximum,quarter,B,10,48.500000
typical__a_maximum__b_quarter,typical,maximum,quarter,B,11,48.500000
typical__a_maximum__b_quarter,typical,maximum,quarter,B,12,48.500000
typical__a_maximum__b_quarter,typical,maximum,quarter,B,13,48.500000
typical__a_maximum__b_quarter,typical,maximum,quarter,B,14,48.500000
typical__a_maximum__b_quarter,typical,maximum,quarter,B,15,48.500000
typical__a_maximum__b_quarter,typical,maximum,quarter,B,16,48.500000
typical__a_maximum__b_quarter,typical,maximum,quarter,B,17,48.500000
typical__a_maximum__b_quarter,typical,maximum,quarter,B,18,48.500000
typical__a_maximum__b_quarter,typical,maximum,quarter,B,19,48.500000
typical__a_maximum__b_quarter,typical,maximum,quarter,B,20,48.500000
typical__a_maximum__b_quarter,typical,maximum,quarter,B,21,48.500000
typical__a_maximum__b_quarter,typical,maximum,quarter,B,22,48.500000
typical__a_maximum__b_quarter,typical,maximum,quarter,B,23,48.500000
typical__a_maximum__b_half,typical,maximum,half,A,0,128.000000
typical__a_maximum__b_half,typical,maximum,half,A,1,128.000000
typical__a_maximum__b_half,typical,maximum,half,A,2,128.000000
typical__a_maximum__b_half,typical,maximum,half,A,3,128.000000
typical__a_maximum__b_half,typical,maximum,half,A,4,128.000000
typical__a_maximum__b_half,typical,maximum,half,A,5,128.000000
typical__a_maximum__b_half,typical,maximum,half,A,6,128.000000
typical__a_maximum__b_half,typical,maximum,half,A,7,128.000000
typical__a_maximum__b_half,typical,maximum,half,A,8,128.000000
typical__a_maximum__b_half,typical,maximum,half,A,9,128.000000
typical__a_maximum__b_half,typical,maximum,half,A,10,128.000000
typical__a_maximum__b_half,typical,maximum,half,A,11,128.000000
typical__a_maximum__b_half,typical,maximum,half,A,12,128.000000
typical__a_maximum__b_half,typical,maximum,half,A,13,128.000000
typical__a_maximum__b_half,typical,maximum,half,A,14,128.000000
typical__a_maximum__b_half,typical,maximum,half,A,15,128.000000
typical__a_maximum__b_half,typical,maximum,half,A,16,128.000000
typical__a_maximum__b_half,typical,maximum,half,A,17,128.000000
typical__a_maximum__b_half,typical,maximum,half,A,18,128.000000
typical__a_maximum__b_half,typical,maximum,half,A,19,128.000000
typical__a_maximum__b_half,typical,maximum,half,A,20,128.000000
typical__a_maximum__b_half,typical,maximum,half,A,21,128.000000
typical__a_maximum__b_half,typical,maximum,half,A,22,128.000000
typical__a_maximum__b_half,typical,maximum,half,A,23,128.000000
typical__a_maximum__b_half,typical,maximum,half,B,0,65.000000
typical__a_maximum__b_half,typical,maximum,half,B,1,65.000000
typical__a_maximum__b_half,typical,maximum,half,B,2,65.000000
typical__a_maximum__b_half,typical,maximum,half,B,3,65.000000
typical__a_maximum__b_half,typical,maximum,half,B,4,65.000000
typical__a_maximum__b_half,typical,maximum,half,B,5,65.000000
typical__a_maximum__b_half,typical,maximum,half,B,6,65.000000
typical__a_maximum__b_half,typical,maximum,half,B,7,65.000000
typical__a_maximum__b_half,typical,maximum,half,B,8,65.000000
typical__a_maximum__b_half,typical,maximum,half,B,9,65.000000
typical__a_maximum__b_half,typical,maximum,half,B,10,65.000000
typical__a_maximum__b_half,typical,maximum,half,B,11,65.000000
typical__a_maximum__b_half,typical,maximum,half,B,12,65.000000
typical__a_maximum__b_half,typical,maximum,half,B,13,65.000000
typical__a_maximum__b_half,typical,maximum,half,B,14,65.000000
typical__a_maximum__b_half,typical,maximum,half,B,15,65.000000
typical__a_maximum__b_half,typical,maximum,half,B,16,65.000000
typical__a_maximum__b_half,typical,maximum,half,B,17,65.000000
typical__a_maximum__b_half,typical,maximum,half,B,18,65.000000
typical__a_maximum__b_half,typical,maximum,half,B,19,65.000000
typical__a_maximum__b_half,typical,maximum,half,B,20,65.000000
typical__a_maximum__b_half,typical,maximum,half,B,21,65.000000
typical__a_maximum__b_half,typical,maximum,half,B,22,65.000000
typical__a_maximum__b_half,typical,maximum,half,B,23,65.000000
typical__a_maximum__b_three_quarters,typical,maximum,three_quarters,A,0,128.000000
typical__a_maximum__b_three_quarters,typical,maximum,three_quarters,A,1,128.000000
typical__a_maximum__b_three_quarters,typical,maximum,three_quarters,A,2,128.000000
typical__a_maximum__b_three_quarters,typical,maximum,three_quarters,A,3,128.000000
typical__a_maximum__b_three_quarters,typical,maximum,three_quarters,A,4,128.000000
typical__a_maximum__b_three_quarters,typical,maximum,three_quarters,A,5,128.000000
typical__a_maximum__b_three_quarters,typical,maximum,three_quarters,A,6,128.000000
typical__a_maximum__b_three_quarters,typical,maximum,three_quarters,A,7,128.000000
typical__a_maximum__b_three_quarters,typical,maximum,three_quarters,A,8,128.000000
typical__a_maximum__b_three_quarters,typical,maximum,three_quarters,A,9,128.000000
typical__a_maximum__b_three_quarters,typical,maximum,three_quarters,A,10,128.000000
typical__a_maximum__b_three_quarters,typical,maximum,three_quarters,A,11,128.000000
typical__a_maximum__b_three_quarters,typical,maximum,three_quarters,A,12,128.000000
typical__a_maximum__b_three_quarters,typical,maximum,three_quarters,A,13,128.000000
typical__a_maximum__b_three_quarters,typical,maximum,three_quarters,A,14,128.000000
typical__a_maximum__b_three_quarters,typical,maximum,three_quarters,A,15,128.000000
typical__a_maximum__b_three_quarters,typical,maximum,three_quarters,A,16,128.000000
typical__a_maximum__b_three_quarters,typical,maximum,three_quarters,A,17,128.000000
typical__a_maximum__b_three_quarters,typical,maximum,three_quarters,A,18,128.000000
typical__a_maximum__b_three_quarters,typical,maximum,three_quarters,A,19,128.000000
typical__a_maximum__b_three_quarters,typical,maximum,three_quarters,A,20,128.000000
typical__a_maximum__b_three_quarters,typical,maximum,three_quarters,A,21,128.000000
typical__a_maximum__b_three_quarters,typical,maximum,three_quarters,A,22,128.000000
typical__a_maximum__b_three_quarters,typical,maximum,three_quarters,A,23,128.000000
typical__a_maximum__b_three_quarters,typical,maximum,three_quarters,B,0,81.500000
typical__a_maximum__b_three_quarters,typical,maximum,three_quarters,B,1,81.500000
typical__a_maximum__b_three_quarters,typical,maximum,three_quarters,B,2,81.500000
typical__a_maximum__b_three_quarters,typical,maximum,three_quarters,B,3,81.500000
typical__a_maximum__b_three_quarters,typical,maximum,three_quarters,B,4,81.500000
typical__a_maximum__b_three_quarters,typical,maximum,three_quarters,B,5,81.500000
typical__a_maximum__b_three_quarters,typical,maximum,three_quarters,B,6,81.500000
typical__a_maximum__b_three_quarters,typical,maximum,three_quarters,B,7,81.500000
typical__a_maximum__b_three_quarters,typical,maximum,three_quarters,B,8,81.500000
typical__a_maximum__b_three_quarters,typical,maximum,three_quarters,B,9,81.500000
typical__a_maximum__b_three_quarters,typical,maximum,three_quarters,B,10,81.500000
typical__a_maximum__b_three_quarters,typical,maximum,three_quarters,B,11,81.500000
typical__a_maximum__b_three_quarters,typical,maximum,three_quarters,B,12,81.500000
typical__a_maximum__b_three_quarters,typical,maximum,three_quarters,B,13,81.500000
typical__a_maximum__b_three_quarters,typical,maximum,three_quarters,B,14,81.500000
typical__a_maximum__b_three_quarters,typical,maximum,three_quarters,B,15,81.500000
typical__a_maximum__b_three_quarters,typical,maximum,three_quarters,B,16,81.500000
typical__a_maximum__b_three_quarters,typical,maximum,three_quarters,B,17,81.500000
typical__a_maximum__b_three_quarters,typical,maximum,three_quarters,B,18,81.500000
typical__a_maximum__b_three_quarters,typical,maximum,three_quarters,B,19,81.500000
typical__a_maximum__b_three_quarters,typical,maximum,three_quarters,B,20,81.500000
typical__a_maximum__b_three_quarters,typical,maximum,three_quarters,B,21,81.500000
typical__a_maximum__b_three_quarters,typical,maximum,three_quarters,B,22,81.500000
typical__a_maximum__b_three_quarters,typical,maximum,three_quarters,B,23,81.500000
typical__a_maximum__b_maximum,typical,maximum,maximum,A,0,128.000000
typical__a_maximum__b_maximum,typical,maximum,maximum,A,1,128.000000
typical__a_maximum__b_maximum,typical,maximum,maximum,A,2,128.000000
typical__a_maximum__b_maximum,typical,maximum,maximum,A,3,128.000000
typical__a_maximum__b_maximum,typical,maximum,maximum,A,4,128.000000
typical__a_maximum__b_maximum,typical,maximum,maximum,A,5,128.000000
typical__a_maximum__b_maximum,typical,maximum,maximum,A,6,128.000000
typical__a_maximum__b_maximum,typical,maximum,maximum,A,7,128.000000
typical__a_maximum__b_maximum,typical,maximum,maximum,A,8,128.000000
typical__a_maximum__b_maximum,typical,maximum,maximum,A,9,128.000000
typical__a_maximum__b_maximum,typical,maximum,maximum,A,10,128.000000
typical__a_maximum__b_maximum,typical,maximum,maximum,A,11,128.000000
typical__a_maximum__b_maximum,typical,maximum,maximum,A,12,128.000000
typical__a_maximum__b_maximum,typical,maximum,maximum,A,13,128.000000
typical__a_maximum__b_maximum,typical,maximum,maximum,A,14,128.000000
typical__a_maximum__b_maximum,typical,maximum,maximum,A,15,128.000000
typical__a_maximum__b_maximum,typical,maximum,maximum,A,16,128.000000
typical__a_maximum__b_maximum,typical,maximum,maximum,A,17,128.000000
typical__a_maximum__b_maximum,typical,maximum,maximum,A,18,128.000000
typical__a_maximum__b_maximum,typical,maximum,maximum,A,19,128.000000
typical__a_maximum__b_maximum,typical,maximum,maximum,A,20,128.000000
typical__a_maximum__b_maximum,typical,maximum,maximum,A,21,128.000000
typical__a_maximum__b_maximum,typical,maximum,maximum,A,22,128.000000
typical__a_maximum__b_maximum,typical,maximum,maximum,A,23,128.000000
typical__a_maximum__b_maximum,typical,maximum,maximum,B,0,98.000000
typical__a_maximum__b_maximum,typical,maximum,maximum,B,1,98.000000
typical__a_maximum__b_maximum,typical,maximum,maximum,B,2,98.000000
typical__a_maximum__b_maximum,typical,maximum,maximum,B,3,98.000000
typical__a_maximum__b_maximum,typical,maximum,maximum,B,4,98.000000
typical__a_maximum__b_maximum,typical,maximum,maximum,B,5,98.000000
typical__a_maximum__b_maximum,typical,maximum,maximum,B,6,98.000000
typical__a_maximum__b_maximum,typical,maximum,maximum,B,7,98.000000
typical__a_maximum__b_maximum,typical,maximum,maximum,B,8,98.000000
typical__a_maximum__b_maximum,typical,maximum,maximum,B,9,98.000000
typical__a_maximum__b_maximum,typical,maximum,maximum,B,10,98.000000
typical__a_maximum__b_maximum,typical,maximum,maximum,B,11,98.000000
typical__a_maximum__b_maximum,typical,maximum,maximum,B,12,98.000000
typical__a_maximum__b_maximum,typical,maximum,maximum,B,13,98.000000
typical__a_maximum__b_maximum,typical,maximum,maximum,B,14,98.000000
typical__a_maximum__b_maximum,typical,maximum,maximum,B,15,98.000000
typical__a_maximum__b_maximum,typical,maximum,maximum,B,16,98.000000
typical__a_maximum__b_maximum,typical,maximum,maximum,B,17,98.000000
typical__a_maximum__b_maximum,typical,maximum,maximum,B,18,98.000000
typical__a_maximum__b_maximum,typical,maximum,maximum,B,19,98.000000
typical__a_maximum__b_maximum,typical,maximum,maximum,B,20,98.000000
typical__a_maximum__b_maximum,typical,maximum,maximum,B,21,98.000000
typical__a_maximum__b_maximum,typical,maximum,maximum,B,22,98.000000
typical__a_maximum__b_maximum,typical,maximum,maximum,B,23,98.000000
upstream_peak__a_off__b_off,upstream_peak,off,off,A,0,0.000000
upstream_peak__a_off__b_off,upstream_peak,off,off,A,1,0.000000
upstream_peak__a_off__b_off,upstream_peak,off,off,A,2,0.000000
upstream_peak__a_off__b_off,upstream_peak,off,off,A,3,0.000000
upstream_peak__a_off__b_off,upstream_peak,off,off,A,4,0.000000
upstream_peak__a_off__b_off,upstream_peak,off,off,A,5,0.000000
upstream_peak__a_off__b_off,upstream_peak,off,off,A,6,0.000000
upstream_peak__a_off__b_off,upstream_peak,off,off,A,7,0.000000
upstream_peak__a_off__b_off,upstream_peak,off,off,A,8,0.000000
upstream_peak__a_off__b_off,upstream_peak,off,off,A,9,0.000000
upstream_peak__a_off__b_off,upstream_peak,off,off,A,10,0.000000
upstream_peak__a_off__b_off,upstream_peak,off,off,A,11,0.000000
upstream_peak__a_off__b_off,upstream_peak,off,off,A,12,0.000000
upstream_peak__a_off__b_off,upstream_peak,off,off,A,13,0.000000
upstream_peak__a_off__b_off,upstream_peak,off,off,A,14,0.000000
upstream_peak__a_off__b_off,upstream_peak,off,off,A,15,0.000000
upstream_peak__a_off__b_off,upstream_peak,off,off,A,16,0.000000
upstream_peak__a_off__b_off,upstream_peak,off,off,A,17,0.000000
upstream_peak__a_off__b_off,upstream_peak,off,off,A,18,0.000000
upstream_peak__a_off__b_off,upstream_peak,off,off,A,19,0.000000
upstream_peak__a_off__b_off,upstream_peak,off,off,A,20,0.000000
upstream_peak__a_off__b_off,upstream_peak,off,off,A,21,0.000000
upstream_peak__a_off__b_off,upstream_peak,off,off,A,22,0.000000
upstream_peak__a_off__b_off,upstream_peak,off,off,A,23,0.000000
upstream_peak__a_off__b_off,upstream_peak,off,off,B,0,0.000000
upstream_peak__a_off__b_off,upstream_peak,off,off,B,1,0.000000
upstream_peak__a_off__b_off,upstream_peak,off,off,B,2,0.000000
upstream_peak__a_off__b_off,upstream_peak,off,off,B,3,0.000000
upstream_peak__a_off__b_off,upstream_peak,off,off,B,4,0.000000
upstream_peak__a_off__b_off,upstream_peak,off,off,B,5,0.000000
upstream_peak__a_off__b_off,upstream_peak,off,off,B,6,0.000000
upstream_peak__a_off__b_off,upstream_peak,off,off,B,7,0.000000
upstream_peak__a_off__b_off,upstream_peak,off,off,B,8,0.000000
upstream_peak__a_off__b_off,upstream_peak,off,off,B,9,0.000000
upstream_peak__a_off__b_off,upstream_peak,off,off,B,10,0.000000
upstream_peak__a_off__b_off,upstream_peak,off,off,B,11,0.000000
upstream_peak__a_off__b_off,upstream_peak,off,off,B,12,0.000000
upstream_peak__a_off__b_off,upstream_peak,off,off,B,13,0.000000
upstream_peak__a_off__b_off,upstream_peak,off,off,B,14,0.000000
upstream_peak__a_off__b_off,upstream_peak,off,off,B,15,0.000000
upstream_peak__a_off__b_off,upstream_peak,off,off,B,16,0.000000
upstream_peak__a_off__b_off,upstream_peak,off,off,B,17,0.000000
upstream_peak__a_off__b_off,upstream_peak,off,off,B,18,0.000000
upstream_peak__a_off__b_off,upstream_peak,off,off,B,19,0.000000
upstream_peak__a_off__b_off,upstream_peak,off,off,B,20,0.000000
upstream_peak__a_off__b_off,upstream_peak,off,off,B,21,0.000000
upstream_peak__a_off__b_off,upstream_peak,off,off,B,22,0.000000
upstream_peak__a_off__b_off,upstream_peak,off,off,B,23,0.000000
upstream_peak__a_off__b_minimum,upstream_peak,off,minimum,A,0,0.000000
upstream_peak__a_off__b_minimum,upstream_peak,off,minimum,A,1,0.000000
upstream_peak__a_off__b_minimum,upstream_peak,off,minimum,A,2,0.000000
upstream_peak__a_off__b_minimum,upstream_peak,off,minimum,A,3,0.000000
upstream_peak__a_off__b_minimum,upstream_peak,off,minimum,A,4,0.000000
upstream_peak__a_off__b_minimum,upstream_peak,off,minimum,A,5,0.000000
upstream_peak__a_off__b_minimum,upstream_peak,off,minimum,A,6,0.000000
upstream_peak__a_off__b_minimum,upstream_peak,off,minimum,A,7,0.000000
upstream_peak__a_off__b_minimum,upstream_peak,off,minimum,A,8,0.000000
upstream_peak__a_off__b_minimum,upstream_peak,off,minimum,A,9,0.000000
upstream_peak__a_off__b_minimum,upstream_peak,off,minimum,A,10,0.000000
upstream_peak__a_off__b_minimum,upstream_peak,off,minimum,A,11,0.000000
upstream_peak__a_off__b_minimum,upstream_peak,off,minimum,A,12,0.000000
upstream_peak__a_off__b_minimum,upstream_peak,off,minimum,A,13,0.000000
upstream_peak__a_off__b_minimum,upstream_peak,off,minimum,A,14,0.000000
upstream_peak__a_off__b_minimum,upstream_peak,off,minimum,A,15,0.000000
upstream_peak__a_off__b_minimum,upstream_peak,off,minimum,A,16,0.000000
upstream_peak__a_off__b_minimum,upstream_peak,off,minimum,A,17,0.000000
upstream_peak__a_off__b_minimum,upstream_peak,off,minimum,A,18,0.000000
upstream_peak__a_off__b_minimum,upstream_peak,off,minimum,A,19,0.000000
upstream_peak__a_off__b_minimum,upstream_peak,off,minimum,A,20,0.000000
upstream_peak__a_off__b_minimum,upstream_peak,off,minimum,A,21,0.000000
upstream_peak__a_off__b_minimum,upstream_peak,off,minimum,A,22,0.000000
upstream_peak__a_off__b_minimum,upstream_peak,off,minimum,A,23,0.000000
upstream_peak__a_off__b_minimum,upstream_peak,off,minimum,B,0,32.000000
upstream_peak__a_off__b_minimum,upstream_peak,off,minimum,B,1,32.000000
upstream_peak__a_off__b_minimum,upstream_peak,off,minimum,B,2,32.000000
upstream_peak__a_off__b_minimum,upstream_peak,off,minimum,B,3,32.000000
upstream_peak__a_off__b_minimum,upstream_peak,off,minimum,B,4,32.000000
upstream_peak__a_off__b_minimum,upstream_peak,off,minimum,B,5,32.000000
upstream_peak__a_off__b_minimum,upstream_peak,off,minimum,B,6,32.000000
upstream_peak__a_off__b_minimum,upstream_peak,off,minimum,B,7,32.000000
upstream_peak__a_off__b_minimum,upstream_peak,off,minimum,B,8,32.000000
upstream_peak__a_off__b_minimum,upstream_peak,off,minimum,B,9,32.000000
upstream_peak__a_off__b_minimum,upstream_peak,off,minimum,B,10,32.000000
upstream_peak__a_off__b_minimum,upstream_peak,off,minimum,B,11,32.000000
upstream_peak__a_off__b_minimum,upstream_peak,off,minimum,B,12,32.000000
upstream_peak__a_off__b_minimum,upstream_peak,off,minimum,B,13,32.000000
upstream_peak__a_off__b_minimum,upstream_peak,off,minimum,B,14,32.000000
upstream_peak__a_off__b_minimum,upstream_peak,off,minimum,B,15,32.000000
upstream_peak__a_off__b_minimum,upstream_peak,off,minimum,B,16,32.000000
upstream_peak__a_off__b_minimum,upstream_peak,off,minimum,B,17,32.000000
upstream_peak__a_off__b_minimum,upstream_peak,off,minimum,B,18,32.000000
upstream_peak__a_off__b_minimum,upstream_peak,off,minimum,B,19,32.000000
upstream_peak__a_off__b_minimum,upstream_peak,off,minimum,B,20,32.000000
upstream_peak__a_off__b_minimum,upstream_peak,off,minimum,B,21,32.000000
upstream_peak__a_off__b_minimum,upstream_peak,off,minimum,B,22,32.000000
upstream_peak__a_off__b_minimum,upstream_peak,off,minimum,B,23,32.000000
upstream_peak__a_off__b_quarter,upstream_peak,off,quarter,A,0,0.000000
upstream_peak__a_off__b_quarter,upstream_peak,off,quarter,A,1,0.000000
upstream_peak__a_off__b_quarter,upstream_peak,off,quarter,A,2,0.000000
upstream_peak__a_off__b_quarter,upstream_peak,off,quarter,A,3,0.000000
upstream_peak__a_off__b_quarter,upstream_peak,off,quarter,A,4,0.000000
upstream_peak__a_off__b_quarter,upstream_peak,off,quarter,A,5,0.000000
upstream_peak__a_off__b_quarter,upstream_peak,off,quarter,A,6,0.000000
upstream_peak__a_off__b_quarter,upstream_peak,off,quarter,A,7,0.000000
upstream_peak__a_off__b_quarter,upstream_peak,off,quarter,A,8,0.000000
upstream_peak__a_off__b_quarter,upstream_peak,off,quarter,A,9,0.000000
upstream_peak__a_off__b_quarter,upstream_peak,off,quarter,A,10,0.000000
upstream_peak__a_off__b_quarter,upstream_peak,off,quarter,A,11,0.000000
upstream_peak__a_off__b_quarter,upstream_peak,off,quarter,A,12,0.000000
upstream_peak__a_off__b_quarter,upstream_peak,off,quarter,A,13,0.000000
upstream_peak__a_off__b_quarter,upstream_peak,off,quarter,A,14,0.000000
upstream_peak__a_off__b_quarter,upstream_peak,off,quarter,A,15,0.000000
upstream_peak__a_off__b_quarter,upstream_peak,off,quarter,A,16,0.000000
upstream_peak__a_off__b_quarter,upstream_peak,off,quarter,A,17,0.000000
upstream_peak__a_off__b_quarter,upstream_peak,off,quarter,A,18,0.000000
upstream_peak__a_off__b_quarter,upstream_peak,off,quarter,A,19,0.000000
upstream_peak__a_off__b_quarter,upstream_peak,off,quarter,A,20,0.000000
upstream_peak__a_off__b_quarter,upstream_peak,off,quarter,A,21,0.000000
upstream_peak__a_off__b_quarter,upstream_peak,off,quarter,A,22,0.000000
upstream_peak__a_off__b_quarter,upstream_peak,off,quarter,A,23,0.000000
upstream_peak__a_off__b_quarter,upstream_peak,off,quarter,B,0,48.500000
upstream_peak__a_off__b_quarter,upstream_peak,off,quarter,B,1,48.500000
upstream_peak__a_off__b_quarter,upstream_peak,off,quarter,B,2,48.500000
upstream_peak__a_off__b_quarter,upstream_peak,off,quarter,B,3,48.500000
upstream_peak__a_off__b_quarter,upstream_peak,off,quarter,B,4,48.500000
upstream_peak__a_off__b_quarter,upstream_peak,off,quarter,B,5,48.500000
upstream_peak__a_off__b_quarter,upstream_peak,off,quarter,B,6,48.500000
upstream_peak__a_off__b_quarter,upstream_peak,off,quarter,B,7,48.500000
upstream_peak__a_off__b_quarter,upstream_peak,off,quarter,B,8,48.500000
upstream_peak__a_off__b_quarter,upstream_peak,off,quarter,B,9,48.500000
upstream_peak__a_off__b_quarter,upstream_peak,off,quarter,B,10,48.500000
upstream_peak__a_off__b_quarter,upstream_peak,off,quarter,B,11,48.500000
upstream_peak__a_off__b_quarter,upstream_peak,off,quarter,B,12,48.500000
upstream_peak__a_off__b_quarter,upstream_peak,off,quarter,B,13,48.500000
upstream_peak__a_off__b_quarter,upstream_peak,off,quarter,B,14,48.500000
upstream_peak__a_off__b_quarter,upstream_peak,off,quarter,B,15,48.500000
upstream_peak__a_off__b_quarter,upstream_peak,off,quarter,B,16,48.500000
upstream_peak__a_off__b_quarter,upstream_peak,off,quarter,B,17,48.500000
upstream_peak__a_off__b_quarter,upstream_peak,off,quarter,B,18,48.500000
upstream_peak__a_off__b_quarter,upstream_peak,off,quarter,B,19,48.500000
upstream_peak__a_off__b_quarter,upstream_peak,off,quarter,B,20,48.500000
upstream_peak__a_off__b_quarter,upstream_peak,off,quarter,B,21,48.500000
upstream_peak__a_off__b_quarter,upstream_peak,off,quarter,B,22,48.500000
upstream_peak__a_off__b_quarter,upstream_peak,off,quarter,B,23,48.500000
upstream_peak__a_off__b_half,upstream_peak,off,half,A,0,0.000000
upstream_peak__a_off__b_half,upstream_peak,off,half,A,1,0.000000
upstream_peak__a_off__b_half,upstream_peak,off,half,A,2,0.000000
upstream_peak__a_off__b_half,upstream_peak,off,half,A,3,0.000000
upstream_peak__a_off__b_half,upstream_peak,off,half,A,4,0.000000
upstream_peak__a_off__b_half,upstream_peak,off,half,A,5,0.000000
upstream_peak__a_off__b_half,upstream_peak,off,half,A,6,0.000000
upstream_peak__a_off__b_half,upstream_peak,off,half,A,7,0.000000
upstream_peak__a_off__b_half,upstream_peak,off,half,A,8,0.000000
upstream_peak__a_off__b_half,upstream_peak,off,half,A,9,0.000000
upstream_peak__a_off__b_half,upstream_peak,off,half,A,10,0.000000
upstream_peak__a_off__b_half,upstream_peak,off,half,A,11,0.000000
upstream_peak__a_off__b_half,upstream_peak,off,half,A,12,0.000000
upstream_peak__a_off__b_half,upstream_peak,off,half,A,13,0.000000
upstream_peak__a_off__b_half,upstream_peak,off,half,A,14,0.000000
upstream_peak__a_off__b_half,upstream_peak,off,half,A,15,0.000000
upstream_peak__a_off__b_half,upstream_peak,off,half,A,16,0.000000
upstream_peak__a_off__b_half,upstream_peak,off,half,A,17,0.000000
upstream_peak__a_off__b_half,upstream_peak,off,half,A,18,0.000000
upstream_peak__a_off__b_half,upstream_peak,off,half,A,19,0.000000
upstream_peak__a_off__b_half,upstream_peak,off,half,A,20,0.000000
upstream_peak__a_off__b_half,upstream_peak,off,half,A,21,0.000000
upstream_peak__a_off__b_half,upstream_peak,off,half,A,22,0.000000
upstream_peak__a_off__b_half,upstream_peak,off,half,A,23,0.000000
upstream_peak__a_off__b_half,upstream_peak,off,half,B,0,65.000000
upstream_peak__a_off__b_half,upstream_peak,off,half,B,1,65.000000
upstream_peak__a_off__b_half,upstream_peak,off,half,B,2,65.000000
upstream_peak__a_off__b_half,upstream_peak,off,half,B,3,65.000000
upstream_peak__a_off__b_half,upstream_peak,off,half,B,4,65.000000
upstream_peak__a_off__b_half,upstream_peak,off,half,B,5,65.000000
upstream_peak__a_off__b_half,upstream_peak,off,half,B,6,65.000000
upstream_peak__a_off__b_half,upstream_peak,off,half,B,7,65.000000
upstream_peak__a_off__b_half,upstream_peak,off,half,B,8,65.000000
upstream_peak__a_off__b_half,upstream_peak,off,half,B,9,65.000000
upstream_peak__a_off__b_half,upstream_peak,off,half,B,10,65.000000
upstream_peak__a_off__b_half,upstream_peak,off,half,B,11,65.000000
upstream_peak__a_off__b_half,upstream_peak,off,half,B,12,65.000000
upstream_peak__a_off__b_half,upstream_peak,off,half,B,13,65.000000
upstream_peak__a_off__b_half,upstream_peak,off,half,B,14,65.000000
upstream_peak__a_off__b_half,upstream_peak,off,half,B,15,65.000000
upstream_peak__a_off__b_half,upstream_peak,off,half,B,16,65.000000
upstream_peak__a_off__b_half,upstream_peak,off,half,B,17,65.000000
upstream_peak__a_off__b_half,upstream_peak,off,half,B,18,65.000000
upstream_peak__a_off__b_half,upstream_peak,off,half,B,19,65.000000
upstream_peak__a_off__b_half,upstream_peak,off,half,B,20,65.000000
upstream_peak__a_off__b_half,upstream_peak,off,half,B,21,65.000000
upstream_peak__a_off__b_half,upstream_peak,off,half,B,22,65.000000
upstream_peak__a_off__b_half,upstream_peak,off,half,B,23,65.000000
upstream_peak__a_off__b_three_quarters,upstream_peak,off,three_quarters,A,0,0.000000
upstream_peak__a_off__b_three_quarters,upstream_peak,off,three_quarters,A,1,0.000000
upstream_peak__a_off__b_three_quarters,upstream_peak,off,three_quarters,A,2,0.000000
upstream_peak__a_off__b_three_quarters,upstream_peak,off,three_quarters,A,3,0.000000
upstream_peak__a_off__b_three_quarters,upstream_peak,off,three_quarters,A,4,0.000000
upstream_peak__a_off__b_three_quarters,upstream_peak,off,three_quarters,A,5,0.000000
upstream_peak__a_off__b_three_quarters,upstream_peak,off,three_quarters,A,6,0.000000
upstream_peak__a_off__b_three_quarters,upstream_peak,off,three_quarters,A,7,0.000000
upstream_peak__a_off__b_three_quarters,upstream_peak,off,three_quarters,A,8,0.000000
upstream_peak__a_off__b_three_quarters,upstream_peak,off,three_quarters,A,9,0.000000
upstream_peak__a_off__b_three_quarters,upstream_peak,off,three_quarters,A,10,0.000000
upstream_peak__a_off__b_three_quarters,upstream_peak,off,three_quarters,A,11,0.000000
upstream_peak__a_off__b_three_quarters,upstream_peak,off,three_quarters,A,12,0.000000
upstream_peak__a_off__b_three_quarters,upstream_peak,off,three_quarters,A,13,0.000000
upstream_peak__a_off__b_three_quarters,upstream_peak,off,three_quarters,A,14,0.000000
upstream_peak__a_off__b_three_quarters,upstream_peak,off,three_quarters,A,15,0.000000
upstream_peak__a_off__b_three_quarters,upstream_peak,off,three_quarters,A,16,0.000000
upstream_peak__a_off__b_three_quarters,upstream_peak,off,three_quarters,A,17,0.000000
upstream_peak__a_off__b_three_quarters,upstream_peak,off,three_quarters,A,18,0.000000
upstream_peak__a_off__b_three_quarters,upstream_peak,off,three_quarters,A,19,0.000000
upstream_peak__a_off__b_three_quarters,upstream_peak,off,three_quarters,A,20,0.000000
upstream_peak__a_off__b_three_quarters,upstream_peak,off,three_quarters,A,21,0.000000
upstream_peak__a_off__b_three_quarters,upstream_peak,off,three_quarters,A,22,0.000000
upstream_peak__a_off__b_three_quarters,upstream_peak,off,three_quarters,A,23,0.000000
upstream_peak__a_off__b_three_quarters,upstream_peak,off,three_quarters,B,0,81.500000
upstream_peak__a_off__b_three_quarters,upstream_peak,off,three_quarters,B,1,81.500000
upstream_peak__a_off__b_three_quarters,upstream_peak,off,three_quarters,B,2,81.500000
upstream_peak__a_off__b_three_quarters,upstream_peak,off,three_quarters,B,3,81.500000
upstream_peak__a_off__b_three_quarters,upstream_peak,off,three_quarters,B,4,81.500000
upstream_peak__a_off__b_three_quarters,upstream_peak,off,three_quarters,B,5,81.500000
upstream_peak__a_off__b_three_quarters,upstream_peak,off,three_quarters,B,6,81.500000
upstream_peak__a_off__b_three_quarters,upstream_peak,off,three_quarters,B,7,81.500000
upstream_peak__a_off__b_three_quarters,upstream_peak,off,three_quarters,B,8,81.500000
upstream_peak__a_off__b_three_quarters,upstream_peak,off,three_quarters,B,9,81.500000
upstream_peak__a_off__b_three_quarters,upstream_peak,off,three_quarters,B,10,81.500000
upstream_peak__a_off__b_three_quarters,upstream_peak,off,three_quarters,B,11,81.500000
upstream_peak__a_off__b_three_quarters,upstream_peak,off,three_quarters,B,12,81.500000
upstream_peak__a_off__b_three_quarters,upstream_peak,off,three_quarters,B,13,81.500000
upstream_peak__a_off__b_three_quarters,upstream_peak,off,three_quarters,B,14,81.500000
upstream_peak__a_off__b_three_quarters,upstream_peak,off,three_quarters,B,15,81.500000
upstream_peak__a_off__b_three_quarters,upstream_peak,off,three_quarters,B,16,81.500000
upstream_peak__a_off__b_three_quarters,upstream_peak,off,three_quarters,B,17,81.500000
upstream_peak__a_off__b_three_quarters,upstream_peak,off,three_quarters,B,18,81.500000
upstream_peak__a_off__b_three_quarters,upstream_peak,off,three_quarters,B,19,81.500000
upstream_peak__a_off__b_three_quarters,upstream_peak,off,three_quarters,B,20,81.500000
upstream_peak__a_off__b_three_quarters,upstream_peak,off,three_quarters,B,21,81.500000
upstream_peak__a_off__b_three_quarters,upstream_peak,off,three_quarters,B,22,81.500000
upstream_peak__a_off__b_three_quarters,upstream_peak,off,three_quarters,B,23,81.500000
upstream_peak__a_off__b_maximum,upstream_peak,off,maximum,A,0,0.000000
upstream_peak__a_off__b_maximum,upstream_peak,off,maximum,A,1,0.000000
upstream_peak__a_off__b_maximum,upstream_peak,off,maximum,A,2,0.000000
upstream_peak__a_off__b_maximum,upstream_peak,off,maximum,A,3,0.000000
upstream_peak__a_off__b_maximum,upstream_peak,off,maximum,A,4,0.000000
upstream_peak__a_off__b_maximum,upstream_peak,off,maximum,A,5,0.000000
upstream_peak__a_off__b_maximum,upstream_peak,off,maximum,A,6,0.000000
upstream_peak__a_off__b_maximum,upstream_peak,off,maximum,A,7,0.000000
upstream_peak__a_off__b_maximum,upstream_peak,off,maximum,A,8,0.000000
upstream_peak__a_off__b_maximum,upstream_peak,off,maximum,A,9,0.000000
upstream_peak__a_off__b_maximum,upstream_peak,off,maximum,A,10,0.000000
upstream_peak__a_off__b_maximum,upstream_peak,off,maximum,A,11,0.000000
upstream_peak__a_off__b_maximum,upstream_peak,off,maximum,A,12,0.000000
upstream_peak__a_off__b_maximum,upstream_peak,off,maximum,A,13,0.000000
upstream_peak__a_off__b_maximum,upstream_peak,off,maximum,A,14,0.000000
upstream_peak__a_off__b_maximum,upstream_peak,off,maximum,A,15,0.000000
upstream_peak__a_off__b_maximum,upstream_peak,off,maximum,A,16,0.000000
upstream_peak__a_off__b_maximum,upstream_peak,off,maximum,A,17,0.000000
upstream_peak__a_off__b_maximum,upstream_peak,off,maximum,A,18,0.000000
upstream_peak__a_off__b_maximum,upstream_peak,off,maximum,A,19,0.000000
upstream_peak__a_off__b_maximum,upstream_peak,off,maximum,A,20,0.000000
upstream_peak__a_off__b_maximum,upstream_peak,off,maximum,A,21,0.000000
upstream_peak__a_off__b_maximum,upstream_peak,off,maximum,A,22,0.000000
upstream_peak__a_off__b_maximum,upstream_peak,off,maximum,A,23,0.000000
upstream_peak__a_off__b_maximum,upstream_peak,off,maximum,B,0,98.000000
upstream_peak__a_off__b_maximum,upstream_peak,off,maximum,B,1,98.000000
upstream_peak__a_off__b_maximum,upstream_peak,off,maximum,B,2,98.000000
upstream_peak__a_off__b_maximum,upstream_peak,off,maximum,B,3,98.000000
upstream_peak__a_off__b_maximum,upstream_peak,off,maximum,B,4,98.000000
upstream_peak__a_off__b_maximum,upstream_peak,off,maximum,B,5,98.000000
upstream_peak__a_off__b_maximum,upstream_peak,off,maximum,B,6,98.000000
upstream_peak__a_off__b_maximum,upstream_peak,off,maximum,B,7,98.000000
upstream_peak__a_off__b_maximum,upstream_peak,off,maximum,B,8,98.000000
upstream_peak__a_off__b_maximum,upstream_peak,off,maximum,B,9,98.000000
upstream_peak__a_off__b_maximum,upstream_peak,off,maximum,B,10,98.000000
upstream_peak__a_off__b_maximum,upstream_peak,off,maximum,B,11,98.000000
upstream_peak__a_off__b_maximum,upstream_peak,off,maximum,B,12,98.000000
upstream_peak__a_off__b_maximum,upstream_peak,off,maximum,B,13,98.000000
upstream_peak__a_off__b_maximum,upstream_peak,off,maximum,B,14,98.000000
upstream_peak__a_off__b_maximum,upstream_peak,off,maximum,B,15,98.000000
upstream_peak__a_off__b_maximum,upstream_peak,off,maximum,B,16,98.000000
upstream_peak__a_off__b_maximum,upstream_peak,off,maximum,B,17,98.000000
upstream_peak__a_off__b_maximum,upstream_peak,off,maximum,B,18,98.000000
upstream_peak__a_off__b_maximum,upstream_peak,off,maximum,B,19,98.000000
upstream_peak__a_off__b_maximum,upstream_peak,off,maximum,B,20,98.000000
upstream_peak__a_off__b_maximum,upstream_peak,off,maximum,B,21,98.000000
upstream_peak__a_off__b_maximum,upstream_peak,off,maximum,B,22,98.000000
upstream_peak__a_off__b_maximum,upstream_peak,off,maximum,B,23,98.000000
upstream_peak__a_minimum__b_off,upstream_peak,minimum,off,A,0,45.000000
upstream_peak__a_minimum__b_off,upstream_peak,minimum,off,A,1,45.000000
upstream_peak__a_minimum__b_off,upstream_peak,minimum,off,A,2,45.000000
upstream_peak__a_minimum__b_off,upstream_peak,minimum,off,A,3,45.000000
upstream_peak__a_minimum__b_off,upstream_peak,minimum,off,A,4,45.000000
upstream_peak__a_minimum__b_off,upstream_peak,minimum,off,A,5,45.000000
upstream_peak__a_minimum__b_off,upstream_peak,minimum,off,A,6,45.000000
upstream_peak__a_minimum__b_off,upstream_peak,minimum,off,A,7,45.000000
upstream_peak__a_minimum__b_off,upstream_peak,minimum,off,A,8,45.000000
upstream_peak__a_minimum__b_off,upstream_peak,minimum,off,A,9,45.000000
upstream_peak__a_minimum__b_off,upstream_peak,minimum,off,A,10,45.000000
upstream_peak__a_minimum__b_off,upstream_peak,minimum,off,A,11,45.000000
upstream_peak__a_minimum__b_off,upstream_peak,minimum,off,A,12,45.000000
upstream_peak__a_minimum__b_off,upstream_peak,minimum,off,A,13,45.000000
upstream_peak__a_minimum__b_off,upstream_peak,minimum,off,A,14,45.000000
upstream_peak__a_minimum__b_off,upstream_peak,minimum,off,A,15,45.000000
upstream_peak__a_minimum__b_off,upstream_peak,minimum,off,A,16,45.000000
upstream_peak__a_minimum__b_off,upstream_peak,minimum,off,A,17,45.000000
upstream_peak__a_minimum__b_off,upstream_peak,minimum,off,A,18,45.000000
upstream_peak__a_minimum__b_off,upstream_peak,minimum,off,A,19,45.000000
upstream_peak__a_minimum__b_off,upstream_peak,minimum,off,A,20,45.000000
upstream_peak__a_minimum__b_off,upstream_peak,minimum,off,A,21,45.000000
upstream_peak__a_minimum__b_off,upstream_peak,minimum,off,A,22,45.000000
upstream_peak__a_minimum__b_off,upstream_peak,minimum,off,A,23,45.000000
upstream_peak__a_minimum__b_off,upstream_peak,minimum,off,B,0,0.000000
upstream_peak__a_minimum__b_off,upstream_peak,minimum,off,B,1,0.000000
upstream_peak__a_minimum__b_off,upstream_peak,minimum,off,B,2,0.000000
upstream_peak__a_minimum__b_off,upstream_peak,minimum,off,B,3,0.000000
upstream_peak__a_minimum__b_off,upstream_peak,minimum,off,B,4,0.000000
upstream_peak__a_minimum__b_off,upstream_peak,minimum,off,B,5,0.000000
upstream_peak__a_minimum__b_off,upstream_peak,minimum,off,B,6,0.000000
upstream_peak__a_minimum__b_off,upstream_peak,minimum,off,B,7,0.000000
upstream_peak__a_minimum__b_off,upstream_peak,minimum,off,B,8,0.000000
upstream_peak__a_minimum__b_off,upstream_peak,minimum,off,B,9,0.000000
upstream_peak__a_minimum__b_off,upstream_peak,minimum,off,B,10,0.000000
upstream_peak__a_minimum__b_off,upstream_peak,minimum,off,B,11,0.000000
upstream_peak__a_minimum__b_off,upstream_peak,minimum,off,B,12,0.000000
upstream_peak__a_minimum__b_off,upstream_peak,minimum,off,B,13,0.000000
upstream_peak__a_minimum__b_off,upstream_peak,minimum,off,B,14,0.000000
upstream_peak__a_minimum__b_off,upstream_peak,minimum,off,B,15,0.000000
upstream_peak__a_minimum__b_off,upstream_peak,minimum,off,B,16,0.000000
upstream_peak__a_minimum__b_off,upstream_peak,minimum,off,B,17,0.000000
upstream_peak__a_minimum__b_off,upstream_peak,minimum,off,B,18,0.000000
upstream_peak__a_minimum__b_off,upstream_peak,minimum,off,B,19,0.000000
upstream_peak__a_minimum__b_off,upstream_peak,minimum,off,B,20,0.000000
upstream_peak__a_minimum__b_off,upstream_peak,minimum,off,B,21,0.000000
upstream_peak__a_minimum__b_off,upstream_peak,minimum,off,B,22,0.000000
upstream_peak__a_minimum__b_off,upstream_peak,minimum,off,B,23,0.000000
upstream_peak__a_minimum__b_minimum,upstream_peak,minimum,minimum,A,0,45.000000
upstream_peak__a_minimum__b_minimum,upstream_peak,minimum,minimum,A,1,45.000000
upstream_peak__a_minimum__b_minimum,upstream_peak,minimum,minimum,A,2,45.000000
upstream_peak__a_minimum__b_minimum,upstream_peak,minimum,minimum,A,3,45.000000
upstream_peak__a_minimum__b_minimum,upstream_peak,minimum,minimum,A,4,45.000000
upstream_peak__a_minimum__b_minimum,upstream_peak,minimum,minimum,A,5,45.000000
upstream_peak__a_minimum__b_minimum,upstream_peak,minimum,minimum,A,6,45.000000
upstream_peak__a_minimum__b_minimum,upstream_peak,minimum,minimum,A,7,45.000000
upstream_peak__a_minimum__b_minimum,upstream_peak,minimum,minimum,A,8,45.000000
upstream_peak__a_minimum__b_minimum,upstream_peak,minimum,minimum,A,9,45.000000
upstream_peak__a_minimum__b_minimum,upstream_peak,minimum,minimum,A,10,45.000000
upstream_peak__a_minimum__b_minimum,upstream_peak,minimum,minimum,A,11,45.000000
upstream_peak__a_minimum__b_minimum,upstream_peak,minimum,minimum,A,12,45.000000
upstream_peak__a_minimum__b_minimum,upstream_peak,minimum,minimum,A,13,45.000000
upstream_peak__a_minimum__b_minimum,upstream_peak,minimum,minimum,A,14,45.000000
upstream_peak__a_minimum__b_minimum,upstream_peak,minimum,minimum,A,15,45.000000
upstream_peak__a_minimum__b_minimum,upstream_peak,minimum,minimum,A,16,45.000000
upstream_peak__a_minimum__b_minimum,upstream_peak,minimum,minimum,A,17,45.000000
upstream_peak__a_minimum__b_minimum,upstream_peak,minimum,minimum,A,18,45.000000
upstream_peak__a_minimum__b_minimum,upstream_peak,minimum,minimum,A,19,45.000000
upstream_peak__a_minimum__b_minimum,upstream_peak,minimum,minimum,A,20,45.000000
upstream_peak__a_minimum__b_minimum,upstream_peak,minimum,minimum,A,21,45.000000
upstream_peak__a_minimum__b_minimum,upstream_peak,minimum,minimum,A,22,45.000000
upstream_peak__a_minimum__b_minimum,upstream_peak,minimum,minimum,A,23,45.000000
upstream_peak__a_minimum__b_minimum,upstream_peak,minimum,minimum,B,0,32.000000
upstream_peak__a_minimum__b_minimum,upstream_peak,minimum,minimum,B,1,32.000000
upstream_peak__a_minimum__b_minimum,upstream_peak,minimum,minimum,B,2,32.000000
upstream_peak__a_minimum__b_minimum,upstream_peak,minimum,minimum,B,3,32.000000
upstream_peak__a_minimum__b_minimum,upstream_peak,minimum,minimum,B,4,32.000000
upstream_peak__a_minimum__b_minimum,upstream_peak,minimum,minimum,B,5,32.000000
upstream_peak__a_minimum__b_minimum,upstream_peak,minimum,minimum,B,6,32.000000
upstream_peak__a_minimum__b_minimum,upstream_peak,minimum,minimum,B,7,32.000000
upstream_peak__a_minimum__b_minimum,upstream_peak,minimum,minimum,B,8,32.000000
upstream_peak__a_minimum__b_minimum,upstream_peak,minimum,minimum,B,9,32.000000
upstream_peak__a_minimum__b_minimum,upstream_peak,minimum,minimum,B,10,32.000000
upstream_peak__a_minimum__b_minimum,upstream_peak,minimum,minimum,B,11,32.000000
upstream_peak__a_minimum__b_minimum,upstream_peak,minimum,minimum,B,12,32.000000
upstream_peak__a_minimum__b_minimum,upstream_peak,minimum,minimum,B,13,32.000000
upstream_peak__a_minimum__b_minimum,upstream_peak,minimum,minimum,B,14,32.000000
upstream_peak__a_minimum__b_minimum,upstream_peak,minimum,minimum,B,15,32.000000
upstream_peak__a_minimum__b_minimum,upstream_peak,minimum,minimum,B,16,32.000000
upstream_peak__a_minimum__b_minimum,upstream_peak,minimum,minimum,B,17,32.000000
upstream_peak__a_minimum__b_minimum,upstream_peak,minimum,minimum,B,18,32.000000
upstream_peak__a_minimum__b_minimum,upstream_peak,minimum,minimum,B,19,32.000000
upstream_peak__a_minimum__b_minimum,upstream_peak,minimum,minimum,B,20,32.000000
upstream_peak__a_minimum__b_minimum,upstream_peak,minimum,minimum,B,21,32.000000
upstream_peak__a_minimum__b_minimum,upstream_peak,minimum,minimum,B,22,32.000000
upstream_peak__a_minimum__b_minimum,upstream_peak,minimum,minimum,B,23,32.000000
upstream_peak__a_minimum__b_quarter,upstream_peak,minimum,quarter,A,0,45.000000
upstream_peak__a_minimum__b_quarter,upstream_peak,minimum,quarter,A,1,45.000000
upstream_peak__a_minimum__b_quarter,upstream_peak,minimum,quarter,A,2,45.000000
upstream_peak__a_minimum__b_quarter,upstream_peak,minimum,quarter,A,3,45.000000
upstream_peak__a_minimum__b_quarter,upstream_peak,minimum,quarter,A,4,45.000000
upstream_peak__a_minimum__b_quarter,upstream_peak,minimum,quarter,A,5,45.000000
upstream_peak__a_minimum__b_quarter,upstream_peak,minimum,quarter,A,6,45.000000
upstream_peak__a_minimum__b_quarter,upstream_peak,minimum,quarter,A,7,45.000000
upstream_peak__a_minimum__b_quarter,upstream_peak,minimum,quarter,A,8,45.000000
upstream_peak__a_minimum__b_quarter,upstream_peak,minimum,quarter,A,9,45.000000
upstream_peak__a_minimum__b_quarter,upstream_peak,minimum,quarter,A,10,45.000000
upstream_peak__a_minimum__b_quarter,upstream_peak,minimum,quarter,A,11,45.000000
upstream_peak__a_minimum__b_quarter,upstream_peak,minimum,quarter,A,12,45.000000
upstream_peak__a_minimum__b_quarter,upstream_peak,minimum,quarter,A,13,45.000000
upstream_peak__a_minimum__b_quarter,upstream_peak,minimum,quarter,A,14,45.000000
upstream_peak__a_minimum__b_quarter,upstream_peak,minimum,quarter,A,15,45.000000
upstream_peak__a_minimum__b_quarter,upstream_peak,minimum,quarter,A,16,45.000000
upstream_peak__a_minimum__b_quarter,upstream_peak,minimum,quarter,A,17,45.000000
upstream_peak__a_minimum__b_quarter,upstream_peak,minimum,quarter,A,18,45.000000
upstream_peak__a_minimum__b_quarter,upstream_peak,minimum,quarter,A,19,45.000000
upstream_peak__a_minimum__b_quarter,upstream_peak,minimum,quarter,A,20,45.000000
upstream_peak__a_minimum__b_quarter,upstream_peak,minimum,quarter,A,21,45.000000
upstream_peak__a_minimum__b_quarter,upstream_peak,minimum,quarter,A,22,45.000000
upstream_peak__a_minimum__b_quarter,upstream_peak,minimum,quarter,A,23,45.000000
upstream_peak__a_minimum__b_quarter,upstream_peak,minimum,quarter,B,0,48.500000
upstream_peak__a_minimum__b_quarter,upstream_peak,minimum,quarter,B,1,48.500000
upstream_peak__a_minimum__b_quarter,upstream_peak,minimum,quarter,B,2,48.500000
upstream_peak__a_minimum__b_quarter,upstream_peak,minimum,quarter,B,3,48.500000
upstream_peak__a_minimum__b_quarter,upstream_peak,minimum,quarter,B,4,48.500000
upstream_peak__a_minimum__b_quarter,upstream_peak,minimum,quarter,B,5,48.500000
upstream_peak__a_minimum__b_quarter,upstream_peak,minimum,quarter,B,6,48.500000
upstream_peak__a_minimum__b_quarter,upstream_peak,minimum,quarter,B,7,48.500000
upstream_peak__a_minimum__b_quarter,upstream_peak,minimum,quarter,B,8,48.500000
upstream_peak__a_minimum__b_quarter,upstream_peak,minimum,quarter,B,9,48.500000
upstream_peak__a_minimum__b_quarter,upstream_peak,minimum,quarter,B,10,48.500000
upstream_peak__a_minimum__b_quarter,upstream_peak,minimum,quarter,B,11,48.500000
upstream_peak__a_minimum__b_quarter,upstream_peak,minimum,quarter,B,12,48.500000
upstream_peak__a_minimum__b_quarter,upstream_peak,minimum,quarter,B,13,48.500000
upstream_peak__a_minimum__b_quarter,upstream_peak,minimum,quarter,B,14,48.500000
upstream_peak__a_minimum__b_quarter,upstream_peak,minimum,quarter,B,15,48.500000
upstream_peak__a_minimum__b_quarter,upstream_peak,minimum,quarter,B,16,48.500000
upstream_peak__a_minimum__b_quarter,upstream_peak,minimum,quarter,B,17,48.500000
upstream_peak__a_minimum__b_quarter,upstream_peak,minimum,quarter,B,18,48.500000
upstream_peak__a_minimum__b_quarter,upstream_peak,minimum,quarter,B,19,48.500000
upstream_peak__a_minimum__b_quarter,upstream_peak,minimum,quarter,B,20,48.500000
upstream_peak__a_minimum__b_quarter,upstream_peak,minimum,quarter,B,21,48.500000
upstream_peak__a_minimum__b_quarter,upstream_peak,minimum,quarter,B,22,48.500000
upstream_peak__a_minimum__b_quarter,upstream_peak,minimum,quarter,B,23,48.500000
upstream_peak__a_minimum__b_half,upstream_peak,minimum,half,A,0,45.000000
upstream_peak__a_minimum__b_half,upstream_peak,minimum,half,A,1,45.000000
upstream_peak__a_minimum__b_half,upstream_peak,minimum,half,A,2,45.000000
upstream_peak__a_minimum__b_half,upstream_peak,minimum,half,A,3,45.000000
upstream_peak__a_minimum__b_half,upstream_peak,minimum,half,A,4,45.000000
upstream_peak__a_minimum__b_half,upstream_peak,minimum,half,A,5,45.000000
upstream_peak__a_minimum__b_half,upstream_peak,minimum,half,A,6,45.000000
upstream_peak__a_minimum__b_half,upstream_peak,minimum,half,A,7,45.000000
upstream_peak__a_minimum__b_half,upstream_peak,minimum,half,A,8,45.000000
upstream_peak__a_minimum__b_half,upstream_peak,minimum,half,A,9,45.000000
upstream_peak__a_minimum__b_half,upstream_peak,minimum,half,A,10,45.000000
upstream_peak__a_minimum__b_half,upstream_peak,minimum,half,A,11,45.000000
upstream_peak__a_minimum__b_half,upstream_peak,minimum,half,A,12,45.000000
upstream_peak__a_minimum__b_half,upstream_peak,minimum,half,A,13,45.000000
upstream_peak__a_minimum__b_half,upstream_peak,minimum,half,A,14,45.000000
upstream_peak__a_minimum__b_half,upstream_peak,minimum,half,A,15,45.000000
upstream_peak__a_minimum__b_half,upstream_peak,minimum,half,A,16,45.000000
upstream_peak__a_minimum__b_half,upstream_peak,minimum,half,A,17,45.000000
upstream_peak__a_minimum__b_half,upstream_peak,minimum,half,A,18,45.000000
upstream_peak__a_minimum__b_half,upstream_peak,minimum,half,A,19,45.000000
upstream_peak__a_minimum__b_half,upstream_peak,minimum,half,A,20,45.000000
upstream_peak__a_minimum__b_half,upstream_peak,minimum,half,A,21,45.000000
upstream_peak__a_minimum__b_half,upstream_peak,minimum,half,A,22,45.000000
upstream_peak__a_minimum__b_half,upstream_peak,minimum,half,A,23,45.000000
upstream_peak__a_minimum__b_half,upstream_peak,minimum,half,B,0,65.000000
upstream_peak__a_minimum__b_half,upstream_peak,minimum,half,B,1,65.000000
upstream_peak__a_minimum__b_half,upstream_peak,minimum,half,B,2,65.000000
upstream_peak__a_minimum__b_half,upstream_peak,minimum,half,B,3,65.000000
upstream_peak__a_minimum__b_half,upstream_peak,minimum,half,B,4,65.000000
upstream_peak__a_minimum__b_half,upstream_peak,minimum,half,B,5,65.000000
upstream_peak__a_minimum__b_half,upstream_peak,minimum,half,B,6,65.000000
upstream_peak__a_minimum__b_half,upstream_peak,minimum,half,B,7,65.000000
upstream_peak__a_minimum__b_half,upstream_peak,minimum,half,B,8,65.000000
upstream_peak__a_minimum__b_half,upstream_peak,minimum,half,B,9,65.000000
upstream_peak__a_minimum__b_half,upstream_peak,minimum,half,B,10,65.000000
upstream_peak__a_minimum__b_half,upstream_peak,minimum,half,B,11,65.000000
upstream_peak__a_minimum__b_half,upstream_peak,minimum,half,B,12,65.000000
upstream_peak__a_minimum__b_half,upstream_peak,minimum,half,B,13,65.000000
upstream_peak__a_minimum__b_half,upstream_peak,minimum,half,B,14,65.000000
upstream_peak__a_minimum__b_half,upstream_peak,minimum,half,B,15,65.000000
upstream_peak__a_minimum__b_half,upstream_peak,minimum,half,B,16,65.000000
upstream_peak__a_minimum__b_half,upstream_peak,minimum,half,B,17,65.000000
upstream_peak__a_minimum__b_half,upstream_peak,minimum,half,B,18,65.000000
upstream_peak__a_minimum__b_half,upstream_peak,minimum,half,B,19,65.000000
upstream_peak__a_minimum__b_half,upstream_peak,minimum,half,B,20,65.000000
upstream_peak__a_minimum__b_half,upstream_peak,minimum,half,B,21,65.000000
upstream_peak__a_minimum__b_half,upstream_peak,minimum,half,B,22,65.000000
upstream_peak__a_minimum__b_half,upstream_peak,minimum,half,B,23,65.000000
upstream_peak__a_minimum__b_three_quarters,upstream_peak,minimum,three_quarters,A,0,45.000000
upstream_peak__a_minimum__b_three_quarters,upstream_peak,minimum,three_quarters,A,1,45.000000
upstream_peak__a_minimum__b_three_quarters,upstream_peak,minimum,three_quarters,A,2,45.000000
upstream_peak__a_minimum__b_three_quarters,upstream_peak,minimum,three_quarters,A,3,45.000000
upstream_peak__a_minimum__b_three_quarters,upstream_peak,minimum,three_quarters,A,4,45.000000
upstream_peak__a_minimum__b_three_quarters,upstream_peak,minimum,three_quarters,A,5,45.000000
upstream_peak__a_minimum__b_three_quarters,upstream_peak,minimum,three_quarters,A,6,45.000000
upstream_peak__a_minimum__b_three_quarters,upstream_peak,minimum,three_quarters,A,7,45.000000
upstream_peak__a_minimum__b_three_quarters,upstream_peak,minimum,three_quarters,A,8,45.000000
upstream_peak__a_minimum__b_three_quarters,upstream_peak,minimum,three_quarters,A,9,45.000000
upstream_peak__a_minimum__b_three_quarters,upstream_peak,minimum,three_quarters,A,10,45.000000
upstream_peak__a_minimum__b_three_quarters,upstream_peak,minimum,three_quarters,A,11,45.000000
upstream_peak__a_minimum__b_three_quarters,upstream_peak,minimum,three_quarters,A,12,45.000000
upstream_peak__a_minimum__b_three_quarters,upstream_peak,minimum,three_quarters,A,13,45.000000
upstream_peak__a_minimum__b_three_quarters,upstream_peak,minimum,three_quarters,A,14,45.000000
upstream_peak__a_minimum__b_three_quarters,upstream_peak,minimum,three_quarters,A,15,45.000000
upstream_peak__a_minimum__b_three_quarters,upstream_peak,minimum,three_quarters,A,16,45.000000
upstream_peak__a_minimum__b_three_quarters,upstream_peak,minimum,three_quarters,A,17,45.000000
upstream_peak__a_minimum__b_three_quarters,upstream_peak,minimum,three_quarters,A,18,45.000000
upstream_peak__a_minimum__b_three_quarters,upstream_peak,minimum,three_quarters,A,19,45.000000
upstream_peak__a_minimum__b_three_quarters,upstream_peak,minimum,three_quarters,A,20,45.000000
upstream_peak__a_minimum__b_three_quarters,upstream_peak,minimum,three_quarters,A,21,45.000000
upstream_peak__a_minimum__b_three_quarters,upstream_peak,minimum,three_quarters,A,22,45.000000
upstream_peak__a_minimum__b_three_quarters,upstream_peak,minimum,three_quarters,A,23,45.000000
upstream_peak__a_minimum__b_three_quarters,upstream_peak,minimum,three_quarters,B,0,81.500000
upstream_peak__a_minimum__b_three_quarters,upstream_peak,minimum,three_quarters,B,1,81.500000
upstream_peak__a_minimum__b_three_quarters,upstream_peak,minimum,three_quarters,B,2,81.500000
upstream_peak__a_minimum__b_three_quarters,upstream_peak,minimum,three_quarters,B,3,81.500000
upstream_peak__a_minimum__b_three_quarters,upstream_peak,minimum,three_quarters,B,4,81.500000
upstream_peak__a_minimum__b_three_quarters,upstream_peak,minimum,three_quarters,B,5,81.500000
upstream_peak__a_minimum__b_three_quarters,upstream_peak,minimum,three_quarters,B,6,81.500000
upstream_peak__a_minimum__b_three_quarters,upstream_peak,minimum,three_quarters,B,7,81.500000
upstream_peak__a_minimum__b_three_quarters,upstream_peak,minimum,three_quarters,B,8,81.500000
upstream_peak__a_minimum__b_three_quarters,upstream_peak,minimum,three_quarters,B,9,81.500000
upstream_peak__a_minimum__b_three_quarters,upstream_peak,minimum,three_quarters,B,10,81.500000
upstream_peak__a_minimum__b_three_quarters,upstream_peak,minimum,three_quarters,B,11,81.500000
upstream_peak__a_minimum__b_three_quarters,upstream_peak,minimum,three_quarters,B,12,81.500000
upstream_peak__a_minimum__b_three_quarters,upstream_peak,minimum,three_quarters,B,13,81.500000
upstream_peak__a_minimum__b_three_quarters,upstream_peak,minimum,three_quarters,B,14,81.500000
upstream_peak__a_minimum__b_three_quarters,upstream_peak,minimum,three_quarters,B,15,81.500000
upstream_peak__a_minimum__b_three_quarters,upstream_peak,minimum,three_quarters,B,16,81.500000
upstream_peak__a_minimum__b_three_quarters,upstream_peak,minimum,three_quarters,B,17,81.500000
upstream_peak__a_minimum__b_three_quarters,upstream_peak,minimum,three_quarters,B,18,81.500000
upstream_peak__a_minimum__b_three_quarters,upstream_peak,minimum,three_quarters,B,19,81.500000
upstream_peak__a_minimum__b_three_quarters,upstream_peak,minimum,three_quarters,B,20,81.500000
upstream_peak__a_minimum__b_three_quarters,upstream_peak,minimum,three_quarters,B,21,81.500000
upstream_peak__a_minimum__b_three_quarters,upstream_peak,minimum,three_quarters,B,22,81.500000
upstream_peak__a_minimum__b_three_quarters,upstream_peak,minimum,three_quarters,B,23,81.500000
upstream_peak__a_minimum__b_maximum,upstream_peak,minimum,maximum,A,0,45.000000
upstream_peak__a_minimum__b_maximum,upstream_peak,minimum,maximum,A,1,45.000000
upstream_peak__a_minimum__b_maximum,upstream_peak,minimum,maximum,A,2,45.000000
upstream_peak__a_minimum__b_maximum,upstream_peak,minimum,maximum,A,3,45.000000
upstream_peak__a_minimum__b_maximum,upstream_peak,minimum,maximum,A,4,45.000000
upstream_peak__a_minimum__b_maximum,upstream_peak,minimum,maximum,A,5,45.000000
upstream_peak__a_minimum__b_maximum,upstream_peak,minimum,maximum,A,6,45.000000
upstream_peak__a_minimum__b_maximum,upstream_peak,minimum,maximum,A,7,45.000000
upstream_peak__a_minimum__b_maximum,upstream_peak,minimum,maximum,A,8,45.000000
upstream_peak__a_minimum__b_maximum,upstream_peak,minimum,maximum,A,9,45.000000
upstream_peak__a_minimum__b_maximum,upstream_peak,minimum,maximum,A,10,45.000000
upstream_peak__a_minimum__b_maximum,upstream_peak,minimum,maximum,A,11,45.000000
upstream_peak__a_minimum__b_maximum,upstream_peak,minimum,maximum,A,12,45.000000
upstream_peak__a_minimum__b_maximum,upstream_peak,minimum,maximum,A,13,45.000000
upstream_peak__a_minimum__b_maximum,upstream_peak,minimum,maximum,A,14,45.000000
upstream_peak__a_minimum__b_maximum,upstream_peak,minimum,maximum,A,15,45.000000
upstream_peak__a_minimum__b_maximum,upstream_peak,minimum,maximum,A,16,45.000000
upstream_peak__a_minimum__b_maximum,upstream_peak,minimum,maximum,A,17,45.000000
upstream_peak__a_minimum__b_maximum,upstream_peak,minimum,maximum,A,18,45.000000
upstream_peak__a_minimum__b_maximum,upstream_peak,minimum,maximum,A,19,45.000000
upstream_peak__a_minimum__b_maximum,upstream_peak,minimum,maximum,A,20,45.000000
upstream_peak__a_minimum__b_maximum,upstream_peak,minimum,maximum,A,21,45.000000
upstream_peak__a_minimum__b_maximum,upstream_peak,minimum,maximum,A,22,45.000000
upstream_peak__a_minimum__b_maximum,upstream_peak,minimum,maximum,A,23,45.000000
upstream_peak__a_minimum__b_maximum,upstream_peak,minimum,maximum,B,0,98.000000
upstream_peak__a_minimum__b_maximum,upstream_peak,minimum,maximum,B,1,98.000000
upstream_peak__a_minimum__b_maximum,upstream_peak,minimum,maximum,B,2,98.000000
upstream_peak__a_minimum__b_maximum,upstream_peak,minimum,maximum,B,3,98.000000
upstream_peak__a_minimum__b_maximum,upstream_peak,minimum,maximum,B,4,98.000000
upstream_peak__a_minimum__b_maximum,upstream_peak,minimum,maximum,B,5,98.000000
upstream_peak__a_minimum__b_maximum,upstream_peak,minimum,maximum,B,6,98.000000
upstream_peak__a_minimum__b_maximum,upstream_peak,minimum,maximum,B,7,98.000000
upstream_peak__a_minimum__b_maximum,upstream_peak,minimum,maximum,B,8,98.000000
upstream_peak__a_minimum__b_maximum,upstream_peak,minimum,maximum,B,9,98.000000
upstream_peak__a_minimum__b_maximum,upstream_peak,minimum,maximum,B,10,98.000000
upstream_peak__a_minimum__b_maximum,upstream_peak,minimum,maximum,B,11,98.000000
upstream_peak__a_minimum__b_maximum,upstream_peak,minimum,maximum,B,12,98.000000
upstream_peak__a_minimum__b_maximum,upstream_peak,minimum,maximum,B,13,98.000000
upstream_peak__a_minimum__b_maximum,upstream_peak,minimum,maximum,B,14,98.000000
upstream_peak__a_minimum__b_maximum,upstream_peak,minimum,maximum,B,15,98.000000
upstream_peak__a_minimum__b_maximum,upstream_peak,minimum,maximum,B,16,98.000000
upstream_peak__a_minimum__b_maximum,upstream_peak,minimum,maximum,B,17,98.000000
upstream_peak__a_minimum__b_maximum,upstream_peak,minimum,maximum,B,18,98.000000
upstream_peak__a_minimum__b_maximum,upstream_peak,minimum,maximum,B,19,98.000000
upstream_peak__a_minimum__b_maximum,upstream_peak,minimum,maximum,B,20,98.000000
upstream_peak__a_minimum__b_maximum,upstream_peak,minimum,maximum,B,21,98.000000
upstream_peak__a_minimum__b_maximum,upstream_peak,minimum,maximum,B,22,98.000000
upstream_peak__a_minimum__b_maximum,upstream_peak,minimum,maximum,B,23,98.000000
upstream_peak__a_quarter__b_off,upstream_peak,quarter,off,A,0,65.750000
upstream_peak__a_quarter__b_off,upstream_peak,quarter,off,A,1,65.750000
upstream_peak__a_quarter__b_off,upstream_peak,quarter,off,A,2,65.750000
upstream_peak__a_quarter__b_off,upstream_peak,quarter,off,A,3,65.750000
upstream_peak__a_quarter__b_off,upstream_peak,quarter,off,A,4,65.750000
upstream_peak__a_quarter__b_off,upstream_peak,quarter,off,A,5,65.750000
upstream_peak__a_quarter__b_off,upstream_peak,quarter,off,A,6,65.750000
upstream_peak__a_quarter__b_off,upstream_peak,quarter,off,A,7,65.750000
upstream_peak__a_quarter__b_off,upstream_peak,quarter,off,A,8,65.750000
upstream_peak__a_quarter__b_off,upstream_peak,quarter,off,A,9,65.750000
upstream_peak__a_quarter__b_off,upstream_peak,quarter,off,A,10,65.750000
upstream_peak__a_quarter__b_off,upstream_peak,quarter,off,A,11,65.750000
upstream_peak__a_quarter__b_off,upstream_peak,quarter,off,A,12,65.750000
upstream_peak__a_quarter__b_off,upstream_peak,quarter,off,A,13,65.750000
upstream_peak__a_quarter__b_off,upstream_peak,quarter,off,A,14,65.750000
upstream_peak__a_quarter__b_off,upstream_peak,quarter,off,A,15,65.750000
upstream_peak__a_quarter__b_off,upstream_peak,quarter,off,A,16,65.750000
upstream_peak__a_quarter__b_off,upstream_peak,quarter,off,A,17,65.750000
upstream_peak__a_quarter__b_off,upstream_peak,quarter,off,A,18,65.750000
upstream_peak__a_quarter__b_off,upstream_peak,quarter,off,A,19,65.750000
upstream_peak__a_quarter__b_off,upstream_peak,quarter,off,A,20,65.750000
upstream_peak__a_quarter__b_off,upstream_peak,quarter,off,A,21,65.750000
upstream_peak__a_quarter__b_off,upstream_peak,quarter,off,A,22,65.750000
upstream_peak__a_quarter__b_off,upstream_peak,quarter,off,A,23,65.750000
upstream_peak__a_quarter__b_off,upstream_peak,quarter,off,B,0,0.000000
upstream_peak__a_quarter__b_off,upstream_peak,quarter,off,B,1,0.000000
upstream_peak__a_quarter__b_off,upstream_peak,quarter,off,B,2,0.000000
upstream_peak__a_quarter__b_off,upstream_peak,quarter,off,B,3,0.000000
upstream_peak__a_quarter__b_off,upstream_peak,quarter,off,B,4,0.000000
upstream_peak__a_quarter__b_off,upstream_peak,quarter,off,B,5,0.000000
upstream_peak__a_quarter__b_off,upstream_peak,quarter,off,B,6,0.000000
upstream_peak__a_quarter__b_off,upstream_peak,quarter,off,B,7,0.000000
upstream_peak__a_quarter__b_off,upstream_peak,quarter,off,B,8,0.000000
upstream_peak__a_quarter__b_off,upstream_peak,quarter,off,B,9,0.000000
upstream_peak__a_quarter__b_off,upstream_peak,quarter,off,B,10,0.000000
upstream_peak__a_quarter__b_off,upstream_peak,quarter,off,B,11,0.000000
upstream_peak__a_quarter__b_off,upstream_peak,quarter,off,B,12,0.000000
upstream_peak__a_quarter__b_off,upstream_peak,quarter,off,B,13,0.000000
upstream_peak__a_quarter__b_off,upstream_peak,quarter,off,B,14,0.000000
upstream_peak__a_quarter__b_off,upstream_peak,quarter,off,B,15,0.000000
upstream_peak__a_quarter__b_off,upstream_peak,quarter,off,B,16,0.000000
upstream_peak__a_quarter__b_off,upstream_peak,quarter,off,B,17,0.000000
upstream_peak__a_quarter__b_off,upstream_peak,quarter,off,B,18,0.000000
upstream_peak__a_quarter__b_off,upstream_peak,quarter,off,B,19,0.000000
upstream_peak__a_quarter__b_off,upstream_peak,quarter,off,B,20,0.000000
upstream_peak__a_quarter__b_off,upstream_peak,quarter,off,B,21,0.000000
upstream_peak__a_quarter__b_off,upstream_peak,quarter,off,B,22,0.000000
upstream_peak__a_quarter__b_off,upstream_peak,quarter,off,B,23,0.000000
upstream_peak__a_quarter__b_minimum,upstream_peak,quarter,minimum,A,0,65.750000
upstream_peak__a_quarter__b_minimum,upstream_peak,quarter,minimum,A,1,65.750000
upstream_peak__a_quarter__b_minimum,upstream_peak,quarter,minimum,A,2,65.750000
upstream_peak__a_quarter__b_minimum,upstream_peak,quarter,minimum,A,3,65.750000
upstream_peak__a_quarter__b_minimum,upstream_peak,quarter,minimum,A,4,65.750000
upstream_peak__a_quarter__b_minimum,upstream_peak,quarter,minimum,A,5,65.750000
upstream_peak__a_quarter__b_minimum,upstream_peak,quarter,minimum,A,6,65.750000
upstream_peak__a_quarter__b_minimum,upstream_peak,quarter,minimum,A,7,65.750000
upstream_peak__a_quarter__b_minimum,upstream_peak,quarter,minimum,A,8,65.750000
upstream_peak__a_quarter__b_minimum,upstream_peak,quarter,minimum,A,9,65.750000
upstream_peak__a_quarter__b_minimum,upstream_peak,quarter,minimum,A,10,65.750000
upstream_peak__a_quarter__b_minimum,upstream_peak,quarter,minimum,A,11,65.750000
upstream_peak__a_quarter__b_minimum,upstream_peak,quarter,minimum,A,12,65.750000
upstream_peak__a_quarter__b_minimum,upstream_peak,quarter,minimum,A,13,65.750000
upstream_peak__a_quarter__b_minimum,upstream_peak,quarter,minimum,A,14,65.750000
upstream_peak__a_quarter__b_minimum,upstream_peak,quarter,minimum,A,15,65.750000
upstream_peak__a_quarter__b_minimum,upstream_peak,quarter,minimum,A,16,65.750000
upstream_peak__a_quarter__b_minimum,upstream_peak,quarter,minimum,A,17,65.750000
upstream_peak__a_quarter__b_minimum,upstream_peak,quarter,minimum,A,18,65.750000
upstream_peak__a_quarter__b_minimum,upstream_peak,quarter,minimum,A,19,65.750000
upstream_peak__a_quarter__b_minimum,upstream_peak,quarter,minimum,A,20,65.750000
upstream_peak__a_quarter__b_minimum,upstream_peak,quarter,minimum,A,21,65.750000
upstream_peak__a_quarter__b_minimum,upstream_peak,quarter,minimum,A,22,65.750000
upstream_peak__a_quarter__b_minimum,upstream_peak,quarter,minimum,A,23,65.750000
upstream_peak__a_quarter__b_minimum,upstream_peak,quarter,minimum,B,0,32.000000
upstream_peak__a_quarter__b_minimum,upstream_peak,quarter,minimum,B,1,32.000000
upstream_peak__a_quarter__b_minimum,upstream_peak,quarter,minimum,B,2,32.000000
upstream_peak__a_quarter__b_minimum,upstream_peak,quarter,minimum,B,3,32.000000
upstream_peak__a_quarter__b_minimum,upstream_peak,quarter,minimum,B,4,32.000000
upstream_peak__a_quarter__b_minimum,upstream_peak,quarter,minimum,B,5,32.000000
upstream_peak__a_quarter__b_minimum,upstream_peak,quarter,minimum,B,6,32.000000
upstream_peak__a_quarter__b_minimum,upstream_peak,quarter,minimum,B,7,32.000000
upstream_peak__a_quarter__b_minimum,upstream_peak,quarter,minimum,B,8,32.000000
upstream_peak__a_quarter__b_minimum,upstream_peak,quarter,minimum,B,9,32.000000
upstream_peak__a_quarter__b_minimum,upstream_peak,quarter,minimum,B,10,32.000000
upstream_peak__a_quarter__b_minimum,upstream_peak,quarter,minimum,B,11,32.000000
upstream_peak__a_quarter__b_minimum,upstream_peak,quarter,minimum,B,12,32.000000
upstream_peak__a_quarter__b_minimum,upstream_peak,quarter,minimum,B,13,32.000000
upstream_peak__a_quarter__b_minimum,upstream_peak,quarter,minimum,B,14,32.000000
upstream_peak__a_quarter__b_minimum,upstream_peak,quarter,minimum,B,15,32.000000
upstream_peak__a_quarter__b_minimum,upstream_peak,quarter,minimum,B,16,32.000000
upstream_peak__a_quarter__b_minimum,upstream_peak,quarter,minimum,B,17,32.000000
upstream_peak__a_quarter__b_minimum,upstream_peak,quarter,minimum,B,18,32.000000
upstream_peak__a_quarter__b_minimum,upstream_peak,quarter,minimum,B,19,32.000000
upstream_peak__a_quarter__b_minimum,upstream_peak,quarter,minimum,B,20,32.000000
upstream_peak__a_quarter__b_minimum,upstream_peak,quarter,minimum,B,21,32.000000
upstream_peak__a_quarter__b_minimum,upstream_peak,quarter,minimum,B,22,32.000000
upstream_peak__a_quarter__b_minimum,upstream_peak,quarter,minimum,B,23,32.000000
upstream_peak__a_quarter__b_quarter,upstream_peak,quarter,quarter,A,0,65.750000
upstream_peak__a_quarter__b_quarter,upstream_peak,quarter,quarter,A,1,65.750000
upstream_peak__a_quarter__b_quarter,upstream_peak,quarter,quarter,A,2,65.750000
upstream_peak__a_quarter__b_quarter,upstream_peak,quarter,quarter,A,3,65.750000
upstream_peak__a_quarter__b_quarter,upstream_peak,quarter,quarter,A,4,65.750000
upstream_peak__a_quarter__b_quarter,upstream_peak,quarter,quarter,A,5,65.750000
upstream_peak__a_quarter__b_quarter,upstream_peak,quarter,quarter,A,6,65.750000
upstream_peak__a_quarter__b_quarter,upstream_peak,quarter,quarter,A,7,65.750000
upstream_peak__a_quarter__b_quarter,upstream_peak,quarter,quarter,A,8,65.750000
upstream_peak__a_quarter__b_quarter,upstream_peak,quarter,quarter,A,9,65.750000
upstream_peak__a_quarter__b_quarter,upstream_peak,quarter,quarter,A,10,65.750000
upstream_peak__a_quarter__b_quarter,upstream_peak,quarter,quarter,A,11,65.750000
upstream_peak__a_quarter__b_quarter,upstream_peak,quarter,quarter,A,12,65.750000
upstream_peak__a_quarter__b_quarter,upstream_peak,quarter,quarter,A,13,65.750000
upstream_peak__a_quarter__b_quarter,upstream_peak,quarter,quarter,A,14,65.750000
upstream_peak__a_quarter__b_quarter,upstream_peak,quarter,quarter,A,15,65.750000
upstream_peak__a_quarter__b_quarter,upstream_peak,quarter,quarter,A,16,65.750000
upstream_peak__a_quarter__b_quarter,upstream_peak,quarter,quarter,A,17,65.750000
upstream_peak__a_quarter__b_quarter,upstream_peak,quarter,quarter,A,18,65.750000
upstream_peak__a_quarter__b_quarter,upstream_peak,quarter,quarter,A,19,65.750000
upstream_peak__a_quarter__b_quarter,upstream_peak,quarter,quarter,A,20,65.750000
upstream_peak__a_quarter__b_quarter,upstream_peak,quarter,quarter,A,21,65.750000
upstream_peak__a_quarter__b_quarter,upstream_peak,quarter,quarter,A,22,65.750000
upstream_peak__a_quarter__b_quarter,upstream_peak,quarter,quarter,A,23,65.750000
upstream_peak__a_quarter__b_quarter,upstream_peak,quarter,quarter,B,0,48.500000
upstream_peak__a_quarter__b_quarter,upstream_peak,quarter,quarter,B,1,48.500000
upstream_peak__a_quarter__b_quarter,upstream_peak,quarter,quarter,B,2,48.500000
upstream_peak__a_quarter__b_quarter,upstream_peak,quarter,quarter,B,3,48.500000
upstream_peak__a_quarter__b_quarter,upstream_peak,quarter,quarter,B,4,48.500000
upstream_peak__a_quarter__b_quarter,upstream_peak,quarter,quarter,B,5,48.500000
upstream_peak__a_quarter__b_quarter,upstream_peak,quarter,quarter,B,6,48.500000
upstream_peak__a_quarter__b_quarter,upstream_peak,quarter,quarter,B,7,48.500000
upstream_peak__a_quarter__b_quarter,upstream_peak,quarter,quarter,B,8,48.500000
upstream_peak__a_quarter__b_quarter,upstream_peak,quarter,quarter,B,9,48.500000
upstream_peak__a_quarter__b_quarter,upstream_peak,quarter,quarter,B,10,48.500000
upstream_peak__a_quarter__b_quarter,upstream_peak,quarter,quarter,B,11,48.500000
upstream_peak__a_quarter__b_quarter,upstream_peak,quarter,quarter,B,12,48.500000
upstream_peak__a_quarter__b_quarter,upstream_peak,quarter,quarter,B,13,48.500000
upstream_peak__a_quarter__b_quarter,upstream_peak,quarter,quarter,B,14,48.500000
upstream_peak__a_quarter__b_quarter,upstream_peak,quarter,quarter,B,15,48.500000
upstream_peak__a_quarter__b_quarter,upstream_peak,quarter,quarter,B,16,48.500000
upstream_peak__a_quarter__b_quarter,upstream_peak,quarter,quarter,B,17,48.500000
upstream_peak__a_quarter__b_quarter,upstream_peak,quarter,quarter,B,18,48.500000
upstream_peak__a_quarter__b_quarter,upstream_peak,quarter,quarter,B,19,48.500000
upstream_peak__a_quarter__b_quarter,upstream_peak,quarter,quarter,B,20,48.500000
upstream_peak__a_quarter__b_quarter,upstream_peak,quarter,quarter,B,21,48.500000
upstream_peak__a_quarter__b_quarter,upstream_peak,quarter,quarter,B,22,48.500000
upstream_peak__a_quarter__b_quarter,upstream_peak,quarter,quarter,B,23,48.500000
upstream_peak__a_quarter__b_half,upstream_peak,quarter,half,A,0,65.750000
upstream_peak__a_quarter__b_half,upstream_peak,quarter,half,A,1,65.750000
upstream_peak__a_quarter__b_half,upstream_peak,quarter,half,A,2,65.750000
upstream_peak__a_quarter__b_half,upstream_peak,quarter,half,A,3,65.750000
upstream_peak__a_quarter__b_half,upstream_peak,quarter,half,A,4,65.750000
upstream_peak__a_quarter__b_half,upstream_peak,quarter,half,A,5,65.750000
upstream_peak__a_quarter__b_half,upstream_peak,quarter,half,A,6,65.750000
upstream_peak__a_quarter__b_half,upstream_peak,quarter,half,A,7,65.750000
upstream_peak__a_quarter__b_half,upstream_peak,quarter,half,A,8,65.750000
upstream_peak__a_quarter__b_half,upstream_peak,quarter,half,A,9,65.750000
upstream_peak__a_quarter__b_half,upstream_peak,quarter,half,A,10,65.750000
upstream_peak__a_quarter__b_half,upstream_peak,quarter,half,A,11,65.750000
upstream_peak__a_quarter__b_half,upstream_peak,quarter,half,A,12,65.750000
upstream_peak__a_quarter__b_half,upstream_peak,quarter,half,A,13,65.750000
upstream_peak__a_quarter__b_half,upstream_peak,quarter,half,A,14,65.750000
upstream_peak__a_quarter__b_half,upstream_peak,quarter,half,A,15,65.750000
upstream_peak__a_quarter__b_half,upstream_peak,quarter,half,A,16,65.750000
upstream_peak__a_quarter__b_half,upstream_peak,quarter,half,A,17,65.750000
upstream_peak__a_quarter__b_half,upstream_peak,quarter,half,A,18,65.750000
upstream_peak__a_quarter__b_half,upstream_peak,quarter,half,A,19,65.750000
upstream_peak__a_quarter__b_half,upstream_peak,quarter,half,A,20,65.750000
upstream_peak__a_quarter__b_half,upstream_peak,quarter,half,A,21,65.750000
upstream_peak__a_quarter__b_half,upstream_peak,quarter,half,A,22,65.750000
upstream_peak__a_quarter__b_half,upstream_peak,quarter,half,A,23,65.750000
upstream_peak__a_quarter__b_half,upstream_peak,quarter,half,B,0,65.000000
upstream_peak__a_quarter__b_half,upstream_peak,quarter,half,B,1,65.000000
upstream_peak__a_quarter__b_half,upstream_peak,quarter,half,B,2,65.000000
upstream_peak__a_quarter__b_half,upstream_peak,quarter,half,B,3,65.000000
upstream_peak__a_quarter__b_half,upstream_peak,quarter,half,B,4,65.000000
upstream_peak__a_quarter__b_half,upstream_peak,quarter,half,B,5,65.000000
upstream_peak__a_quarter__b_half,upstream_peak,quarter,half,B,6,65.000000
upstream_peak__a_quarter__b_half,upstream_peak,quarter,half,B,7,65.000000
upstream_peak__a_quarter__b_half,upstream_peak,quarter,half,B,8,65.000000
upstream_peak__a_quarter__b_half,upstream_peak,quarter,half,B,9,65.000000
upstream_peak__a_quarter__b_half,upstream_peak,quarter,half,B,10,65.000000
upstream_peak__a_quarter__b_half,upstream_peak,quarter,half,B,11,65.000000
upstream_peak__a_quarter__b_half,upstream_peak,quarter,half,B,12,65.000000
upstream_peak__a_quarter__b_half,upstream_peak,quarter,half,B,13,65.000000
upstream_peak__a_quarter__b_half,upstream_peak,quarter,half,B,14,65.000000
upstream_peak__a_quarter__b_half,upstream_peak,quarter,half,B,15,65.000000
upstream_peak__a_quarter__b_half,upstream_peak,quarter,half,B,16,65.000000
upstream_peak__a_quarter__b_half,upstream_peak,quarter,half,B,17,65.000000
upstream_peak__a_quarter__b_half,upstream_peak,quarter,half,B,18,65.000000
upstream_peak__a_quarter__b_half,upstream_peak,quarter,half,B,19,65.000000
upstream_peak__a_quarter__b_half,upstream_peak,quarter,half,B,20,65.000000
upstream_peak__a_quarter__b_half,upstream_peak,quarter,half,B,21,65.000000
upstream_peak__a_quarter__b_half,upstream_peak,quarter,half,B,22,65.000000
upstream_peak__a_quarter__b_half,upstream_peak,quarter,half,B,23,65.000000
upstream_peak__a_quarter__b_three_quarters,upstream_peak,quarter,three_quarters,A,0,65.750000
upstream_peak__a_quarter__b_three_quarters,upstream_peak,quarter,three_quarters,A,1,65.750000
upstream_peak__a_quarter__b_three_quarters,upstream_peak,quarter,three_quarters,A,2,65.750000
upstream_peak__a_quarter__b_three_quarters,upstream_peak,quarter,three_quarters,A,3,65.750000
upstream_peak__a_quarter__b_three_quarters,upstream_peak,quarter,three_quarters,A,4,65.750000
upstream_peak__a_quarter__b_three_quarters,upstream_peak,quarter,three_quarters,A,5,65.750000
upstream_peak__a_quarter__b_three_quarters,upstream_peak,quarter,three_quarters,A,6,65.750000
upstream_peak__a_quarter__b_three_quarters,upstream_peak,quarter,three_quarters,A,7,65.750000
upstream_peak__a_quarter__b_three_quarters,upstream_peak,quarter,three_quarters,A,8,65.750000
upstream_peak__a_quarter__b_three_quarters,upstream_peak,quarter,three_quarters,A,9,65.750000
upstream_peak__a_quarter__b_three_quarters,upstream_peak,quarter,three_quarters,A,10,65.750000
upstream_peak__a_quarter__b_three_quarters,upstream_peak,quarter,three_quarters,A,11,65.750000
upstream_peak__a_quarter__b_three_quarters,upstream_peak,quarter,three_quarters,A,12,65.750000
upstream_peak__a_quarter__b_three_quarters,upstream_peak,quarter,three_quarters,A,13,65.750000
upstream_peak__a_quarter__b_three_quarters,upstream_peak,quarter,three_quarters,A,14,65.750000
upstream_peak__a_quarter__b_three_quarters,upstream_peak,quarter,three_quarters,A,15,65.750000
upstream_peak__a_quarter__b_three_quarters,upstream_peak,quarter,three_quarters,A,16,65.750000
upstream_peak__a_quarter__b_three_quarters,upstream_peak,quarter,three_quarters,A,17,65.750000
upstream_peak__a_quarter__b_three_quarters,upstream_peak,quarter,three_quarters,A,18,65.750000
upstream_peak__a_quarter__b_three_quarters,upstream_peak,quarter,three_quarters,A,19,65.750000
upstream_peak__a_quarter__b_three_quarters,upstream_peak,quarter,three_quarters,A,20,65.750000
upstream_peak__a_quarter__b_three_quarters,upstream_peak,quarter,three_quarters,A,21,65.750000
upstream_peak__a_quarter__b_three_quarters,upstream_peak,quarter,three_quarters,A,22,65.750000
upstream_peak__a_quarter__b_three_quarters,upstream_peak,quarter,three_quarters,A,23,65.750000
upstream_peak__a_quarter__b_three_quarters,upstream_peak,quarter,three_quarters,B,0,81.500000
upstream_peak__a_quarter__b_three_quarters,upstream_peak,quarter,three_quarters,B,1,81.500000
upstream_peak__a_quarter__b_three_quarters,upstream_peak,quarter,three_quarters,B,2,81.500000
upstream_peak__a_quarter__b_three_quarters,upstream_peak,quarter,three_quarters,B,3,81.500000
upstream_peak__a_quarter__b_three_quarters,upstream_peak,quarter,three_quarters,B,4,81.500000
upstream_peak__a_quarter__b_three_quarters,upstream_peak,quarter,three_quarters,B,5,81.500000
upstream_peak__a_quarter__b_three_quarters,upstream_peak,quarter,three_quarters,B,6,81.500000
upstream_peak__a_quarter__b_three_quarters,upstream_peak,quarter,three_quarters,B,7,81.500000
upstream_peak__a_quarter__b_three_quarters,upstream_peak,quarter,three_quarters,B,8,81.500000
upstream_peak__a_quarter__b_three_quarters,upstream_peak,quarter,three_quarters,B,9,81.500000
upstream_peak__a_quarter__b_three_quarters,upstream_peak,quarter,three_quarters,B,10,81.500000
upstream_peak__a_quarter__b_three_quarters,upstream_peak,quarter,three_quarters,B,11,81.500000
upstream_peak__a_quarter__b_three_quarters,upstream_peak,quarter,three_quarters,B,12,81.500000
upstream_peak__a_quarter__b_three_quarters,upstream_peak,quarter,three_quarters,B,13,81.500000
upstream_peak__a_quarter__b_three_quarters,upstream_peak,quarter,three_quarters,B,14,81.500000
upstream_peak__a_quarter__b_three_quarters,upstream_peak,quarter,three_quarters,B,15,81.500000
upstream_peak__a_quarter__b_three_quarters,upstream_peak,quarter,three_quarters,B,16,81.500000
upstream_peak__a_quarter__b_three_quarters,upstream_peak,quarter,three_quarters,B,17,81.500000
upstream_peak__a_quarter__b_three_quarters,upstream_peak,quarter,three_quarters,B,18,81.500000
upstream_peak__a_quarter__b_three_quarters,upstream_peak,quarter,three_quarters,B,19,81.500000
upstream_peak__a_quarter__b_three_quarters,upstream_peak,quarter,three_quarters,B,20,81.500000
upstream_peak__a_quarter__b_three_quarters,upstream_peak,quarter,three_quarters,B,21,81.500000
upstream_peak__a_quarter__b_three_quarters,upstream_peak,quarter,three_quarters,B,22,81.500000
upstream_peak__a_quarter__b_three_quarters,upstream_peak,quarter,three_quarters,B,23,81.500000
upstream_peak__a_quarter__b_maximum,upstream_peak,quarter,maximum,A,0,65.750000
upstream_peak__a_quarter__b_maximum,upstream_peak,quarter,maximum,A,1,65.750000
upstream_peak__a_quarter__b_maximum,upstream_peak,quarter,maximum,A,2,65.750000
upstream_peak__a_quarter__b_maximum,upstream_peak,quarter,maximum,A,3,65.750000
upstream_peak__a_quarter__b_maximum,upstream_peak,quarter,maximum,A,4,65.750000
upstream_peak__a_quarter__b_maximum,upstream_peak,quarter,maximum,A,5,65.750000
upstream_peak__a_quarter__b_maximum,upstream_peak,quarter,maximum,A,6,65.750000
upstream_peak__a_quarter__b_maximum,upstream_peak,quarter,maximum,A,7,65.750000
upstream_peak__a_quarter__b_maximum,upstream_peak,quarter,maximum,A,8,65.750000
upstream_peak__a_quarter__b_maximum,upstream_peak,quarter,maximum,A,9,65.750000
upstream_peak__a_quarter__b_maximum,upstream_peak,quarter,maximum,A,10,65.750000
upstream_peak__a_quarter__b_maximum,upstream_peak,quarter,maximum,A,11,65.750000
upstream_peak__a_quarter__b_maximum,upstream_peak,quarter,maximum,A,12,65.750000
upstream_peak__a_quarter__b_maximum,upstream_peak,quarter,maximum,A,13,65.750000
upstream_peak__a_quarter__b_maximum,upstream_peak,quarter,maximum,A,14,65.750000
upstream_peak__a_quarter__b_maximum,upstream_peak,quarter,maximum,A,15,65.750000
upstream_peak__a_quarter__b_maximum,upstream_peak,quarter,maximum,A,16,65.750000
upstream_peak__a_quarter__b_maximum,upstream_peak,quarter,maximum,A,17,65.750000
upstream_peak__a_quarter__b_maximum,upstream_peak,quarter,maximum,A,18,65.750000
upstream_peak__a_quarter__b_maximum,upstream_peak,quarter,maximum,A,19,65.750000
upstream_peak__a_quarter__b_maximum,upstream_peak,quarter,maximum,A,20,65.750000
upstream_peak__a_quarter__b_maximum,upstream_peak,quarter,maximum,A,21,65.750000
upstream_peak__a_quarter__b_maximum,upstream_peak,quarter,maximum,A,22,65.750000
upstream_peak__a_quarter__b_maximum,upstream_peak,quarter,maximum,A,23,65.750000
upstream_peak__a_quarter__b_maximum,upstream_peak,quarter,maximum,B,0,98.000000
upstream_peak__a_quarter__b_maximum,upstream_peak,quarter,maximum,B,1,98.000000
upstream_peak__a_quarter__b_maximum,upstream_peak,quarter,maximum,B,2,98.000000
upstream_peak__a_quarter__b_maximum,upstream_peak,quarter,maximum,B,3,98.000000
upstream_peak__a_quarter__b_maximum,upstream_peak,quarter,maximum,B,4,98.000000
upstream_peak__a_quarter__b_maximum,upstream_peak,quarter,maximum,B,5,98.000000
upstream_peak__a_quarter__b_maximum,upstream_peak,quarter,maximum,B,6,98.000000
upstream_peak__a_quarter__b_maximum,upstream_peak,quarter,maximum,B,7,98.000000
upstream_peak__a_quarter__b_maximum,upstream_peak,quarter,maximum,B,8,98.000000
upstream_peak__a_quarter__b_maximum,upstream_peak,quarter,maximum,B,9,98.000000
upstream_peak__a_quarter__b_maximum,upstream_peak,quarter,maximum,B,10,98.000000
upstream_peak__a_quarter__b_maximum,upstream_peak,quarter,maximum,B,11,98.000000
upstream_peak__a_quarter__b_maximum,upstream_peak,quarter,maximum,B,12,98.000000
upstream_peak__a_quarter__b_maximum,upstream_peak,quarter,maximum,B,13,98.000000
upstream_peak__a_quarter__b_maximum,upstream_peak,quarter,maximum,B,14,98.000000
upstream_peak__a_quarter__b_maximum,upstream_peak,quarter,maximum,B,15,98.000000
upstream_peak__a_quarter__b_maximum,upstream_peak,quarter,maximum,B,16,98.000000
upstream_peak__a_quarter__b_maximum,upstream_peak,quarter,maximum,B,17,98.000000
upstream_peak__a_quarter__b_maximum,upstream_peak,quarter,maximum,B,18,98.000000
upstream_peak__a_quarter__b_maximum,upstream_peak,quarter,maximum,B,19,98.000000
upstream_peak__a_quarter__b_maximum,upstream_peak,quarter,maximum,B,20,98.000000
upstream_peak__a_quarter__b_maximum,upstream_peak,quarter,maximum,B,21,98.000000
upstream_peak__a_quarter__b_maximum,upstream_peak,quarter,maximum,B,22,98.000000
upstream_peak__a_quarter__b_maximum,upstream_peak,quarter,maximum,B,23,98.000000
upstream_peak__a_half__b_off,upstream_peak,half,off,A,0,86.500000
upstream_peak__a_half__b_off,upstream_peak,half,off,A,1,86.500000
upstream_peak__a_half__b_off,upstream_peak,half,off,A,2,86.500000
upstream_peak__a_half__b_off,upstream_peak,half,off,A,3,86.500000
upstream_peak__a_half__b_off,upstream_peak,half,off,A,4,86.500000
upstream_peak__a_half__b_off,upstream_peak,half,off,A,5,86.500000
upstream_peak__a_half__b_off,upstream_peak,half,off,A,6,86.500000
upstream_peak__a_half__b_off,upstream_peak,half,off,A,7,86.500000
upstream_peak__a_half__b_off,upstream_peak,half,off,A,8,86.500000
upstream_peak__a_half__b_off,upstream_peak,half,off,A,9,86.500000
upstream_peak__a_half__b_off,upstream_peak,half,off,A,10,86.500000
upstream_peak__a_half__b_off,upstream_peak,half,off,A,11,86.500000
upstream_peak__a_half__b_off,upstream_peak,half,off,A,12,86.500000
upstream_peak__a_half__b_off,upstream_peak,half,off,A,13,86.500000
upstream_peak__a_half__b_off,upstream_peak,half,off,A,14,86.500000
upstream_peak__a_half__b_off,upstream_peak,half,off,A,15,86.500000
upstream_peak__a_half__b_off,upstream_peak,half,off,A,16,86.500000
upstream_peak__a_half__b_off,upstream_peak,half,off,A,17,86.500000
upstream_peak__a_half__b_off,upstream_peak,half,off,A,18,86.500000
upstream_peak__a_half__b_off,upstream_peak,half,off,A,19,86.500000
upstream_peak__a_half__b_off,upstream_peak,half,off,A,20,86.500000
upstream_peak__a_half__b_off,upstream_peak,half,off,A,21,86.500000
upstream_peak__a_half__b_off,upstream_peak,half,off,A,22,86.500000
upstream_peak__a_half__b_off,upstream_peak,half,off,A,23,86.500000
upstream_peak__a_half__b_off,upstream_peak,half,off,B,0,0.000000
upstream_peak__a_half__b_off,upstream_peak,half,off,B,1,0.000000
upstream_peak__a_half__b_off,upstream_peak,half,off,B,2,0.000000
upstream_peak__a_half__b_off,upstream_peak,half,off,B,3,0.000000
upstream_peak__a_half__b_off,upstream_peak,half,off,B,4,0.000000
upstream_peak__a_half__b_off,upstream_peak,half,off,B,5,0.000000
upstream_peak__a_half__b_off,upstream_peak,half,off,B,6,0.000000
upstream_peak__a_half__b_off,upstream_peak,half,off,B,7,0.000000
upstream_peak__a_half__b_off,upstream_peak,half,off,B,8,0.000000
upstream_peak__a_half__b_off,upstream_peak,half,off,B,9,0.000000
upstream_peak__a_half__b_off,upstream_peak,half,off,B,10,0.000000
upstream_peak__a_half__b_off,upstream_peak,half,off,B,11,0.000000
upstream_peak__a_half__b_off,upstream_peak,half,off,B,12,0.000000
upstream_peak__a_half__b_off,upstream_peak,half,off,B,13,0.000000
upstream_peak__a_half__b_off,upstream_peak,half,off,B,14,0.000000
upstream_peak__a_half__b_off,upstream_peak,half,off,B,15,0.000000
upstream_peak__a_half__b_off,upstream_peak,half,off,B,16,0.000000
upstream_peak__a_half__b_off,upstream_peak,half,off,B,17,0.000000
upstream_peak__a_half__b_off,upstream_peak,half,off,B,18,0.000000
upstream_peak__a_half__b_off,upstream_peak,half,off,B,19,0.000000
upstream_peak__a_half__b_off,upstream_peak,half,off,B,20,0.000000
upstream_peak__a_half__b_off,upstream_peak,half,off,B,21,0.000000
upstream_peak__a_half__b_off,upstream_peak,half,off,B,22,0.000000
upstream_peak__a_half__b_off,upstream_peak,half,off,B,23,0.000000
upstream_peak__a_half__b_minimum,upstream_peak,half,minimum,A,0,86.500000
upstream_peak__a_half__b_minimum,upstream_peak,half,minimum,A,1,86.500000
upstream_peak__a_half__b_minimum,upstream_peak,half,minimum,A,2,86.500000
upstream_peak__a_half__b_minimum,upstream_peak,half,minimum,A,3,86.500000
upstream_peak__a_half__b_minimum,upstream_peak,half,minimum,A,4,86.500000
upstream_peak__a_half__b_minimum,upstream_peak,half,minimum,A,5,86.500000
upstream_peak__a_half__b_minimum,upstream_peak,half,minimum,A,6,86.500000
upstream_peak__a_half__b_minimum,upstream_peak,half,minimum,A,7,86.500000
upstream_peak__a_half__b_minimum,upstream_peak,half,minimum,A,8,86.500000
upstream_peak__a_half__b_minimum,upstream_peak,half,minimum,A,9,86.500000
upstream_peak__a_half__b_minimum,upstream_peak,half,minimum,A,10,86.500000
upstream_peak__a_half__b_minimum,upstream_peak,half,minimum,A,11,86.500000
upstream_peak__a_half__b_minimum,upstream_peak,half,minimum,A,12,86.500000
upstream_peak__a_half__b_minimum,upstream_peak,half,minimum,A,13,86.500000
upstream_peak__a_half__b_minimum,upstream_peak,half,minimum,A,14,86.500000
upstream_peak__a_half__b_minimum,upstream_peak,half,minimum,A,15,86.500000
upstream_peak__a_half__b_minimum,upstream_peak,half,minimum,A,16,86.500000
upstream_peak__a_half__b_minimum,upstream_peak,half,minimum,A,17,86.500000
upstream_peak__a_half__b_minimum,upstream_peak,half,minimum,A,18,86.500000
upstream_peak__a_half__b_minimum,upstream_peak,half,minimum,A,19,86.500000
upstream_peak__a_half__b_minimum,upstream_peak,half,minimum,A,20,86.500000
upstream_peak__a_half__b_minimum,upstream_peak,half,minimum,A,21,86.500000
upstream_peak__a_half__b_minimum,upstream_peak,half,minimum,A,22,86.500000
upstream_peak__a_half__b_minimum,upstream_peak,half,minimum,A,23,86.500000
upstream_peak__a_half__b_minimum,upstream_peak,half,minimum,B,0,32.000000
upstream_peak__a_half__b_minimum,upstream_peak,half,minimum,B,1,32.000000
upstream_peak__a_half__b_minimum,upstream_peak,half,minimum,B,2,32.000000
upstream_peak__a_half__b_minimum,upstream_peak,half,minimum,B,3,32.000000
upstream_peak__a_half__b_minimum,upstream_peak,half,minimum,B,4,32.000000
upstream_peak__a_half__b_minimum,upstream_peak,half,minimum,B,5,32.000000
upstream_peak__a_half__b_minimum,upstream_peak,half,minimum,B,6,32.000000
upstream_peak__a_half__b_minimum,upstream_peak,half,minimum,B,7,32.000000
upstream_peak__a_half__b_minimum,upstream_peak,half,minimum,B,8,32.000000
upstream_peak__a_half__b_minimum,upstream_peak,half,minimum,B,9,32.000000
upstream_peak__a_half__b_minimum,upstream_peak,half,minimum,B,10,32.000000
upstream_peak__a_half__b_minimum,upstream_peak,half,minimum,B,11,32.000000
upstream_peak__a_half__b_minimum,upstream_peak,half,minimum,B,12,32.000000
upstream_peak__a_half__b_minimum,upstream_peak,half,minimum,B,13,32.000000
upstream_peak__a_half__b_minimum,upstream_peak,half,minimum,B,14,32.000000
upstream_peak__a_half__b_minimum,upstream_peak,half,minimum,B,15,32.000000
upstream_peak__a_half__b_minimum,upstream_peak,half,minimum,B,16,32.000000
upstream_peak__a_half__b_minimum,upstream_peak,half,minimum,B,17,32.000000
upstream_peak__a_half__b_minimum,upstream_peak,half,minimum,B,18,32.000000
upstream_peak__a_half__b_minimum,upstream_peak,half,minimum,B,19,32.000000
upstream_peak__a_half__b_minimum,upstream_peak,half,minimum,B,20,32.000000
upstream_peak__a_half__b_minimum,upstream_peak,half,minimum,B,21,32.000000
upstream_peak__a_half__b_minimum,upstream_peak,half,minimum,B,22,32.000000
upstream_peak__a_half__b_minimum,upstream_peak,half,minimum,B,23,32.000000
upstream_peak__a_half__b_quarter,upstream_peak,half,quarter,A,0,86.500000
upstream_peak__a_half__b_quarter,upstream_peak,half,quarter,A,1,86.500000
upstream_peak__a_half__b_quarter,upstream_peak,half,quarter,A,2,86.500000
upstream_peak__a_half__b_quarter,upstream_peak,half,quarter,A,3,86.500000
upstream_peak__a_half__b_quarter,upstream_peak,half,quarter,A,4,86.500000
upstream_peak__a_half__b_quarter,upstream_peak,half,quarter,A,5,86.500000
upstream_peak__a_half__b_quarter,upstream_peak,half,quarter,A,6,86.500000
upstream_peak__a_half__b_quarter,upstream_peak,half,quarter,A,7,86.500000
upstream_peak__a_half__b_quarter,upstream_peak,half,quarter,A,8,86.500000
upstream_peak__a_half__b_quarter,upstream_peak,half,quarter,A,9,86.500000
upstream_peak__a_half__b_quarter,upstream_peak,half,quarter,A,10,86.500000
upstream_peak__a_half__b_quarter,upstream_peak,half,quarter,A,11,86.500000
upstream_peak__a_half__b_quarter,upstream_peak,half,quarter,A,12,86.500000
upstream_peak__a_half__b_quarter,upstream_peak,half,quarter,A,13,86.500000
upstream_peak__a_half__b_quarter,upstream_peak,half,quarter,A,14,86.500000
upstream_peak__a_half__b_quarter,upstream_peak,half,quarter,A,15,86.500000
upstream_peak__a_half__b_quarter,upstream_peak,half,quarter,A,16,86.500000
upstream_peak__a_half__b_quarter,upstream_peak,half,quarter,A,17,86.500000
upstream_peak__a_half__b_quarter,upstream_peak,half,quarter,A,18,86.500000
upstream_peak__a_half__b_quarter,upstream_peak,half,quarter,A,19,86.500000
upstream_peak__a_half__b_quarter,upstream_peak,half,quarter,A,20,86.500000
upstream_peak__a_half__b_quarter,upstream_peak,half,quarter,A,21,86.500000
upstream_peak__a_half__b_quarter,upstream_peak,half,quarter,A,22,86.500000
upstream_peak__a_half__b_quarter,upstream_peak,half,quarter,A,23,86.500000
upstream_peak__a_half__b_quarter,upstream_peak,half,quarter,B,0,48.500000
upstream_peak__a_half__b_quarter,upstream_peak,half,quarter,B,1,48.500000
upstream_peak__a_half__b_quarter,upstream_peak,half,quarter,B,2,48.500000
upstream_peak__a_half__b_quarter,upstream_peak,half,quarter,B,3,48.500000
upstream_peak__a_half__b_quarter,upstream_peak,half,quarter,B,4,48.500000
upstream_peak__a_half__b_quarter,upstream_peak,half,quarter,B,5,48.500000
upstream_peak__a_half__b_quarter,upstream_peak,half,quarter,B,6,48.500000
upstream_peak__a_half__b_quarter,upstream_peak,half,quarter,B,7,48.500000
upstream_peak__a_half__b_quarter,upstream_peak,half,quarter,B,8,48.500000
upstream_peak__a_half__b_quarter,upstream_peak,half,quarter,B,9,48.500000
upstream_peak__a_half__b_quarter,upstream_peak,half,quarter,B,10,48.500000
upstream_peak__a_half__b_quarter,upstream_peak,half,quarter,B,11,48.500000
upstream_peak__a_half__b_quarter,upstream_peak,half,quarter,B,12,48.500000
upstream_peak__a_half__b_quarter,upstream_peak,half,quarter,B,13,48.500000
upstream_peak__a_half__b_quarter,upstream_peak,half,quarter,B,14,48.500000
upstream_peak__a_half__b_quarter,upstream_peak,half,quarter,B,15,48.500000
upstream_peak__a_half__b_quarter,upstream_peak,half,quarter,B,16,48.500000
upstream_peak__a_half__b_quarter,upstream_peak,half,quarter,B,17,48.500000
upstream_peak__a_half__b_quarter,upstream_peak,half,quarter,B,18,48.500000
upstream_peak__a_half__b_quarter,upstream_peak,half,quarter,B,19,48.500000
upstream_peak__a_half__b_quarter,upstream_peak,half,quarter,B,20,48.500000
upstream_peak__a_half__b_quarter,upstream_peak,half,quarter,B,21,48.500000
upstream_peak__a_half__b_quarter,upstream_peak,half,quarter,B,22,48.500000
upstream_peak__a_half__b_quarter,upstream_peak,half,quarter,B,23,48.500000
upstream_peak__a_half__b_half,upstream_peak,half,half,A,0,86.500000
upstream_peak__a_half__b_half,upstream_peak,half,half,A,1,86.500000
upstream_peak__a_half__b_half,upstream_peak,half,half,A,2,86.500000
upstream_peak__a_half__b_half,upstream_peak,half,half,A,3,86.500000
upstream_peak__a_half__b_half,upstream_peak,half,half,A,4,86.500000
upstream_peak__a_half__b_half,upstream_peak,half,half,A,5,86.500000
upstream_peak__a_half__b_half,upstream_peak,half,half,A,6,86.500000
upstream_peak__a_half__b_half,upstream_peak,half,half,A,7,86.500000
upstream_peak__a_half__b_half,upstream_peak,half,half,A,8,86.500000
upstream_peak__a_half__b_half,upstream_peak,half,half,A,9,86.500000
upstream_peak__a_half__b_half,upstream_peak,half,half,A,10,86.500000
upstream_peak__a_half__b_half,upstream_peak,half,half,A,11,86.500000
upstream_peak__a_half__b_half,upstream_peak,half,half,A,12,86.500000
upstream_peak__a_half__b_half,upstream_peak,half,half,A,13,86.500000
upstream_peak__a_half__b_half,upstream_peak,half,half,A,14,86.500000
upstream_peak__a_half__b_half,upstream_peak,half,half,A,15,86.500000
upstream_peak__a_half__b_half,upstream_peak,half,half,A,16,86.500000
upstream_peak__a_half__b_half,upstream_peak,half,half,A,17,86.500000
upstream_peak__a_half__b_half,upstream_peak,half,half,A,18,86.500000
upstream_peak__a_half__b_half,upstream_peak,half,half,A,19,86.500000
upstream_peak__a_half__b_half,upstream_peak,half,half,A,20,86.500000
upstream_peak__a_half__b_half,upstream_peak,half,half,A,21,86.500000
upstream_peak__a_half__b_half,upstream_peak,half,half,A,22,86.500000
upstream_peak__a_half__b_half,upstream_peak,half,half,A,23,86.500000
upstream_peak__a_half__b_half,upstream_peak,half,half,B,0,65.000000
upstream_peak__a_half__b_half,upstream_peak,half,half,B,1,65.000000
upstream_peak__a_half__b_half,upstream_peak,half,half,B,2,65.000000
upstream_peak__a_half__b_half,upstream_peak,half,half,B,3,65.000000
upstream_peak__a_half__b_half,upstream_peak,half,half,B,4,65.000000
upstream_peak__a_half__b_half,upstream_peak,half,half,B,5,65.000000
upstream_peak__a_half__b_half,upstream_peak,half,half,B,6,65.000000
upstream_peak__a_half__b_half,upstream_peak,half,half,B,7,65.000000
upstream_peak__a_half__b_half,upstream_peak,half,half,B,8,65.000000
upstream_peak__a_half__b_half,upstream_peak,half,half,B,9,65.000000
upstream_peak__a_half__b_half,upstream_peak,half,half,B,10,65.000000
upstream_peak__a_half__b_half,upstream_peak,half,half,B,11,65.000000
upstream_peak__a_half__b_half,upstream_peak,half,half,B,12,65.000000
upstream_peak__a_half__b_half,upstream_peak,half,half,B,13,65.000000
upstream_peak__a_half__b_half,upstream_peak,half,half,B,14,65.000000
upstream_peak__a_half__b_half,upstream_peak,half,half,B,15,65.000000
upstream_peak__a_half__b_half,upstream_peak,half,half,B,16,65.000000
upstream_peak__a_half__b_half,upstream_peak,half,half,B,17,65.000000
upstream_peak__a_half__b_half,upstream_peak,half,half,B,18,65.000000
upstream_peak__a_half__b_half,upstream_peak,half,half,B,19,65.000000
upstream_peak__a_half__b_half,upstream_peak,half,half,B,20,65.000000
upstream_peak__a_half__b_half,upstream_peak,half,half,B,21,65.000000
upstream_peak__a_half__b_half,upstream_peak,half,half,B,22,65.000000
upstream_peak__a_half__b_half,upstream_peak,half,half,B,23,65.000000
upstream_peak__a_half__b_three_quarters,upstream_peak,half,three_quarters,A,0,86.500000
upstream_peak__a_half__b_three_quarters,upstream_peak,half,three_quarters,A,1,86.500000
upstream_peak__a_half__b_three_quarters,upstream_peak,half,three_quarters,A,2,86.500000
upstream_peak__a_half__b_three_quarters,upstream_peak,half,three_quarters,A,3,86.500000
upstream_peak__a_half__b_three_quarters,upstream_peak,half,three_quarters,A,4,86.500000
upstream_peak__a_half__b_three_quarters,upstream_peak,half,three_quarters,A,5,86.500000
upstream_peak__a_half__b_three_quarters,upstream_peak,half,three_quarters,A,6,86.500000
upstream_peak__a_half__b_three_quarters,upstream_peak,half,three_quarters,A,7,86.500000
upstream_peak__a_half__b_three_quarters,upstream_peak,half,three_quarters,A,8,86.500000
upstream_peak__a_half__b_three_quarters,upstream_peak,half,three_quarters,A,9,86.500000
upstream_peak__a_half__b_three_quarters,upstream_peak,half,three_quarters,A,10,86.500000
upstream_peak__a_half__b_three_quarters,upstream_peak,half,three_quarters,A,11,86.500000
upstream_peak__a_half__b_three_quarters,upstream_peak,half,three_quarters,A,12,86.500000
upstream_peak__a_half__b_three_quarters,upstream_peak,half,three_quarters,A,13,86.500000
upstream_peak__a_half__b_three_quarters,upstream_peak,half,three_quarters,A,14,86.500000
upstream_peak__a_half__b_three_quarters,upstream_peak,half,three_quarters,A,15,86.500000
upstream_peak__a_half__b_three_quarters,upstream_peak,half,three_quarters,A,16,86.500000
upstream_peak__a_half__b_three_quarters,upstream_peak,half,three_quarters,A,17,86.500000
upstream_peak__a_half__b_three_quarters,upstream_peak,half,three_quarters,A,18,86.500000
upstream_peak__a_half__b_three_quarters,upstream_peak,half,three_quarters,A,19,86.500000
upstream_peak__a_half__b_three_quarters,upstream_peak,half,three_quarters,A,20,86.500000
upstream_peak__a_half__b_three_quarters,upstream_peak,half,three_quarters,A,21,86.500000
upstream_peak__a_half__b_three_quarters,upstream_peak,half,three_quarters,A,22,86.500000
upstream_peak__a_half__b_three_quarters,upstream_peak,half,three_quarters,A,23,86.500000
upstream_peak__a_half__b_three_quarters,upstream_peak,half,three_quarters,B,0,81.500000
upstream_peak__a_half__b_three_quarters,upstream_peak,half,three_quarters,B,1,81.500000
upstream_peak__a_half__b_three_quarters,upstream_peak,half,three_quarters,B,2,81.500000
upstream_peak__a_half__b_three_quarters,upstream_peak,half,three_quarters,B,3,81.500000
upstream_peak__a_half__b_three_quarters,upstream_peak,half,three_quarters,B,4,81.500000
upstream_peak__a_half__b_three_quarters,upstream_peak,half,three_quarters,B,5,81.500000
upstream_peak__a_half__b_three_quarters,upstream_peak,half,three_quarters,B,6,81.500000
upstream_peak__a_half__b_three_quarters,upstream_peak,half,three_quarters,B,7,81.500000
upstream_peak__a_half__b_three_quarters,upstream_peak,half,three_quarters,B,8,81.500000
upstream_peak__a_half__b_three_quarters,upstream_peak,half,three_quarters,B,9,81.500000
upstream_peak__a_half__b_three_quarters,upstream_peak,half,three_quarters,B,10,81.500000
upstream_peak__a_half__b_three_quarters,upstream_peak,half,three_quarters,B,11,81.500000
upstream_peak__a_half__b_three_quarters,upstream_peak,half,three_quarters,B,12,81.500000
upstream_peak__a_half__b_three_quarters,upstream_peak,half,three_quarters,B,13,81.500000
upstream_peak__a_half__b_three_quarters,upstream_peak,half,three_quarters,B,14,81.500000
upstream_peak__a_half__b_three_quarters,upstream_peak,half,three_quarters,B,15,81.500000
upstream_peak__a_half__b_three_quarters,upstream_peak,half,three_quarters,B,16,81.500000
upstream_peak__a_half__b_three_quarters,upstream_peak,half,three_quarters,B,17,81.500000
upstream_peak__a_half__b_three_quarters,upstream_peak,half,three_quarters,B,18,81.500000
upstream_peak__a_half__b_three_quarters,upstream_peak,half,three_quarters,B,19,81.500000
upstream_peak__a_half__b_three_quarters,upstream_peak,half,three_quarters,B,20,81.500000
upstream_peak__a_half__b_three_quarters,upstream_peak,half,three_quarters,B,21,81.500000
upstream_peak__a_half__b_three_quarters,upstream_peak,half,three_quarters,B,22,81.500000
upstream_peak__a_half__b_three_quarters,upstream_peak,half,three_quarters,B,23,81.500000
upstream_peak__a_half__b_maximum,upstream_peak,half,maximum,A,0,86.500000
upstream_peak__a_half__b_maximum,upstream_peak,half,maximum,A,1,86.500000
upstream_peak__a_half__b_maximum,upstream_peak,half,maximum,A,2,86.500000
upstream_peak__a_half__b_maximum,upstream_peak,half,maximum,A,3,86.500000
upstream_peak__a_half__b_maximum,upstream_peak,half,maximum,A,4,86.500000
upstream_peak__a_half__b_maximum,upstream_peak,half,maximum,A,5,86.500000
upstream_peak__a_half__b_maximum,upstream_peak,half,maximum,A,6,86.500000
upstream_peak__a_half__b_maximum,upstream_peak,half,maximum,A,7,86.500000
upstream_peak__a_half__b_maximum,upstream_peak,half,maximum,A,8,86.500000
upstream_peak__a_half__b_maximum,upstream_peak,half,maximum,A,9,86.500000
upstream_peak__a_half__b_maximum,upstream_peak,half,maximum,A,10,86.500000
upstream_peak__a_half__b_maximum,upstream_peak,half,maximum,A,11,86.500000
upstream_peak__a_half__b_maximum,upstream_peak,half,maximum,A,12,86.500000
upstream_peak__a_half__b_maximum,upstream_peak,half,maximum,A,13,86.500000
upstream_peak__a_half__b_maximum,upstream_peak,half,maximum,A,14,86.500000
upstream_peak__a_half__b_maximum,upstream_peak,half,maximum,A,15,86.500000
upstream_peak__a_half__b_maximum,upstream_peak,half,maximum,A,16,86.500000
upstream_peak__a_half__b_maximum,upstream_peak,half,maximum,A,17,86.500000
upstream_peak__a_half__b_maximum,upstream_peak,half,maximum,A,18,86.500000
upstream_peak__a_half__b_maximum,upstream_peak,half,maximum,A,19,86.500000
upstream_peak__a_half__b_maximum,upstream_peak,half,maximum,A,20,86.500000
upstream_peak__a_half__b_maximum,upstream_peak,half,maximum,A,21,86.500000
upstream_peak__a_half__b_maximum,upstream_peak,half,maximum,A,22,86.500000
upstream_peak__a_half__b_maximum,upstream_peak,half,maximum,A,23,86.500000
upstream_peak__a_half__b_maximum,upstream_peak,half,maximum,B,0,98.000000
upstream_peak__a_half__b_maximum,upstream_peak,half,maximum,B,1,98.000000
upstream_peak__a_half__b_maximum,upstream_peak,half,maximum,B,2,98.000000
upstream_peak__a_half__b_maximum,upstream_peak,half,maximum,B,3,98.000000
upstream_peak__a_half__b_maximum,upstream_peak,half,maximum,B,4,98.000000
upstream_peak__a_half__b_maximum,upstream_peak,half,maximum,B,5,98.000000
upstream_peak__a_half__b_maximum,upstream_peak,half,maximum,B,6,98.000000
upstream_peak__a_half__b_maximum,upstream_peak,half,maximum,B,7,98.000000
upstream_peak__a_half__b_maximum,upstream_peak,half,maximum,B,8,98.000000
upstream_peak__a_half__b_maximum,upstream_peak,half,maximum,B,9,98.000000
upstream_peak__a_half__b_maximum,upstream_peak,half,maximum,B,10,98.000000
upstream_peak__a_half__b_maximum,upstream_peak,half,maximum,B,11,98.000000
upstream_peak__a_half__b_maximum,upstream_peak,half,maximum,B,12,98.000000
upstream_peak__a_half__b_maximum,upstream_peak,half,maximum,B,13,98.000000
upstream_peak__a_half__b_maximum,upstream_peak,half,maximum,B,14,98.000000
upstream_peak__a_half__b_maximum,upstream_peak,half,maximum,B,15,98.000000
upstream_peak__a_half__b_maximum,upstream_peak,half,maximum,B,16,98.000000
upstream_peak__a_half__b_maximum,upstream_peak,half,maximum,B,17,98.000000
upstream_peak__a_half__b_maximum,upstream_peak,half,maximum,B,18,98.000000
upstream_peak__a_half__b_maximum,upstream_peak,half,maximum,B,19,98.000000
upstream_peak__a_half__b_maximum,upstream_peak,half,maximum,B,20,98.000000
upstream_peak__a_half__b_maximum,upstream_peak,half,maximum,B,21,98.000000
upstream_peak__a_half__b_maximum,upstream_peak,half,maximum,B,22,98.000000
upstream_peak__a_half__b_maximum,upstream_peak,half,maximum,B,23,98.000000
upstream_peak__a_three_quarters__b_off,upstream_peak,three_quarters,off,A,0,107.250000
upstream_peak__a_three_quarters__b_off,upstream_peak,three_quarters,off,A,1,107.250000
upstream_peak__a_three_quarters__b_off,upstream_peak,three_quarters,off,A,2,107.250000
upstream_peak__a_three_quarters__b_off,upstream_peak,three_quarters,off,A,3,107.250000
upstream_peak__a_three_quarters__b_off,upstream_peak,three_quarters,off,A,4,107.250000
upstream_peak__a_three_quarters__b_off,upstream_peak,three_quarters,off,A,5,107.250000
upstream_peak__a_three_quarters__b_off,upstream_peak,three_quarters,off,A,6,107.250000
upstream_peak__a_three_quarters__b_off,upstream_peak,three_quarters,off,A,7,107.250000
upstream_peak__a_three_quarters__b_off,upstream_peak,three_quarters,off,A,8,107.250000
upstream_peak__a_three_quarters__b_off,upstream_peak,three_quarters,off,A,9,107.250000
upstream_peak__a_three_quarters__b_off,upstream_peak,three_quarters,off,A,10,107.250000
upstream_peak__a_three_quarters__b_off,upstream_peak,three_quarters,off,A,11,107.250000
upstream_peak__a_three_quarters__b_off,upstream_peak,three_quarters,off,A,12,107.250000
upstream_peak__a_three_quarters__b_off,upstream_peak,three_quarters,off,A,13,107.250000
upstream_peak__a_three_quarters__b_off,upstream_peak,three_quarters,off,A,14,107.250000
upstream_peak__a_three_quarters__b_off,upstream_peak,three_quarters,off,A,15,107.250000
upstream_peak__a_three_quarters__b_off,upstream_peak,three_quarters,off,A,16,107.250000
upstream_peak__a_three_quarters__b_off,upstream_peak,three_quarters,off,A,17,107.250000
upstream_peak__a_three_quarters__b_off,upstream_peak,three_quarters,off,A,18,107.250000
upstream_peak__a_three_quarters__b_off,upstream_peak,three_quarters,off,A,19,107.250000
upstream_peak__a_three_quarters__b_off,upstream_peak,three_quarters,off,A,20,107.250000
upstream_peak__a_three_quarters__b_off,upstream_peak,three_quarters,off,A,21,107.250000
upstream_peak__a_three_quarters__b_off,upstream_peak,three_quarters,off,A,22,107.250000
upstream_peak__a_three_quarters__b_off,upstream_peak,three_quarters,off,A,23,107.250000
upstream_peak__a_three_quarters__b_off,upstream_peak,three_quarters,off,B,0,0.000000
upstream_peak__a_three_quarters__b_off,upstream_peak,three_quarters,off,B,1,0.000000
upstream_peak__a_three_quarters__b_off,upstream_peak,three_quarters,off,B,2,0.000000
upstream_peak__a_three_quarters__b_off,upstream_peak,three_quarters,off,B,3,0.000000
upstream_peak__a_three_quarters__b_off,upstream_peak,three_quarters,off,B,4,0.000000
upstream_peak__a_three_quarters__b_off,upstream_peak,three_quarters,off,B,5,0.000000
upstream_peak__a_three_quarters__b_off,upstream_peak,three_quarters,off,B,6,0.000000
upstream_peak__a_three_quarters__b_off,upstream_peak,three_quarters,off,B,7,0.000000
upstream_peak__a_three_quarters__b_off,upstream_peak,three_quarters,off,B,8,0.000000
upstream_peak__a_three_quarters__b_off,upstream_peak,three_quarters,off,B,9,0.000000
upstream_peak__a_three_quarters__b_off,upstream_peak,three_quarters,off,B,10,0.000000
upstream_peak__a_three_quarters__b_off,upstream_peak,three_quarters,off,B,11,0.000000
upstream_peak__a_three_quarters__b_off,upstream_peak,three_quarters,off,B,12,0.000000
upstream_peak__a_three_quarters__b_off,upstream_peak,three_quarters,off,B,13,0.000000
upstream_peak__a_three_quarters__b_off,upstream_peak,three_quarters,off,B,14,0.000000
upstream_peak__a_three_quarters__b_off,upstream_peak,three_quarters,off,B,15,0.000000
upstream_peak__a_three_quarters__b_off,upstream_peak,three_quarters,off,B,16,0.000000
upstream_peak__a_three_quarters__b_off,upstream_peak,three_quarters,off,B,17,0.000000
upstream_peak__a_three_quarters__b_off,upstream_peak,three_quarters,off,B,18,0.000000
upstream_peak__a_three_quarters__b_off,upstream_peak,three_quarters,off,B,19,0.000000
upstream_peak__a_three_quarters__b_off,upstream_peak,three_quarters,off,B,20,0.000000
upstream_peak__a_three_quarters__b_off,upstream_peak,three_quarters,off,B,21,0.000000
upstream_peak__a_three_quarters__b_off,upstream_peak,three_quarters,off,B,22,0.000000
upstream_peak__a_three_quarters__b_off,upstream_peak,three_quarters,off,B,23,0.000000
upstream_peak__a_three_quarters__b_minimum,upstream_peak,three_quarters,minimum,A,0,107.250000
upstream_peak__a_three_quarters__b_minimum,upstream_peak,three_quarters,minimum,A,1,107.250000
upstream_peak__a_three_quarters__b_minimum,upstream_peak,three_quarters,minimum,A,2,107.250000
upstream_peak__a_three_quarters__b_minimum,upstream_peak,three_quarters,minimum,A,3,107.250000
upstream_peak__a_three_quarters__b_minimum,upstream_peak,three_quarters,minimum,A,4,107.250000
upstream_peak__a_three_quarters__b_minimum,upstream_peak,three_quarters,minimum,A,5,107.250000
upstream_peak__a_three_quarters__b_minimum,upstream_peak,three_quarters,minimum,A,6,107.250000
upstream_peak__a_three_quarters__b_minimum,upstream_peak,three_quarters,minimum,A,7,107.250000
upstream_peak__a_three_quarters__b_minimum,upstream_peak,three_quarters,minimum,A,8,107.250000
upstream_peak__a_three_quarters__b_minimum,upstream_peak,three_quarters,minimum,A,9,107.250000
upstream_peak__a_three_quarters__b_minimum,upstream_peak,three_quarters,minimum,A,10,107.250000
upstream_peak__a_three_quarters__b_minimum,upstream_peak,three_quarters,minimum,A,11,107.250000
upstream_peak__a_three_quarters__b_minimum,upstream_peak,three_quarters,minimum,A,12,107.250000
upstream_peak__a_three_quarters__b_minimum,upstream_peak,three_quarters,minimum,A,13,107.250000
upstream_peak__a_three_quarters__b_minimum,upstream_peak,three_quarters,minimum,A,14,107.250000
upstream_peak__a_three_quarters__b_minimum,upstream_peak,three_quarters,minimum,A,15,107.250000
upstream_peak__a_three_quarters__b_minimum,upstream_peak,three_quarters,minimum,A,16,107.250000
upstream_peak__a_three_quarters__b_minimum,upstream_peak,three_quarters,minimum,A,17,107.250000
upstream_peak__a_three_quarters__b_minimum,upstream_peak,three_quarters,minimum,A,18,107.250000
upstream_peak__a_three_quarters__b_minimum,upstream_peak,three_quarters,minimum,A,19,107.250000
upstream_peak__a_three_quarters__b_minimum,upstream_peak,three_quarters,minimum,A,20,107.250000
upstream_peak__a_three_quarters__b_minimum,upstream_peak,three_quarters,minimum,A,21,107.250000
upstream_peak__a_three_quarters__b_minimum,upstream_peak,three_quarters,minimum,A,22,107.250000
upstream_peak__a_three_quarters__b_minimum,upstream_peak,three_quarters,minimum,A,23,107.250000
upstream_peak__a_three_quarters__b_minimum,upstream_peak,three_quarters,minimum,B,0,32.000000
upstream_peak__a_three_quarters__b_minimum,upstream_peak,three_quarters,minimum,B,1,32.000000
upstream_peak__a_three_quarters__b_minimum,upstream_peak,three_quarters,minimum,B,2,32.000000
upstream_peak__a_three_quarters__b_minimum,upstream_peak,three_quarters,minimum,B,3,32.000000
upstream_peak__a_three_quarters__b_minimum,upstream_peak,three_quarters,minimum,B,4,32.000000
upstream_peak__a_three_quarters__b_minimum,upstream_peak,three_quarters,minimum,B,5,32.000000
upstream_peak__a_three_quarters__b_minimum,upstream_peak,three_quarters,minimum,B,6,32.000000
upstream_peak__a_three_quarters__b_minimum,upstream_peak,three_quarters,minimum,B,7,32.000000
upstream_peak__a_three_quarters__b_minimum,upstream_peak,three_quarters,minimum,B,8,32.000000
upstream_peak__a_three_quarters__b_minimum,upstream_peak,three_quarters,minimum,B,9,32.000000
upstream_peak__a_three_quarters__b_minimum,upstream_peak,three_quarters,minimum,B,10,32.000000
upstream_peak__a_three_quarters__b_minimum,upstream_peak,three_quarters,minimum,B,11,32.000000
upstream_peak__a_three_quarters__b_minimum,upstream_peak,three_quarters,minimum,B,12,32.000000
upstream_peak__a_three_quarters__b_minimum,upstream_peak,three_quarters,minimum,B,13,32.000000
upstream_peak__a_three_quarters__b_minimum,upstream_peak,three_quarters,minimum,B,14,32.000000
upstream_peak__a_three_quarters__b_minimum,upstream_peak,three_quarters,minimum,B,15,32.000000
upstream_peak__a_three_quarters__b_minimum,upstream_peak,three_quarters,minimum,B,16,32.000000
upstream_peak__a_three_quarters__b_minimum,upstream_peak,three_quarters,minimum,B,17,32.000000
upstream_peak__a_three_quarters__b_minimum,upstream_peak,three_quarters,minimum,B,18,32.000000
upstream_peak__a_three_quarters__b_minimum,upstream_peak,three_quarters,minimum,B,19,32.000000
upstream_peak__a_three_quarters__b_minimum,upstream_peak,three_quarters,minimum,B,20,32.000000
upstream_peak__a_three_quarters__b_minimum,upstream_peak,three_quarters,minimum,B,21,32.000000
upstream_peak__a_three_quarters__b_minimum,upstream_peak,three_quarters,minimum,B,22,32.000000
upstream_peak__a_three_quarters__b_minimum,upstream_peak,three_quarters,minimum,B,23,32.000000
upstream_peak__a_three_quarters__b_quarter,upstream_peak,three_quarters,quarter,A,0,107.250000
upstream_peak__a_three_quarters__b_quarter,upstream_peak,three_quarters,quarter,A,1,107.250000
upstream_peak__a_three_quarters__b_quarter,upstream_peak,three_quarters,quarter,A,2,107.250000
upstream_peak__a_three_quarters__b_quarter,upstream_peak,three_quarters,quarter,A,3,107.250000
upstream_peak__a_three_quarters__b_quarter,upstream_peak,three_quarters,quarter,A,4,107.250000
upstream_peak__a_three_quarters__b_quarter,upstream_peak,three_quarters,quarter,A,5,107.250000
upstream_peak__a_three_quarters__b_quarter,upstream_peak,three_quarters,quarter,A,6,107.250000
upstream_peak__a_three_quarters__b_quarter,upstream_peak,three_quarters,quarter,A,7,107.250000
upstream_peak__a_three_quarters__b_quarter,upstream_peak,three_quarters,quarter,A,8,107.250000
upstream_peak__a_three_quarters__b_quarter,upstream_peak,three_quarters,quarter,A,9,107.250000
upstream_peak__a_three_quarters__b_quarter,upstream_peak,three_quarters,quarter,A,10,107.250000
upstream_peak__a_three_quarters__b_quarter,upstream_peak,three_quarters,quarter,A,11,107.250000
upstream_peak__a_three_quarters__b_quarter,upstream_peak,three_quarters,quarter,A,12,107.250000
upstream_peak__a_three_quarters__b_quarter,upstream_peak,three_quarters,quarter,A,13,107.250000
upstream_peak__a_three_quarters__b_quarter,upstream_peak,three_quarters,quarter,A,14,107.250000
upstream_peak__a_three_quarters__b_quarter,upstream_peak,three_quarters,quarter,A,15,107.250000
upstream_peak__a_three_quarters__b_quarter,upstream_peak,three_quarters,quarter,A,16,107.250000
upstream_peak__a_three_quarters__b_quarter,upstream_peak,three_quarters,quarter,A,17,107.250000
upstream_peak__a_three_quarters__b_quarter,upstream_peak,three_quarters,quarter,A,18,107.250000
upstream_peak__a_three_quarters__b_quarter,upstream_peak,three_quarters,quarter,A,19,107.250000
upstream_peak__a_three_quarters__b_quarter,upstream_peak,three_quarters,quarter,A,20,107.250000
upstream_peak__a_three_quarters__b_quarter,upstream_peak,three_quarters,quarter,A,21,107.250000
upstream_peak__a_three_quarters__b_quarter,upstream_peak,three_quarters,quarter,A,22,107.250000
upstream_peak__a_three_quarters__b_quarter,upstream_peak,three_quarters,quarter,A,23,107.250000
upstream_peak__a_three_quarters__b_quarter,upstream_peak,three_quarters,quarter,B,0,48.500000
upstream_peak__a_three_quarters__b_quarter,upstream_peak,three_quarters,quarter,B,1,48.500000
upstream_peak__a_three_quarters__b_quarter,upstream_peak,three_quarters,quarter,B,2,48.500000
upstream_peak__a_three_quarters__b_quarter,upstream_peak,three_quarters,quarter,B,3,48.500000
upstream_peak__a_three_quarters__b_quarter,upstream_peak,three_quarters,quarter,B,4,48.500000
upstream_peak__a_three_quarters__b_quarter,upstream_peak,three_quarters,quarter,B,5,48.500000
upstream_peak__a_three_quarters__b_quarter,upstream_peak,three_quarters,quarter,B,6,48.500000
upstream_peak__a_three_quarters__b_quarter,upstream_peak,three_quarters,quarter,B,7,48.500000
upstream_peak__a_three_quarters__b_quarter,upstream_peak,three_quarters,quarter,B,8,48.500000
upstream_peak__a_three_quarters__b_quarter,upstream_peak,three_quarters,quarter,B,9,48.500000
upstream_peak__a_three_quarters__b_quarter,upstream_peak,three_quarters,quarter,B,10,48.500000
upstream_peak__a_three_quarters__b_quarter,upstream_peak,three_quarters,quarter,B,11,48.500000
upstream_peak__a_three_quarters__b_quarter,upstream_peak,three_quarters,quarter,B,12,48.500000
upstream_peak__a_three_quarters__b_quarter,upstream_peak,three_quarters,quarter,B,13,48.500000
upstream_peak__a_three_quarters__b_quarter,upstream_peak,three_quarters,quarter,B,14,48.500000
upstream_peak__a_three_quarters__b_quarter,upstream_peak,three_quarters,quarter,B,15,48.500000
upstream_peak__a_three_quarters__b_quarter,upstream_peak,three_quarters,quarter,B,16,48.500000
upstream_peak__a_three_quarters__b_quarter,upstream_peak,three_quarters,quarter,B,17,48.500000
upstream_peak__a_three_quarters__b_quarter,upstream_peak,three_quarters,quarter,B,18,48.500000
upstream_peak__a_three_quarters__b_quarter,upstream_peak,three_quarters,quarter,B,19,48.500000
upstream_peak__a_three_quarters__b_quarter,upstream_peak,three_quarters,quarter,B,20,48.500000
upstream_peak__a_three_quarters__b_quarter,upstream_peak,three_quarters,quarter,B,21,48.500000
upstream_peak__a_three_quarters__b_quarter,upstream_peak,three_quarters,quarter,B,22,48.500000
upstream_peak__a_three_quarters__b_quarter,upstream_peak,three_quarters,quarter,B,23,48.500000
upstream_peak__a_three_quarters__b_half,upstream_peak,three_quarters,half,A,0,107.250000
upstream_peak__a_three_quarters__b_half,upstream_peak,three_quarters,half,A,1,107.250000
upstream_peak__a_three_quarters__b_half,upstream_peak,three_quarters,half,A,2,107.250000
upstream_peak__a_three_quarters__b_half,upstream_peak,three_quarters,half,A,3,107.250000
upstream_peak__a_three_quarters__b_half,upstream_peak,three_quarters,half,A,4,107.250000
upstream_peak__a_three_quarters__b_half,upstream_peak,three_quarters,half,A,5,107.250000
upstream_peak__a_three_quarters__b_half,upstream_peak,three_quarters,half,A,6,107.250000
upstream_peak__a_three_quarters__b_half,upstream_peak,three_quarters,half,A,7,107.250000
upstream_peak__a_three_quarters__b_half,upstream_peak,three_quarters,half,A,8,107.250000
upstream_peak__a_three_quarters__b_half,upstream_peak,three_quarters,half,A,9,107.250000
upstream_peak__a_three_quarters__b_half,upstream_peak,three_quarters,half,A,10,107.250000
upstream_peak__a_three_quarters__b_half,upstream_peak,three_quarters,half,A,11,107.250000
upstream_peak__a_three_quarters__b_half,upstream_peak,three_quarters,half,A,12,107.250000
upstream_peak__a_three_quarters__b_half,upstream_peak,three_quarters,half,A,13,107.250000
upstream_peak__a_three_quarters__b_half,upstream_peak,three_quarters,half,A,14,107.250000
upstream_peak__a_three_quarters__b_half,upstream_peak,three_quarters,half,A,15,107.250000
upstream_peak__a_three_quarters__b_half,upstream_peak,three_quarters,half,A,16,107.250000
upstream_peak__a_three_quarters__b_half,upstream_peak,three_quarters,half,A,17,107.250000
upstream_peak__a_three_quarters__b_half,upstream_peak,three_quarters,half,A,18,107.250000
upstream_peak__a_three_quarters__b_half,upstream_peak,three_quarters,half,A,19,107.250000
upstream_peak__a_three_quarters__b_half,upstream_peak,three_quarters,half,A,20,107.250000
upstream_peak__a_three_quarters__b_half,upstream_peak,three_quarters,half,A,21,107.250000
upstream_peak__a_three_quarters__b_half,upstream_peak,three_quarters,half,A,22,107.250000
upstream_peak__a_three_quarters__b_half,upstream_peak,three_quarters,half,A,23,107.250000
upstream_peak__a_three_quarters__b_half,upstream_peak,three_quarters,half,B,0,65.000000
upstream_peak__a_three_quarters__b_half,upstream_peak,three_quarters,half,B,1,65.000000
upstream_peak__a_three_quarters__b_half,upstream_peak,three_quarters,half,B,2,65.000000
upstream_peak__a_three_quarters__b_half,upstream_peak,three_quarters,half,B,3,65.000000
upstream_peak__a_three_quarters__b_half,upstream_peak,three_quarters,half,B,4,65.000000
upstream_peak__a_three_quarters__b_half,upstream_peak,three_quarters,half,B,5,65.000000
upstream_peak__a_three_quarters__b_half,upstream_peak,three_quarters,half,B,6,65.000000
upstream_peak__a_three_quarters__b_half,upstream_peak,three_quarters,half,B,7,65.000000
upstream_peak__a_three_quarters__b_half,upstream_peak,three_quarters,half,B,8,65.000000
upstream_peak__a_three_quarters__b_half,upstream_peak,three_quarters,half,B,9,65.000000
upstream_peak__a_three_quarters__b_half,upstream_peak,three_quarters,half,B,10,65.000000
upstream_peak__a_three_quarters__b_half,upstream_peak,three_quarters,half,B,11,65.000000
upstream_peak__a_three_quarters__b_half,upstream_peak,three_quarters,half,B,12,65.000000
upstream_peak__a_three_quarters__b_half,upstream_peak,three_quarters,half,B,13,65.000000
upstream_peak__a_three_quarters__b_half,upstream_peak,three_quarters,half,B,14,65.000000
upstream_peak__a_three_quarters__b_half,upstream_peak,three_quarters,half,B,15,65.000000
upstream_peak__a_three_quarters__b_half,upstream_peak,three_quarters,half,B,16,65.000000
upstream_peak__a_three_quarters__b_half,upstream_peak,three_quarters,half,B,17,65.000000
upstream_peak__a_three_quarters__b_half,upstream_peak,three_quarters,half,B,18,65.000000
upstream_peak__a_three_quarters__b_half,upstream_peak,three_quarters,half,B,19,65.000000
upstream_peak__a_three_quarters__b_half,upstream_peak,three_quarters,half,B,20,65.000000
upstream_peak__a_three_quarters__b_half,upstream_peak,three_quarters,half,B,21,65.000000
upstream_peak__a_three_quarters__b_half,upstream_peak,three_quarters,half,B,22,65.000000
upstream_peak__a_three_quarters__b_half,upstream_peak,three_quarters,half,B,23,65.000000
upstream_peak__a_three_quarters__b_three_quarters,upstream_peak,three_quarters,three_quarters,A,0,107.250000
upstream_peak__a_three_quarters__b_three_quarters,upstream_peak,three_quarters,three_quarters,A,1,107.250000
upstream_peak__a_three_quarters__b_three_quarters,upstream_peak,three_quarters,three_quarters,A,2,107.250000
upstream_peak__a_three_quarters__b_three_quarters,upstream_peak,three_quarters,three_quarters,A,3,107.250000
upstream_peak__a_three_quarters__b_three_quarters,upstream_peak,three_quarters,three_quarters,A,4,107.250000
upstream_peak__a_three_quarters__b_three_quarters,upstream_peak,three_quarters,three_quarters,A,5,107.250000
upstream_peak__a_three_quarters__b_three_quarters,upstream_peak,three_quarters,three_quarters,A,6,107.250000
upstream_peak__a_three_quarters__b_three_quarters,upstream_peak,three_quarters,three_quarters,A,7,107.250000
upstream_peak__a_three_quarters__b_three_quarters,upstream_peak,three_quarters,three_quarters,A,8,107.250000
upstream_peak__a_three_quarters__b_three_quarters,upstream_peak,three_quarters,three_quarters,A,9,107.250000
upstream_peak__a_three_quarters__b_three_quarters,upstream_peak,three_quarters,three_quarters,A,10,107.250000
upstream_peak__a_three_quarters__b_three_quarters,upstream_peak,three_quarters,three_quarters,A,11,107.250000
upstream_peak__a_three_quarters__b_three_quarters,upstream_peak,three_quarters,three_quarters,A,12,107.250000
upstream_peak__a_three_quarters__b_three_quarters,upstream_peak,three_quarters,three_quarters,A,13,107.250000
upstream_peak__a_three_quarters__b_three_quarters,upstream_peak,three_quarters,three_quarters,A,14,107.250000
upstream_peak__a_three_quarters__b_three_quarters,upstream_peak,three_quarters,three_quarters,A,15,107.250000
upstream_peak__a_three_quarters__b_three_quarters,upstream_peak,three_quarters,three_quarters,A,16,107.250000
upstream_peak__a_three_quarters__b_three_quarters,upstream_peak,three_quarters,three_quarters,A,17,107.250000
upstream_peak__a_three_quarters__b_three_quarters,upstream_peak,three_quarters,three_quarters,A,18,107.250000
upstream_peak__a_three_quarters__b_three_quarters,upstream_peak,three_quarters,three_quarters,A,19,107.250000
upstream_peak__a_three_quarters__b_three_quarters,upstream_peak,three_quarters,three_quarters,A,20,107.250000
upstream_peak__a_three_quarters__b_three_quarters,upstream_peak,three_quarters,three_quarters,A,21,107.250000
upstream_peak__a_three_quarters__b_three_quarters,upstream_peak,three_quarters,three_quarters,A,22,107.250000
upstream_peak__a_three_quarters__b_three_quarters,upstream_peak,three_quarters,three_quarters,A,23,107.250000
upstream_peak__a_three_quarters__b_three_quarters,upstream_peak,three_quarters,three_quarters,B,0,81.500000
upstream_peak__a_three_quarters__b_three_quarters,upstream_peak,three_quarters,three_quarters,B,1,81.500000
upstream_peak__a_three_quarters__b_three_quarters,upstream_peak,three_quarters,three_quarters,B,2,81.500000
upstream_peak__a_three_quarters__b_three_quarters,upstream_peak,three_quarters,three_quarters,B,3,81.500000
upstream_peak__a_three_quarters__b_three_quarters,upstream_peak,three_quarters,three_quarters,B,4,81.500000
upstream_peak__a_three_quarters__b_three_quarters,upstream_peak,three_quarters,three_quarters,B,5,81.500000
upstream_peak__a_three_quarters__b_three_quarters,upstream_peak,three_quarters,three_quarters,B,6,81.500000
upstream_peak__a_three_quarters__b_three_quarters,upstream_peak,three_quarters,three_quarters,B,7,81.500000
upstream_peak__a_three_quarters__b_three_quarters,upstream_peak,three_quarters,three_quarters,B,8,81.500000
upstream_peak__a_three_quarters__b_three_quarters,upstream_peak,three_quarters,three_quarters,B,9,81.500000
upstream_peak__a_three_quarters__b_three_quarters,upstream_peak,three_quarters,three_quarters,B,10,81.500000
upstream_peak__a_three_quarters__b_three_quarters,upstream_peak,three_quarters,three_quarters,B,11,81.500000
upstream_peak__a_three_quarters__b_three_quarters,upstream_peak,three_quarters,three_quarters,B,12,81.500000
upstream_peak__a_three_quarters__b_three_quarters,upstream_peak,three_quarters,three_quarters,B,13,81.500000
upstream_peak__a_three_quarters__b_three_quarters,upstream_peak,three_quarters,three_quarters,B,14,81.500000
upstream_peak__a_three_quarters__b_three_quarters,upstream_peak,three_quarters,three_quarters,B,15,81.500000
upstream_peak__a_three_quarters__b_three_quarters,upstream_peak,three_quarters,three_quarters,B,16,81.500000
upstream_peak__a_three_quarters__b_three_quarters,upstream_peak,three_quarters,three_quarters,B,17,81.500000
upstream_peak__a_three_quarters__b_three_quarters,upstream_peak,three_quarters,three_quarters,B,18,81.500000
upstream_peak__a_three_quarters__b_three_quarters,upstream_peak,three_quarters,three_quarters,B,19,81.500000
upstream_peak__a_three_quarters__b_three_quarters,upstream_peak,three_quarters,three_quarters,B,20,81.500000
upstream_peak__a_three_quarters__b_three_quarters,upstream_peak,three_quarters,three_quarters,B,21,81.500000
upstream_peak__a_three_quarters__b_three_quarters,upstream_peak,three_quarters,three_quarters,B,22,81.500000
upstream_peak__a_three_quarters__b_three_quarters,upstream_peak,three_quarters,three_quarters,B,23,81.500000
upstream_peak__a_three_quarters__b_maximum,upstream_peak,three_quarters,maximum,A,0,107.250000
upstream_peak__a_three_quarters__b_maximum,upstream_peak,three_quarters,maximum,A,1,107.250000
upstream_peak__a_three_quarters__b_maximum,upstream_peak,three_quarters,maximum,A,2,107.250000
upstream_peak__a_three_quarters__b_maximum,upstream_peak,three_quarters,maximum,A,3,107.250000
upstream_peak__a_three_quarters__b_maximum,upstream_peak,three_quarters,maximum,A,4,107.250000
upstream_peak__a_three_quarters__b_maximum,upstream_peak,three_quarters,maximum,A,5,107.250000
upstream_peak__a_three_quarters__b_maximum,upstream_peak,three_quarters,maximum,A,6,107.250000
upstream_peak__a_three_quarters__b_maximum,upstream_peak,three_quarters,maximum,A,7,107.250000
upstream_peak__a_three_quarters__b_maximum,upstream_peak,three_quarters,maximum,A,8,107.250000
upstream_peak__a_three_quarters__b_maximum,upstream_peak,three_quarters,maximum,A,9,107.250000
upstream_peak__a_three_quarters__b_maximum,upstream_peak,three_quarters,maximum,A,10,107.250000
upstream_peak__a_three_quarters__b_maximum,upstream_peak,three_quarters,maximum,A,11,107.250000
upstream_peak__a_three_quarters__b_maximum,upstream_peak,three_quarters,maximum,A,12,107.250000
upstream_peak__a_three_quarters__b_maximum,upstream_peak,three_quarters,maximum,A,13,107.250000
upstream_peak__a_three_quarters__b_maximum,upstream_peak,three_quarters,maximum,A,14,107.250000
upstream_peak__a_three_quarters__b_maximum,upstream_peak,three_quarters,maximum,A,15,107.250000
upstream_peak__a_three_quarters__b_maximum,upstream_peak,three_quarters,maximum,A,16,107.250000
upstream_peak__a_three_quarters__b_maximum,upstream_peak,three_quarters,maximum,A,17,107.250000
upstream_peak__a_three_quarters__b_maximum,upstream_peak,three_quarters,maximum,A,18,107.250000
upstream_peak__a_three_quarters__b_maximum,upstream_peak,three_quarters,maximum,A,19,107.250000
upstream_peak__a_three_quarters__b_maximum,upstream_peak,three_quarters,maximum,A,20,107.250000
upstream_peak__a_three_quarters__b_maximum,upstream_peak,three_quarters,maximum,A,21,107.250000
upstream_peak__a_three_quarters__b_maximum,upstream_peak,three_quarters,maximum,A,22,107.250000
upstream_peak__a_three_quarters__b_maximum,upstream_peak,three_quarters,maximum,A,23,107.250000
upstream_peak__a_three_quarters__b_maximum,upstream_peak,three_quarters,maximum,B,0,98.000000
upstream_peak__a_three_quarters__b_maximum,upstream_peak,three_quarters,maximum,B,1,98.000000
upstream_peak__a_three_quarters__b_maximum,upstream_peak,three_quarters,maximum,B,2,98.000000
upstream_peak__a_three_quarters__b_maximum,upstream_peak,three_quarters,maximum,B,3,98.000000
upstream_peak__a_three_quarters__b_maximum,upstream_peak,three_quarters,maximum,B,4,98.000000
upstream_peak__a_three_quarters__b_maximum,upstream_peak,three_quarters,maximum,B,5,98.000000
upstream_peak__a_three_quarters__b_maximum,upstream_peak,three_quarters,maximum,B,6,98.000000
upstream_peak__a_three_quarters__b_maximum,upstream_peak,three_quarters,maximum,B,7,98.000000
upstream_peak__a_three_quarters__b_maximum,upstream_peak,three_quarters,maximum,B,8,98.000000
upstream_peak__a_three_quarters__b_maximum,upstream_peak,three_quarters,maximum,B,9,98.000000
upstream_peak__a_three_quarters__b_maximum,upstream_peak,three_quarters,maximum,B,10,98.000000
upstream_peak__a_three_quarters__b_maximum,upstream_peak,three_quarters,maximum,B,11,98.000000
upstream_peak__a_three_quarters__b_maximum,upstream_peak,three_quarters,maximum,B,12,98.000000
upstream_peak__a_three_quarters__b_maximum,upstream_peak,three_quarters,maximum,B,13,98.000000
upstream_peak__a_three_quarters__b_maximum,upstream_peak,three_quarters,maximum,B,14,98.000000
upstream_peak__a_three_quarters__b_maximum,upstream_peak,three_quarters,maximum,B,15,98.000000
upstream_peak__a_three_quarters__b_maximum,upstream_peak,three_quarters,maximum,B,16,98.000000
upstream_peak__a_three_quarters__b_maximum,upstream_peak,three_quarters,maximum,B,17,98.000000
upstream_peak__a_three_quarters__b_maximum,upstream_peak,three_quarters,maximum,B,18,98.000000
upstream_peak__a_three_quarters__b_maximum,upstream_peak,three_quarters,maximum,B,19,98.000000
upstream_peak__a_three_quarters__b_maximum,upstream_peak,three_quarters,maximum,B,20,98.000000
upstream_peak__a_three_quarters__b_maximum,upstream_peak,three_quarters,maximum,B,21,98.000000
upstream_peak__a_three_quarters__b_maximum,upstream_peak,three_quarters,maximum,B,22,98.000000
upstream_peak__a_three_quarters__b_maximum,upstream_peak,three_quarters,maximum,B,23,98.000000
upstream_peak__a_maximum__b_off,upstream_peak,maximum,off,A,0,128.000000
upstream_peak__a_maximum__b_off,upstream_peak,maximum,off,A,1,128.000000
upstream_peak__a_maximum__b_off,upstream_peak,maximum,off,A,2,128.000000
upstream_peak__a_maximum__b_off,upstream_peak,maximum,off,A,3,128.000000
upstream_peak__a_maximum__b_off,upstream_peak,maximum,off,A,4,128.000000
upstream_peak__a_maximum__b_off,upstream_peak,maximum,off,A,5,128.000000
upstream_peak__a_maximum__b_off,upstream_peak,maximum,off,A,6,128.000000
upstream_peak__a_maximum__b_off,upstream_peak,maximum,off,A,7,128.000000
upstream_peak__a_maximum__b_off,upstream_peak,maximum,off,A,8,128.000000
upstream_peak__a_maximum__b_off,upstream_peak,maximum,off,A,9,128.000000
upstream_peak__a_maximum__b_off,upstream_peak,maximum,off,A,10,128.000000
upstream_peak__a_maximum__b_off,upstream_peak,maximum,off,A,11,128.000000
upstream_peak__a_maximum__b_off,upstream_peak,maximum,off,A,12,128.000000
upstream_peak__a_maximum__b_off,upstream_peak,maximum,off,A,13,128.000000
upstream_peak__a_maximum__b_off,upstream_peak,maximum,off,A,14,128.000000
upstream_peak__a_maximum__b_off,upstream_peak,maximum,off,A,15,128.000000
upstream_peak__a_maximum__b_off,upstream_peak,maximum,off,A,16,128.000000
upstream_peak__a_maximum__b_off,upstream_peak,maximum,off,A,17,128.000000
upstream_peak__a_maximum__b_off,upstream_peak,maximum,off,A,18,128.000000
upstream_peak__a_maximum__b_off,upstream_peak,maximum,off,A,19,128.000000
upstream_peak__a_maximum__b_off,upstream_peak,maximum,off,A,20,128.000000
upstream_peak__a_maximum__b_off,upstream_peak,maximum,off,A,21,128.000000
upstream_peak__a_maximum__b_off,upstream_peak,maximum,off,A,22,128.000000
upstream_peak__a_maximum__b_off,upstream_peak,maximum,off,A,23,128.000000
upstream_peak__a_maximum__b_off,upstream_peak,maximum,off,B,0,0.000000
upstream_peak__a_maximum__b_off,upstream_peak,maximum,off,B,1,0.000000
upstream_peak__a_maximum__b_off,upstream_peak,maximum,off,B,2,0.000000
upstream_peak__a_maximum__b_off,upstream_peak,maximum,off,B,3,0.000000
upstream_peak__a_maximum__b_off,upstream_peak,maximum,off,B,4,0.000000
upstream_peak__a_maximum__b_off,upstream_peak,maximum,off,B,5,0.000000
upstream_peak__a_maximum__b_off,upstream_peak,maximum,off,B,6,0.000000
upstream_peak__a_maximum__b_off,upstream_peak,maximum,off,B,7,0.000000
upstream_peak__a_maximum__b_off,upstream_peak,maximum,off,B,8,0.000000
upstream_peak__a_maximum__b_off,upstream_peak,maximum,off,B,9,0.000000
upstream_peak__a_maximum__b_off,upstream_peak,maximum,off,B,10,0.000000
upstream_peak__a_maximum__b_off,upstream_peak,maximum,off,B,11,0.000000
upstream_peak__a_maximum__b_off,upstream_peak,maximum,off,B,12,0.000000
upstream_peak__a_maximum__b_off,upstream_peak,maximum,off,B,13,0.000000
upstream_peak__a_maximum__b_off,upstream_peak,maximum,off,B,14,0.000000
upstream_peak__a_maximum__b_off,upstream_peak,maximum,off,B,15,0.000000
upstream_peak__a_maximum__b_off,upstream_peak,maximum,off,B,16,0.000000
upstream_peak__a_maximum__b_off,upstream_peak,maximum,off,B,17,0.000000
upstream_peak__a_maximum__b_off,upstream_peak,maximum,off,B,18,0.000000
upstream_peak__a_maximum__b_off,upstream_peak,maximum,off,B,19,0.000000
upstream_peak__a_maximum__b_off,upstream_peak,maximum,off,B,20,0.000000
upstream_peak__a_maximum__b_off,upstream_peak,maximum,off,B,21,0.000000
upstream_peak__a_maximum__b_off,upstream_peak,maximum,off,B,22,0.000000
upstream_peak__a_maximum__b_off,upstream_peak,maximum,off,B,23,0.000000
upstream_peak__a_maximum__b_minimum,upstream_peak,maximum,minimum,A,0,128.000000
upstream_peak__a_maximum__b_minimum,upstream_peak,maximum,minimum,A,1,128.000000
upstream_peak__a_maximum__b_minimum,upstream_peak,maximum,minimum,A,2,128.000000
upstream_peak__a_maximum__b_minimum,upstream_peak,maximum,minimum,A,3,128.000000
upstream_peak__a_maximum__b_minimum,upstream_peak,maximum,minimum,A,4,128.000000
upstream_peak__a_maximum__b_minimum,upstream_peak,maximum,minimum,A,5,128.000000
upstream_peak__a_maximum__b_minimum,upstream_peak,maximum,minimum,A,6,128.000000
upstream_peak__a_maximum__b_minimum,upstream_peak,maximum,minimum,A,7,128.000000
upstream_peak__a_maximum__b_minimum,upstream_peak,maximum,minimum,A,8,128.000000
upstream_peak__a_maximum__b_minimum,upstream_peak,maximum,minimum,A,9,128.000000
upstream_peak__a_maximum__b_minimum,upstream_peak,maximum,minimum,A,10,128.000000
upstream_peak__a_maximum__b_minimum,upstream_peak,maximum,minimum,A,11,128.000000
upstream_peak__a_maximum__b_minimum,upstream_peak,maximum,minimum,A,12,128.000000
upstream_peak__a_maximum__b_minimum,upstream_peak,maximum,minimum,A,13,128.000000
upstream_peak__a_maximum__b_minimum,upstream_peak,maximum,minimum,A,14,128.000000
upstream_peak__a_maximum__b_minimum,upstream_peak,maximum,minimum,A,15,128.000000
upstream_peak__a_maximum__b_minimum,upstream_peak,maximum,minimum,A,16,128.000000
upstream_peak__a_maximum__b_minimum,upstream_peak,maximum,minimum,A,17,128.000000
upstream_peak__a_maximum__b_minimum,upstream_peak,maximum,minimum,A,18,128.000000
upstream_peak__a_maximum__b_minimum,upstream_peak,maximum,minimum,A,19,128.000000
upstream_peak__a_maximum__b_minimum,upstream_peak,maximum,minimum,A,20,128.000000
upstream_peak__a_maximum__b_minimum,upstream_peak,maximum,minimum,A,21,128.000000
upstream_peak__a_maximum__b_minimum,upstream_peak,maximum,minimum,A,22,128.000000
upstream_peak__a_maximum__b_minimum,upstream_peak,maximum,minimum,A,23,128.000000
upstream_peak__a_maximum__b_minimum,upstream_peak,maximum,minimum,B,0,32.000000
upstream_peak__a_maximum__b_minimum,upstream_peak,maximum,minimum,B,1,32.000000
upstream_peak__a_maximum__b_minimum,upstream_peak,maximum,minimum,B,2,32.000000
upstream_peak__a_maximum__b_minimum,upstream_peak,maximum,minimum,B,3,32.000000
upstream_peak__a_maximum__b_minimum,upstream_peak,maximum,minimum,B,4,32.000000
upstream_peak__a_maximum__b_minimum,upstream_peak,maximum,minimum,B,5,32.000000
upstream_peak__a_maximum__b_minimum,upstream_peak,maximum,minimum,B,6,32.000000
upstream_peak__a_maximum__b_minimum,upstream_peak,maximum,minimum,B,7,32.000000
upstream_peak__a_maximum__b_minimum,upstream_peak,maximum,minimum,B,8,32.000000
upstream_peak__a_maximum__b_minimum,upstream_peak,maximum,minimum,B,9,32.000000
upstream_peak__a_maximum__b_minimum,upstream_peak,maximum,minimum,B,10,32.000000
upstream_peak__a_maximum__b_minimum,upstream_peak,maximum,minimum,B,11,32.000000
upstream_peak__a_maximum__b_minimum,upstream_peak,maximum,minimum,B,12,32.000000
upstream_peak__a_maximum__b_minimum,upstream_peak,maximum,minimum,B,13,32.000000
upstream_peak__a_maximum__b_minimum,upstream_peak,maximum,minimum,B,14,32.000000
upstream_peak__a_maximum__b_minimum,upstream_peak,maximum,minimum,B,15,32.000000
upstream_peak__a_maximum__b_minimum,upstream_peak,maximum,minimum,B,16,32.000000
upstream_peak__a_maximum__b_minimum,upstream_peak,maximum,minimum,B,17,32.000000
upstream_peak__a_maximum__b_minimum,upstream_peak,maximum,minimum,B,18,32.000000
upstream_peak__a_maximum__b_minimum,upstream_peak,maximum,minimum,B,19,32.000000
upstream_peak__a_maximum__b_minimum,upstream_peak,maximum,minimum,B,20,32.000000
upstream_peak__a_maximum__b_minimum,upstream_peak,maximum,minimum,B,21,32.000000
upstream_peak__a_maximum__b_minimum,upstream_peak,maximum,minimum,B,22,32.000000
upstream_peak__a_maximum__b_minimum,upstream_peak,maximum,minimum,B,23,32.000000
upstream_peak__a_maximum__b_quarter,upstream_peak,maximum,quarter,A,0,128.000000
upstream_peak__a_maximum__b_quarter,upstream_peak,maximum,quarter,A,1,128.000000
upstream_peak__a_maximum__b_quarter,upstream_peak,maximum,quarter,A,2,128.000000
upstream_peak__a_maximum__b_quarter,upstream_peak,maximum,quarter,A,3,128.000000
upstream_peak__a_maximum__b_quarter,upstream_peak,maximum,quarter,A,4,128.000000
upstream_peak__a_maximum__b_quarter,upstream_peak,maximum,quarter,A,5,128.000000
upstream_peak__a_maximum__b_quarter,upstream_peak,maximum,quarter,A,6,128.000000
upstream_peak__a_maximum__b_quarter,upstream_peak,maximum,quarter,A,7,128.000000
upstream_peak__a_maximum__b_quarter,upstream_peak,maximum,quarter,A,8,128.000000
upstream_peak__a_maximum__b_quarter,upstream_peak,maximum,quarter,A,9,128.000000
upstream_peak__a_maximum__b_quarter,upstream_peak,maximum,quarter,A,10,128.000000
upstream_peak__a_maximum__b_quarter,upstream_peak,maximum,quarter,A,11,128.000000
upstream_peak__a_maximum__b_quarter,upstream_peak,maximum,quarter,A,12,128.000000
upstream_peak__a_maximum__b_quarter,upstream_peak,maximum,quarter,A,13,128.000000
upstream_peak__a_maximum__b_quarter,upstream_peak,maximum,quarter,A,14,128.000000
upstream_peak__a_maximum__b_quarter,upstream_peak,maximum,quarter,A,15,128.000000
upstream_peak__a_maximum__b_quarter,upstream_peak,maximum,quarter,A,16,128.000000
upstream_peak__a_maximum__b_quarter,upstream_peak,maximum,quarter,A,17,128.000000
upstream_peak__a_maximum__b_quarter,upstream_peak,maximum,quarter,A,18,128.000000
upstream_peak__a_maximum__b_quarter,upstream_peak,maximum,quarter,A,19,128.000000
upstream_peak__a_maximum__b_quarter,upstream_peak,maximum,quarter,A,20,128.000000
upstream_peak__a_maximum__b_quarter,upstream_peak,maximum,quarter,A,21,128.000000
upstream_peak__a_maximum__b_quarter,upstream_peak,maximum,quarter,A,22,128.000000
upstream_peak__a_maximum__b_quarter,upstream_peak,maximum,quarter,A,23,128.000000
upstream_peak__a_maximum__b_quarter,upstream_peak,maximum,quarter,B,0,48.500000
upstream_peak__a_maximum__b_quarter,upstream_peak,maximum,quarter,B,1,48.500000
upstream_peak__a_maximum__b_quarter,upstream_peak,maximum,quarter,B,2,48.500000
upstream_peak__a_maximum__b_quarter,upstream_peak,maximum,quarter,B,3,48.500000
upstream_peak__a_maximum__b_quarter,upstream_peak,maximum,quarter,B,4,48.500000
upstream_peak__a_maximum__b_quarter,upstream_peak,maximum,quarter,B,5,48.500000
upstream_peak__a_maximum__b_quarter,upstream_peak,maximum,quarter,B,6,48.500000
upstream_peak__a_maximum__b_quarter,upstream_peak,maximum,quarter,B,7,48.500000
upstream_peak__a_maximum__b_quarter,upstream_peak,maximum,quarter,B,8,48.500000
upstream_peak__a_maximum__b_quarter,upstream_peak,maximum,quarter,B,9,48.500000
upstream_peak__a_maximum__b_quarter,upstream_peak,maximum,quarter,B,10,48.500000
upstream_peak__a_maximum__b_quarter,upstream_peak,maximum,quarter,B,11,48.500000
upstream_peak__a_maximum__b_quarter,upstream_peak,maximum,quarter,B,12,48.500000
upstream_peak__a_maximum__b_quarter,upstream_peak,maximum,quarter,B,13,48.500000
upstream_peak__a_maximum__b_quarter,upstream_peak,maximum,quarter,B,14,48.500000
upstream_peak__a_maximum__b_quarter,upstream_peak,maximum,quarter,B,15,48.500000
upstream_peak__a_maximum__b_quarter,upstream_peak,maximum,quarter,B,16,48.500000
upstream_peak__a_maximum__b_quarter,upstream_peak,maximum,quarter,B,17,48.500000
upstream_peak__a_maximum__b_quarter,upstream_peak,maximum,quarter,B,18,48.500000
upstream_peak__a_maximum__b_quarter,upstream_peak,maximum,quarter,B,19,48.500000
upstream_peak__a_maximum__b_quarter,upstream_peak,maximum,quarter,B,20,48.500000
upstream_peak__a_maximum__b_quarter,upstream_peak,maximum,quarter,B,21,48.500000
upstream_peak__a_maximum__b_quarter,upstream_peak,maximum,quarter,B,22,48.500000
upstream_peak__a_maximum__b_quarter,upstream_peak,maximum,quarter,B,23,48.500000
upstream_peak__a_maximum__b_half,upstream_peak,maximum,half,A,0,128.000000
upstream_peak__a_maximum__b_half,upstream_peak,maximum,half,A,1,128.000000
upstream_peak__a_maximum__b_half,upstream_peak,maximum,half,A,2,128.000000
upstream_peak__a_maximum__b_half,upstream_peak,maximum,half,A,3,128.000000
upstream_peak__a_maximum__b_half,upstream_peak,maximum,half,A,4,128.000000
upstream_peak__a_maximum__b_half,upstream_peak,maximum,half,A,5,128.000000
upstream_peak__a_maximum__b_half,upstream_peak,maximum,half,A,6,128.000000
upstream_peak__a_maximum__b_half,upstream_peak,maximum,half,A,7,128.000000
upstream_peak__a_maximum__b_half,upstream_peak,maximum,half,A,8,128.000000
upstream_peak__a_maximum__b_half,upstream_peak,maximum,half,A,9,128.000000
upstream_peak__a_maximum__b_half,upstream_peak,maximum,half,A,10,128.000000
upstream_peak__a_maximum__b_half,upstream_peak,maximum,half,A,11,128.000000
upstream_peak__a_maximum__b_half,upstream_peak,maximum,half,A,12,128.000000
upstream_peak__a_maximum__b_half,upstream_peak,maximum,half,A,13,128.000000
upstream_peak__a_maximum__b_half,upstream_peak,maximum,half,A,14,128.000000
upstream_peak__a_maximum__b_half,upstream_peak,maximum,half,A,15,128.000000
upstream_peak__a_maximum__b_half,upstream_peak,maximum,half,A,16,128.000000
upstream_peak__a_maximum__b_half,upstream_peak,maximum,half,A,17,128.000000
upstream_peak__a_maximum__b_half,upstream_peak,maximum,half,A,18,128.000000
upstream_peak__a_maximum__b_half,upstream_peak,maximum,half,A,19,128.000000
upstream_peak__a_maximum__b_half,upstream_peak,maximum,half,A,20,128.000000
upstream_peak__a_maximum__b_half,upstream_peak,maximum,half,A,21,128.000000
upstream_peak__a_maximum__b_half,upstream_peak,maximum,half,A,22,128.000000
upstream_peak__a_maximum__b_half,upstream_peak,maximum,half,A,23,128.000000
upstream_peak__a_maximum__b_half,upstream_peak,maximum,half,B,0,65.000000
upstream_peak__a_maximum__b_half,upstream_peak,maximum,half,B,1,65.000000
upstream_peak__a_maximum__b_half,upstream_peak,maximum,half,B,2,65.000000
upstream_peak__a_maximum__b_half,upstream_peak,maximum,half,B,3,65.000000
upstream_peak__a_maximum__b_half,upstream_peak,maximum,half,B,4,65.000000
upstream_peak__a_maximum__b_half,upstream_peak,maximum,half,B,5,65.000000
upstream_peak__a_maximum__b_half,upstream_peak,maximum,half,B,6,65.000000
upstream_peak__a_maximum__b_half,upstream_peak,maximum,half,B,7,65.000000
upstream_peak__a_maximum__b_half,upstream_peak,maximum,half,B,8,65.000000
upstream_peak__a_maximum__b_half,upstream_peak,maximum,half,B,9,65.000000
upstream_peak__a_maximum__b_half,upstream_peak,maximum,half,B,10,65.000000
upstream_peak__a_maximum__b_half,upstream_peak,maximum,half,B,11,65.000000
upstream_peak__a_maximum__b_half,upstream_peak,maximum,half,B,12,65.000000
upstream_peak__a_maximum__b_half,upstream_peak,maximum,half,B,13,65.000000
upstream_peak__a_maximum__b_half,upstream_peak,maximum,half,B,14,65.000000
upstream_peak__a_maximum__b_half,upstream_peak,maximum,half,B,15,65.000000
upstream_peak__a_maximum__b_half,upstream_peak,maximum,half,B,16,65.000000
upstream_peak__a_maximum__b_half,upstream_peak,maximum,half,B,17,65.000000
upstream_peak__a_maximum__b_half,upstream_peak,maximum,half,B,18,65.000000
upstream_peak__a_maximum__b_half,upstream_peak,maximum,half,B,19,65.000000
upstream_peak__a_maximum__b_half,upstream_peak,maximum,half,B,20,65.000000
upstream_peak__a_maximum__b_half,upstream_peak,maximum,half,B,21,65.000000
upstream_peak__a_maximum__b_half,upstream_peak,maximum,half,B,22,65.000000
upstream_peak__a_maximum__b_half,upstream_peak,maximum,half,B,23,65.000000
upstream_peak__a_maximum__b_three_quarters,upstream_peak,maximum,three_quarters,A,0,128.000000
upstream_peak__a_maximum__b_three_quarters,upstream_peak,maximum,three_quarters,A,1,128.000000
upstream_peak__a_maximum__b_three_quarters,upstream_peak,maximum,three_quarters,A,2,128.000000
upstream_peak__a_maximum__b_three_quarters,upstream_peak,maximum,three_quarters,A,3,128.000000
upstream_peak__a_maximum__b_three_quarters,upstream_peak,maximum,three_quarters,A,4,128.000000
upstream_peak__a_maximum__b_three_quarters,upstream_peak,maximum,three_quarters,A,5,128.000000
upstream_peak__a_maximum__b_three_quarters,upstream_peak,maximum,three_quarters,A,6,128.000000
upstream_peak__a_maximum__b_three_quarters,upstream_peak,maximum,three_quarters,A,7,128.000000
upstream_peak__a_maximum__b_three_quarters,upstream_peak,maximum,three_quarters,A,8,128.000000
upstream_peak__a_maximum__b_three_quarters,upstream_peak,maximum,three_quarters,A,9,128.000000
upstream_peak__a_maximum__b_three_quarters,upstream_peak,maximum,three_quarters,A,10,128.000000
upstream_peak__a_maximum__b_three_quarters,upstream_peak,maximum,three_quarters,A,11,128.000000
upstream_peak__a_maximum__b_three_quarters,upstream_peak,maximum,three_quarters,A,12,128.000000
upstream_peak__a_maximum__b_three_quarters,upstream_peak,maximum,three_quarters,A,13,128.000000
upstream_peak__a_maximum__b_three_quarters,upstream_peak,maximum,three_quarters,A,14,128.000000
upstream_peak__a_maximum__b_three_quarters,upstream_peak,maximum,three_quarters,A,15,128.000000
upstream_peak__a_maximum__b_three_quarters,upstream_peak,maximum,three_quarters,A,16,128.000000
upstream_peak__a_maximum__b_three_quarters,upstream_peak,maximum,three_quarters,A,17,128.000000
upstream_peak__a_maximum__b_three_quarters,upstream_peak,maximum,three_quarters,A,18,128.000000
upstream_peak__a_maximum__b_three_quarters,upstream_peak,maximum,three_quarters,A,19,128.000000
upstream_peak__a_maximum__b_three_quarters,upstream_peak,maximum,three_quarters,A,20,128.000000
upstream_peak__a_maximum__b_three_quarters,upstream_peak,maximum,three_quarters,A,21,128.000000
upstream_peak__a_maximum__b_three_quarters,upstream_peak,maximum,three_quarters,A,22,128.000000
upstream_peak__a_maximum__b_three_quarters,upstream_peak,maximum,three_quarters,A,23,128.000000
upstream_peak__a_maximum__b_three_quarters,upstream_peak,maximum,three_quarters,B,0,81.500000
upstream_peak__a_maximum__b_three_quarters,upstream_peak,maximum,three_quarters,B,1,81.500000
upstream_peak__a_maximum__b_three_quarters,upstream_peak,maximum,three_quarters,B,2,81.500000
upstream_peak__a_maximum__b_three_quarters,upstream_peak,maximum,three_quarters,B,3,81.500000
upstream_peak__a_maximum__b_three_quarters,upstream_peak,maximum,three_quarters,B,4,81.500000
upstream_peak__a_maximum__b_three_quarters,upstream_peak,maximum,three_quarters,B,5,81.500000
upstream_peak__a_maximum__b_three_quarters,upstream_peak,maximum,three_quarters,B,6,81.500000
upstream_peak__a_maximum__b_three_quarters,upstream_peak,maximum,three_quarters,B,7,81.500000
upstream_peak__a_maximum__b_three_quarters,upstream_peak,maximum,three_quarters,B,8,81.500000
upstream_peak__a_maximum__b_three_quarters,upstream_peak,maximum,three_quarters,B,9,81.500000
upstream_peak__a_maximum__b_three_quarters,upstream_peak,maximum,three_quarters,B,10,81.500000
upstream_peak__a_maximum__b_three_quarters,upstream_peak,maximum,three_quarters,B,11,81.500000
upstream_peak__a_maximum__b_three_quarters,upstream_peak,maximum,three_quarters,B,12,81.500000
upstream_peak__a_maximum__b_three_quarters,upstream_peak,maximum,three_quarters,B,13,81.500000
upstream_peak__a_maximum__b_three_quarters,upstream_peak,maximum,three_quarters,B,14,81.500000
upstream_peak__a_maximum__b_three_quarters,upstream_peak,maximum,three_quarters,B,15,81.500000
upstream_peak__a_maximum__b_three_quarters,upstream_peak,maximum,three_quarters,B,16,81.500000
upstream_peak__a_maximum__b_three_quarters,upstream_peak,maximum,three_quarters,B,17,81.500000
upstream_peak__a_maximum__b_three_quarters,upstream_peak,maximum,three_quarters,B,18,81.500000
upstream_peak__a_maximum__b_three_quarters,upstream_peak,maximum,three_quarters,B,19,81.500000
upstream_peak__a_maximum__b_three_quarters,upstream_peak,maximum,three_quarters,B,20,81.500000
upstream_peak__a_maximum__b_three_quarters,upstream_peak,maximum,three_quarters,B,21,81.500000
upstream_peak__a_maximum__b_three_quarters,upstream_peak,maximum,three_quarters,B,22,81.500000
upstream_peak__a_maximum__b_three_quarters,upstream_peak,maximum,three_quarters,B,23,81.500000
upstream_peak__a_maximum__b_maximum,upstream_peak,maximum,maximum,A,0,128.000000
upstream_peak__a_maximum__b_maximum,upstream_peak,maximum,maximum,A,1,128.000000
upstream_peak__a_maximum__b_maximum,upstream_peak,maximum,maximum,A,2,128.000000
upstream_peak__a_maximum__b_maximum,upstream_peak,maximum,maximum,A,3,128.000000
upstream_peak__a_maximum__b_maximum,upstream_peak,maximum,maximum,A,4,128.000000
upstream_peak__a_maximum__b_maximum,upstream_peak,maximum,maximum,A,5,128.000000
upstream_peak__a_maximum__b_maximum,upstream_peak,maximum,maximum,A,6,128.000000
upstream_peak__a_maximum__b_maximum,upstream_peak,maximum,maximum,A,7,128.000000
upstream_peak__a_maximum__b_maximum,upstream_peak,maximum,maximum,A,8,128.000000
upstream_peak__a_maximum__b_maximum,upstream_peak,maximum,maximum,A,9,128.000000
upstream_peak__a_maximum__b_maximum,upstream_peak,maximum,maximum,A,10,128.000000
upstream_peak__a_maximum__b_maximum,upstream_peak,maximum,maximum,A,11,128.000000
upstream_peak__a_maximum__b_maximum,upstream_peak,maximum,maximum,A,12,128.000000
upstream_peak__a_maximum__b_maximum,upstream_peak,maximum,maximum,A,13,128.000000
upstream_peak__a_maximum__b_maximum,upstream_peak,maximum,maximum,A,14,128.000000
upstream_peak__a_maximum__b_maximum,upstream_peak,maximum,maximum,A,15,128.000000
upstream_peak__a_maximum__b_maximum,upstream_peak,maximum,maximum,A,16,128.000000
upstream_peak__a_maximum__b_maximum,upstream_peak,maximum,maximum,A,17,128.000000
upstream_peak__a_maximum__b_maximum,upstream_peak,maximum,maximum,A,18,128.000000
upstream_peak__a_maximum__b_maximum,upstream_peak,maximum,maximum,A,19,128.000000
upstream_peak__a_maximum__b_maximum,upstream_peak,maximum,maximum,A,20,128.000000
upstream_peak__a_maximum__b_maximum,upstream_peak,maximum,maximum,A,21,128.000000
upstream_peak__a_maximum__b_maximum,upstream_peak,maximum,maximum,A,22,128.000000
upstream_peak__a_maximum__b_maximum,upstream_peak,maximum,maximum,A,23,128.000000
upstream_peak__a_maximum__b_maximum,upstream_peak,maximum,maximum,B,0,98.000000
upstream_peak__a_maximum__b_maximum,upstream_peak,maximum,maximum,B,1,98.000000
upstream_peak__a_maximum__b_maximum,upstream_peak,maximum,maximum,B,2,98.000000
upstream_peak__a_maximum__b_maximum,upstream_peak,maximum,maximum,B,3,98.000000
upstream_peak__a_maximum__b_maximum,upstream_peak,maximum,maximum,B,4,98.000000
upstream_peak__a_maximum__b_maximum,upstream_peak,maximum,maximum,B,5,98.000000
upstream_peak__a_maximum__b_maximum,upstream_peak,maximum,maximum,B,6,98.000000
upstream_peak__a_maximum__b_maximum,upstream_peak,maximum,maximum,B,7,98.000000
upstream_peak__a_maximum__b_maximum,upstream_peak,maximum,maximum,B,8,98.000000
upstream_peak__a_maximum__b_maximum,upstream_peak,maximum,maximum,B,9,98.000000
upstream_peak__a_maximum__b_maximum,upstream_peak,maximum,maximum,B,10,98.000000
upstream_peak__a_maximum__b_maximum,upstream_peak,maximum,maximum,B,11,98.000000
upstream_peak__a_maximum__b_maximum,upstream_peak,maximum,maximum,B,12,98.000000
upstream_peak__a_maximum__b_maximum,upstream_peak,maximum,maximum,B,13,98.000000
upstream_peak__a_maximum__b_maximum,upstream_peak,maximum,maximum,B,14,98.000000
upstream_peak__a_maximum__b_maximum,upstream_peak,maximum,maximum,B,15,98.000000
upstream_peak__a_maximum__b_maximum,upstream_peak,maximum,maximum,B,16,98.000000
upstream_peak__a_maximum__b_maximum,upstream_peak,maximum,maximum,B,17,98.000000
upstream_peak__a_maximum__b_maximum,upstream_peak,maximum,maximum,B,18,98.000000
upstream_peak__a_maximum__b_maximum,upstream_peak,maximum,maximum,B,19,98.000000
upstream_peak__a_maximum__b_maximum,upstream_peak,maximum,maximum,B,20,98.000000
upstream_peak__a_maximum__b_maximum,upstream_peak,maximum,maximum,B,21,98.000000
upstream_peak__a_maximum__b_maximum,upstream_peak,maximum,maximum,B,22,98.000000
upstream_peak__a_maximum__b_maximum,upstream_peak,maximum,maximum,B,23,98.000000
downstream_dominant__a_off__b_off,downstream_dominant,off,off,A,0,0.000000
downstream_dominant__a_off__b_off,downstream_dominant,off,off,A,1,0.000000
downstream_dominant__a_off__b_off,downstream_dominant,off,off,A,2,0.000000
downstream_dominant__a_off__b_off,downstream_dominant,off,off,A,3,0.000000
downstream_dominant__a_off__b_off,downstream_dominant,off,off,A,4,0.000000
downstream_dominant__a_off__b_off,downstream_dominant,off,off,A,5,0.000000
downstream_dominant__a_off__b_off,downstream_dominant,off,off,A,6,0.000000
downstream_dominant__a_off__b_off,downstream_dominant,off,off,A,7,0.000000
downstream_dominant__a_off__b_off,downstream_dominant,off,off,A,8,0.000000
downstream_dominant__a_off__b_off,downstream_dominant,off,off,A,9,0.000000
downstream_dominant__a_off__b_off,downstream_dominant,off,off,A,10,0.000000
downstream_dominant__a_off__b_off,downstream_dominant,off,off,A,11,0.000000
downstream_dominant__a_off__b_off,downstream_dominant,off,off,A,12,0.000000
downstream_dominant__a_off__b_off,downstream_dominant,off,off,A,13,0.000000
downstream_dominant__a_off__b_off,downstream_dominant,off,off,A,14,0.000000
downstream_dominant__a_off__b_off,downstream_dominant,off,off,A,15,0.000000
downstream_dominant__a_off__b_off,downstream_dominant,off,off,A,16,0.000000
downstream_dominant__a_off__b_off,downstream_dominant,off,off,A,17,0.000000
downstream_dominant__a_off__b_off,downstream_dominant,off,off,A,18,0.000000
downstream_dominant__a_off__b_off,downstream_dominant,off,off,A,19,0.000000
downstream_dominant__a_off__b_off,downstream_dominant,off,off,A,20,0.000000
downstream_dominant__a_off__b_off,downstream_dominant,off,off,A,21,0.000000
downstream_dominant__a_off__b_off,downstream_dominant,off,off,A,22,0.000000
downstream_dominant__a_off__b_off,downstream_dominant,off,off,A,23,0.000000
downstream_dominant__a_off__b_off,downstream_dominant,off,off,B,0,0.000000
downstream_dominant__a_off__b_off,downstream_dominant,off,off,B,1,0.000000
downstream_dominant__a_off__b_off,downstream_dominant,off,off,B,2,0.000000
downstream_dominant__a_off__b_off,downstream_dominant,off,off,B,3,0.000000
downstream_dominant__a_off__b_off,downstream_dominant,off,off,B,4,0.000000
downstream_dominant__a_off__b_off,downstream_dominant,off,off,B,5,0.000000
downstream_dominant__a_off__b_off,downstream_dominant,off,off,B,6,0.000000
downstream_dominant__a_off__b_off,downstream_dominant,off,off,B,7,0.000000
downstream_dominant__a_off__b_off,downstream_dominant,off,off,B,8,0.000000
downstream_dominant__a_off__b_off,downstream_dominant,off,off,B,9,0.000000
downstream_dominant__a_off__b_off,downstream_dominant,off,off,B,10,0.000000
downstream_dominant__a_off__b_off,downstream_dominant,off,off,B,11,0.000000
downstream_dominant__a_off__b_off,downstream_dominant,off,off,B,12,0.000000
downstream_dominant__a_off__b_off,downstream_dominant,off,off,B,13,0.000000
downstream_dominant__a_off__b_off,downstream_dominant,off,off,B,14,0.000000
downstream_dominant__a_off__b_off,downstream_dominant,off,off,B,15,0.000000
downstream_dominant__a_off__b_off,downstream_dominant,off,off,B,16,0.000000
downstream_dominant__a_off__b_off,downstream_dominant,off,off,B,17,0.000000
downstream_dominant__a_off__b_off,downstream_dominant,off,off,B,18,0.000000
downstream_dominant__a_off__b_off,downstream_dominant,off,off,B,19,0.000000
downstream_dominant__a_off__b_off,downstream_dominant,off,off,B,20,0.000000
downstream_dominant__a_off__b_off,downstream_dominant,off,off,B,21,0.000000
downstream_dominant__a_off__b_off,downstream_dominant,off,off,B,22,0.000000
downstream_dominant__a_off__b_off,downstream_dominant,off,off,B,23,0.000000
downstream_dominant__a_off__b_minimum,downstream_dominant,off,minimum,A,0,0.000000
downstream_dominant__a_off__b_minimum,downstream_dominant,off,minimum,A,1,0.000000
downstream_dominant__a_off__b_minimum,downstream_dominant,off,minimum,A,2,0.000000
downstream_dominant__a_off__b_minimum,downstream_dominant,off,minimum,A,3,0.000000
downstream_dominant__a_off__b_minimum,downstream_dominant,off,minimum,A,4,0.000000
downstream_dominant__a_off__b_minimum,downstream_dominant,off,minimum,A,5,0.000000
downstream_dominant__a_off__b_minimum,downstream_dominant,off,minimum,A,6,0.000000
downstream_dominant__a_off__b_minimum,downstream_dominant,off,minimum,A,7,0.000000
downstream_dominant__a_off__b_minimum,downstream_dominant,off,minimum,A,8,0.000000
downstream_dominant__a_off__b_minimum,downstream_dominant,off,minimum,A,9,0.000000
downstream_dominant__a_off__b_minimum,downstream_dominant,off,minimum,A,10,0.000000
downstream_dominant__a_off__b_minimum,downstream_dominant,off,minimum,A,11,0.000000
downstream_dominant__a_off__b_minimum,downstream_dominant,off,minimum,A,12,0.000000
downstream_dominant__a_off__b_minimum,downstream_dominant,off,minimum,A,13,0.000000
downstream_dominant__a_off__b_minimum,downstream_dominant,off,minimum,A,14,0.000000
downstream_dominant__a_off__b_minimum,downstream_dominant,off,minimum,A,15,0.000000
downstream_dominant__a_off__b_minimum,downstream_dominant,off,minimum,A,16,0.000000
downstream_dominant__a_off__b_minimum,downstream_dominant,off,minimum,A,17,0.000000
downstream_dominant__a_off__b_minimum,downstream_dominant,off,minimum,A,18,0.000000
downstream_dominant__a_off__b_minimum,downstream_dominant,off,minimum,A,19,0.000000
downstream_dominant__a_off__b_minimum,downstream_dominant,off,minimum,A,20,0.000000
downstream_dominant__a_off__b_minimum,downstream_dominant,off,minimum,A,21,0.000000
downstream_dominant__a_off__b_minimum,downstream_dominant,off,minimum,A,22,0.000000
downstream_dominant__a_off__b_minimum,downstream_dominant,off,minimum,A,23,0.000000
downstream_dominant__a_off__b_minimum,downstream_dominant,off,minimum,B,0,32.000000
downstream_dominant__a_off__b_minimum,downstream_dominant,off,minimum,B,1,32.000000
downstream_dominant__a_off__b_minimum,downstream_dominant,off,minimum,B,2,32.000000
downstream_dominant__a_off__b_minimum,downstream_dominant,off,minimum,B,3,32.000000
downstream_dominant__a_off__b_minimum,downstream_dominant,off,minimum,B,4,32.000000
downstream_dominant__a_off__b_minimum,downstream_dominant,off,minimum,B,5,32.000000
downstream_dominant__a_off__b_minimum,downstream_dominant,off,minimum,B,6,32.000000
downstream_dominant__a_off__b_minimum,downstream_dominant,off,minimum,B,7,32.000000
downstream_dominant__a_off__b_minimum,downstream_dominant,off,minimum,B,8,32.000000
downstream_dominant__a_off__b_minimum,downstream_dominant,off,minimum,B,9,32.000000
downstream_dominant__a_off__b_minimum,downstream_dominant,off,minimum,B,10,32.000000
downstream_dominant__a_off__b_minimum,downstream_dominant,off,minimum,B,11,32.000000
downstream_dominant__a_off__b_minimum,downstream_dominant,off,minimum,B,12,32.000000
downstream_dominant__a_off__b_minimum,downstream_dominant,off,minimum,B,13,32.000000
downstream_dominant__a_off__b_minimum,downstream_dominant,off,minimum,B,14,32.000000
downstream_dominant__a_off__b_minimum,downstream_dominant,off,minimum,B,15,32.000000
downstream_dominant__a_off__b_minimum,downstream_dominant,off,minimum,B,16,32.000000
downstream_dominant__a_off__b_minimum,downstream_dominant,off,minimum,B,17,32.000000
downstream_dominant__a_off__b_minimum,downstream_dominant,off,minimum,B,18,32.000000
downstream_dominant__a_off__b_minimum,downstream_dominant,off,minimum,B,19,32.000000
downstream_dominant__a_off__b_minimum,downstream_dominant,off,minimum,B,20,32.000000
downstream_dominant__a_off__b_minimum,downstream_dominant,off,minimum,B,21,32.000000
downstream_dominant__a_off__b_minimum,downstream_dominant,off,minimum,B,22,32.000000
downstream_dominant__a_off__b_minimum,downstream_dominant,off,minimum,B,23,32.000000
downstream_dominant__a_off__b_quarter,downstream_dominant,off,quarter,A,0,0.000000
downstream_dominant__a_off__b_quarter,downstream_dominant,off,quarter,A,1,0.000000
downstream_dominant__a_off__b_quarter,downstream_dominant,off,quarter,A,2,0.000000
downstream_dominant__a_off__b_quarter,downstream_dominant,off,quarter,A,3,0.000000
downstream_dominant__a_off__b_quarter,downstream_dominant,off,quarter,A,4,0.000000
downstream_dominant__a_off__b_quarter,downstream_dominant,off,quarter,A,5,0.000000
downstream_dominant__a_off__b_quarter,downstream_dominant,off,quarter,A,6,0.000000
downstream_dominant__a_off__b_quarter,downstream_dominant,off,quarter,A,7,0.000000
downstream_dominant__a_off__b_quarter,downstream_dominant,off,quarter,A,8,0.000000
downstream_dominant__a_off__b_quarter,downstream_dominant,off,quarter,A,9,0.000000
downstream_dominant__a_off__b_quarter,downstream_dominant,off,quarter,A,10,0.000000
downstream_dominant__a_off__b_quarter,downstream_dominant,off,quarter,A,11,0.000000
downstream_dominant__a_off__b_quarter,downstream_dominant,off,quarter,A,12,0.000000
downstream_dominant__a_off__b_quarter,downstream_dominant,off,quarter,A,13,0.000000
downstream_dominant__a_off__b_quarter,downstream_dominant,off,quarter,A,14,0.000000
downstream_dominant__a_off__b_quarter,downstream_dominant,off,quarter,A,15,0.000000
downstream_dominant__a_off__b_quarter,downstream_dominant,off,quarter,A,16,0.000000
downstream_dominant__a_off__b_quarter,downstream_dominant,off,quarter,A,17,0.000000
downstream_dominant__a_off__b_quarter,downstream_dominant,off,quarter,A,18,0.000000
downstream_dominant__a_off__b_quarter,downstream_dominant,off,quarter,A,19,0.000000
downstream_dominant__a_off__b_quarter,downstream_dominant,off,quarter,A,20,0.000000
downstream_dominant__a_off__b_quarter,downstream_dominant,off,quarter,A,21,0.000000
downstream_dominant__a_off__b_quarter,downstream_dominant,off,quarter,A,22,0.000000
downstream_dominant__a_off__b_quarter,downstream_dominant,off,quarter,A,23,0.000000
downstream_dominant__a_off__b_quarter,downstream_dominant,off,quarter,B,0,48.500000
downstream_dominant__a_off__b_quarter,downstream_dominant,off,quarter,B,1,48.500000
downstream_dominant__a_off__b_quarter,downstream_dominant,off,quarter,B,2,48.500000
downstream_dominant__a_off__b_quarter,downstream_dominant,off,quarter,B,3,48.500000
downstream_dominant__a_off__b_quarter,downstream_dominant,off,quarter,B,4,48.500000
downstream_dominant__a_off__b_quarter,downstream_dominant,off,quarter,B,5,48.500000
downstream_dominant__a_off__b_quarter,downstream_dominant,off,quarter,B,6,48.500000
downstream_dominant__a_off__b_quarter,downstream_dominant,off,quarter,B,7,48.500000
downstream_dominant__a_off__b_quarter,downstream_dominant,off,quarter,B,8,48.500000
downstream_dominant__a_off__b_quarter,downstream_dominant,off,quarter,B,9,48.500000
downstream_dominant__a_off__b_quarter,downstream_dominant,off,quarter,B,10,48.500000
downstream_dominant__a_off__b_quarter,downstream_dominant,off,quarter,B,11,48.500000
downstream_dominant__a_off__b_quarter,downstream_dominant,off,quarter,B,12,48.500000
downstream_dominant__a_off__b_quarter,downstream_dominant,off,quarter,B,13,48.500000
downstream_dominant__a_off__b_quarter,downstream_dominant,off,quarter,B,14,48.500000
downstream_dominant__a_off__b_quarter,downstream_dominant,off,quarter,B,15,48.500000
downstream_dominant__a_off__b_quarter,downstream_dominant,off,quarter,B,16,48.500000
downstream_dominant__a_off__b_quarter,downstream_dominant,off,quarter,B,17,48.500000
downstream_dominant__a_off__b_quarter,downstream_dominant,off,quarter,B,18,48.500000
downstream_dominant__a_off__b_quarter,downstream_dominant,off,quarter,B,19,48.500000
downstream_dominant__a_off__b_quarter,downstream_dominant,off,quarter,B,20,48.500000
downstream_dominant__a_off__b_quarter,downstream_dominant,off,quarter,B,21,48.500000
downstream_dominant__a_off__b_quarter,downstream_dominant,off,quarter,B,22,48.500000
downstream_dominant__a_off__b_quarter,downstream_dominant,off,quarter,B,23,48.500000
downstream_dominant__a_off__b_half,downstream_dominant,off,half,A,0,0.000000
downstream_dominant__a_off__b_half,downstream_dominant,off,half,A,1,0.000000
downstream_dominant__a_off__b_half,downstream_dominant,off,half,A,2,0.000000
downstream_dominant__a_off__b_half,downstream_dominant,off,half,A,3,0.000000
downstream_dominant__a_off__b_half,downstream_dominant,off,half,A,4,0.000000
downstream_dominant__a_off__b_half,downstream_dominant,off,half,A,5,0.000000
downstream_dominant__a_off__b_half,downstream_dominant,off,half,A,6,0.000000
downstream_dominant__a_off__b_half,downstream_dominant,off,half,A,7,0.000000
downstream_dominant__a_off__b_half,downstream_dominant,off,half,A,8,0.000000
downstream_dominant__a_off__b_half,downstream_dominant,off,half,A,9,0.000000
downstream_dominant__a_off__b_half,downstream_dominant,off,half,A,10,0.000000
downstream_dominant__a_off__b_half,downstream_dominant,off,half,A,11,0.000000
downstream_dominant__a_off__b_half,downstream_dominant,off,half,A,12,0.000000
downstream_dominant__a_off__b_half,downstream_dominant,off,half,A,13,0.000000
downstream_dominant__a_off__b_half,downstream_dominant,off,half,A,14,0.000000
downstream_dominant__a_off__b_half,downstream_dominant,off,half,A,15,0.000000
downstream_dominant__a_off__b_half,downstream_dominant,off,half,A,16,0.000000
downstream_dominant__a_off__b_half,downstream_dominant,off,half,A,17,0.000000
downstream_dominant__a_off__b_half,downstream_dominant,off,half,A,18,0.000000
downstream_dominant__a_off__b_half,downstream_dominant,off,half,A,19,0.000000
downstream_dominant__a_off__b_half,downstream_dominant,off,half,A,20,0.000000
downstream_dominant__a_off__b_half,downstream_dominant,off,half,A,21,0.000000
downstream_dominant__a_off__b_half,downstream_dominant,off,half,A,22,0.000000
downstream_dominant__a_off__b_half,downstream_dominant,off,half,A,23,0.000000
downstream_dominant__a_off__b_half,downstream_dominant,off,half,B,0,65.000000
downstream_dominant__a_off__b_half,downstream_dominant,off,half,B,1,65.000000
downstream_dominant__a_off__b_half,downstream_dominant,off,half,B,2,65.000000
downstream_dominant__a_off__b_half,downstream_dominant,off,half,B,3,65.000000
downstream_dominant__a_off__b_half,downstream_dominant,off,half,B,4,65.000000
downstream_dominant__a_off__b_half,downstream_dominant,off,half,B,5,65.000000
downstream_dominant__a_off__b_half,downstream_dominant,off,half,B,6,65.000000
downstream_dominant__a_off__b_half,downstream_dominant,off,half,B,7,65.000000
downstream_dominant__a_off__b_half,downstream_dominant,off,half,B,8,65.000000
downstream_dominant__a_off__b_half,downstream_dominant,off,half,B,9,65.000000
downstream_dominant__a_off__b_half,downstream_dominant,off,half,B,10,65.000000
downstream_dominant__a_off__b_half,downstream_dominant,off,half,B,11,65.000000
downstream_dominant__a_off__b_half,downstream_dominant,off,half,B,12,65.000000
downstream_dominant__a_off__b_half,downstream_dominant,off,half,B,13,65.000000
downstream_dominant__a_off__b_half,downstream_dominant,off,half,B,14,65.000000
downstream_dominant__a_off__b_half,downstream_dominant,off,half,B,15,65.000000
downstream_dominant__a_off__b_half,downstream_dominant,off,half,B,16,65.000000
downstream_dominant__a_off__b_half,downstream_dominant,off,half,B,17,65.000000
downstream_dominant__a_off__b_half,downstream_dominant,off,half,B,18,65.000000
downstream_dominant__a_off__b_half,downstream_dominant,off,half,B,19,65.000000
downstream_dominant__a_off__b_half,downstream_dominant,off,half,B,20,65.000000
downstream_dominant__a_off__b_half,downstream_dominant,off,half,B,21,65.000000
downstream_dominant__a_off__b_half,downstream_dominant,off,half,B,22,65.000000
downstream_dominant__a_off__b_half,downstream_dominant,off,half,B,23,65.000000
downstream_dominant__a_off__b_three_quarters,downstream_dominant,off,three_quarters,A,0,0.000000
downstream_dominant__a_off__b_three_quarters,downstream_dominant,off,three_quarters,A,1,0.000000
downstream_dominant__a_off__b_three_quarters,downstream_dominant,off,three_quarters,A,2,0.000000
downstream_dominant__a_off__b_three_quarters,downstream_dominant,off,three_quarters,A,3,0.000000
downstream_dominant__a_off__b_three_quarters,downstream_dominant,off,three_quarters,A,4,0.000000
downstream_dominant__a_off__b_three_quarters,downstream_dominant,off,three_quarters,A,5,0.000000
downstream_dominant__a_off__b_three_quarters,downstream_dominant,off,three_quarters,A,6,0.000000
downstream_dominant__a_off__b_three_quarters,downstream_dominant,off,three_quarters,A,7,0.000000
downstream_dominant__a_off__b_three_quarters,downstream_dominant,off,three_quarters,A,8,0.000000
downstream_dominant__a_off__b_three_quarters,downstream_dominant,off,three_quarters,A,9,0.000000
downstream_dominant__a_off__b_three_quarters,downstream_dominant,off,three_quarters,A,10,0.000000
downstream_dominant__a_off__b_three_quarters,downstream_dominant,off,three_quarters,A,11,0.000000
downstream_dominant__a_off__b_three_quarters,downstream_dominant,off,three_quarters,A,12,0.000000
downstream_dominant__a_off__b_three_quarters,downstream_dominant,off,three_quarters,A,13,0.000000
downstream_dominant__a_off__b_three_quarters,downstream_dominant,off,three_quarters,A,14,0.000000
downstream_dominant__a_off__b_three_quarters,downstream_dominant,off,three_quarters,A,15,0.000000
downstream_dominant__a_off__b_three_quarters,downstream_dominant,off,three_quarters,A,16,0.000000
downstream_dominant__a_off__b_three_quarters,downstream_dominant,off,three_quarters,A,17,0.000000
downstream_dominant__a_off__b_three_quarters,downstream_dominant,off,three_quarters,A,18,0.000000
downstream_dominant__a_off__b_three_quarters,downstream_dominant,off,three_quarters,A,19,0.000000
downstream_dominant__a_off__b_three_quarters,downstream_dominant,off,three_quarters,A,20,0.000000
downstream_dominant__a_off__b_three_quarters,downstream_dominant,off,three_quarters,A,21,0.000000
downstream_dominant__a_off__b_three_quarters,downstream_dominant,off,three_quarters,A,22,0.000000
downstream_dominant__a_off__b_three_quarters,downstream_dominant,off,three_quarters,A,23,0.000000
downstream_dominant__a_off__b_three_quarters,downstream_dominant,off,three_quarters,B,0,81.500000
downstream_dominant__a_off__b_three_quarters,downstream_dominant,off,three_quarters,B,1,81.500000
downstream_dominant__a_off__b_three_quarters,downstream_dominant,off,three_quarters,B,2,81.500000
downstream_dominant__a_off__b_three_quarters,downstream_dominant,off,three_quarters,B,3,81.500000
downstream_dominant__a_off__b_three_quarters,downstream_dominant,off,three_quarters,B,4,81.500000
downstream_dominant__a_off__b_three_quarters,downstream_dominant,off,three_quarters,B,5,81.500000
downstream_dominant__a_off__b_three_quarters,downstream_dominant,off,three_quarters,B,6,81.500000
downstream_dominant__a_off__b_three_quarters,downstream_dominant,off,three_quarters,B,7,81.500000
downstream_dominant__a_off__b_three_quarters,downstream_dominant,off,three_quarters,B,8,81.500000
downstream_dominant__a_off__b_three_quarters,downstream_dominant,off,three_quarters,B,9,81.500000
downstream_dominant__a_off__b_three_quarters,downstream_dominant,off,three_quarters,B,10,81.500000
downstream_dominant__a_off__b_three_quarters,downstream_dominant,off,three_quarters,B,11,81.500000
downstream_dominant__a_off__b_three_quarters,downstream_dominant,off,three_quarters,B,12,81.500000
downstream_dominant__a_off__b_three_quarters,downstream_dominant,off,three_quarters,B,13,81.500000
downstream_dominant__a_off__b_three_quarters,downstream_dominant,off,three_quarters,B,14,81.500000
downstream_dominant__a_off__b_three_quarters,downstream_dominant,off,three_quarters,B,15,81.500000
downstream_dominant__a_off__b_three_quarters,downstream_dominant,off,three_quarters,B,16,81.500000
downstream_dominant__a_off__b_three_quarters,downstream_dominant,off,three_quarters,B,17,81.500000
downstream_dominant__a_off__b_three_quarters,downstream_dominant,off,three_quarters,B,18,81.500000
downstream_dominant__a_off__b_three_quarters,downstream_dominant,off,three_quarters,B,19,81.500000
downstream_dominant__a_off__b_three_quarters,downstream_dominant,off,three_quarters,B,20,81.500000
downstream_dominant__a_off__b_three_quarters,downstream_dominant,off,three_quarters,B,21,81.500000
downstream_dominant__a_off__b_three_quarters,downstream_dominant,off,three_quarters,B,22,81.500000
downstream_dominant__a_off__b_three_quarters,downstream_dominant,off,three_quarters,B,23,81.500000
downstream_dominant__a_off__b_maximum,downstream_dominant,off,maximum,A,0,0.000000
downstream_dominant__a_off__b_maximum,downstream_dominant,off,maximum,A,1,0.000000
downstream_dominant__a_off__b_maximum,downstream_dominant,off,maximum,A,2,0.000000
downstream_dominant__a_off__b_maximum,downstream_dominant,off,maximum,A,3,0.000000
downstream_dominant__a_off__b_maximum,downstream_dominant,off,maximum,A,4,0.000000
downstream_dominant__a_off__b_maximum,downstream_dominant,off,maximum,A,5,0.000000
downstream_dominant__a_off__b_maximum,downstream_dominant,off,maximum,A,6,0.000000
downstream_dominant__a_off__b_maximum,downstream_dominant,off,maximum,A,7,0.000000
downstream_dominant__a_off__b_maximum,downstream_dominant,off,maximum,A,8,0.000000
downstream_dominant__a_off__b_maximum,downstream_dominant,off,maximum,A,9,0.000000
downstream_dominant__a_off__b_maximum,downstream_dominant,off,maximum,A,10,0.000000
downstream_dominant__a_off__b_maximum,downstream_dominant,off,maximum,A,11,0.000000
downstream_dominant__a_off__b_maximum,downstream_dominant,off,maximum,A,12,0.000000
downstream_dominant__a_off__b_maximum,downstream_dominant,off,maximum,A,13,0.000000
downstream_dominant__a_off__b_maximum,downstream_dominant,off,maximum,A,14,0.000000
downstream_dominant__a_off__b_maximum,downstream_dominant,off,maximum,A,15,0.000000
downstream_dominant__a_off__b_maximum,downstream_dominant,off,maximum,A,16,0.000000
downstream_dominant__a_off__b_maximum,downstream_dominant,off,maximum,A,17,0.000000
downstream_dominant__a_off__b_maximum,downstream_dominant,off,maximum,A,18,0.000000
downstream_dominant__a_off__b_maximum,downstream_dominant,off,maximum,A,19,0.000000
downstream_dominant__a_off__b_maximum,downstream_dominant,off,maximum,A,20,0.000000
downstream_dominant__a_off__b_maximum,downstream_dominant,off,maximum,A,21,0.000000
downstream_dominant__a_off__b_maximum,downstream_dominant,off,maximum,A,22,0.000000
downstream_dominant__a_off__b_maximum,downstream_dominant,off,maximum,A,23,0.000000
downstream_dominant__a_off__b_maximum,downstream_dominant,off,maximum,B,0,98.000000
downstream_dominant__a_off__b_maximum,downstream_dominant,off,maximum,B,1,98.000000
downstream_dominant__a_off__b_maximum,downstream_dominant,off,maximum,B,2,98.000000
downstream_dominant__a_off__b_maximum,downstream_dominant,off,maximum,B,3,98.000000
downstream_dominant__a_off__b_maximum,downstream_dominant,off,maximum,B,4,98.000000
downstream_dominant__a_off__b_maximum,downstream_dominant,off,maximum,B,5,98.000000
downstream_dominant__a_off__b_maximum,downstream_dominant,off,maximum,B,6,98.000000
downstream_dominant__a_off__b_maximum,downstream_dominant,off,maximum,B,7,98.000000
downstream_dominant__a_off__b_maximum,downstream_dominant,off,maximum,B,8,98.000000
downstream_dominant__a_off__b_maximum,downstream_dominant,off,maximum,B,9,98.000000
downstream_dominant__a_off__b_maximum,downstream_dominant,off,maximum,B,10,98.000000
downstream_dominant__a_off__b_maximum,downstream_dominant,off,maximum,B,11,98.000000
downstream_dominant__a_off__b_maximum,downstream_dominant,off,maximum,B,12,98.000000
downstream_dominant__a_off__b_maximum,downstream_dominant,off,maximum,B,13,98.000000
downstream_dominant__a_off__b_maximum,downstream_dominant,off,maximum,B,14,98.000000
downstream_dominant__a_off__b_maximum,downstream_dominant,off,maximum,B,15,98.000000
downstream_dominant__a_off__b_maximum,downstream_dominant,off,maximum,B,16,98.000000
downstream_dominant__a_off__b_maximum,downstream_dominant,off,maximum,B,17,98.000000
downstream_dominant__a_off__b_maximum,downstream_dominant,off,maximum,B,18,98.000000
downstream_dominant__a_off__b_maximum,downstream_dominant,off,maximum,B,19,98.000000
downstream_dominant__a_off__b_maximum,downstream_dominant,off,maximum,B,20,98.000000
downstream_dominant__a_off__b_maximum,downstream_dominant,off,maximum,B,21,98.000000
downstream_dominant__a_off__b_maximum,downstream_dominant,off,maximum,B,22,98.000000
downstream_dominant__a_off__b_maximum,downstream_dominant,off,maximum,B,23,98.000000
downstream_dominant__a_minimum__b_off,downstream_dominant,minimum,off,A,0,45.000000
downstream_dominant__a_minimum__b_off,downstream_dominant,minimum,off,A,1,45.000000
downstream_dominant__a_minimum__b_off,downstream_dominant,minimum,off,A,2,45.000000
downstream_dominant__a_minimum__b_off,downstream_dominant,minimum,off,A,3,45.000000
downstream_dominant__a_minimum__b_off,downstream_dominant,minimum,off,A,4,45.000000
downstream_dominant__a_minimum__b_off,downstream_dominant,minimum,off,A,5,45.000000
downstream_dominant__a_minimum__b_off,downstream_dominant,minimum,off,A,6,45.000000
downstream_dominant__a_minimum__b_off,downstream_dominant,minimum,off,A,7,45.000000
downstream_dominant__a_minimum__b_off,downstream_dominant,minimum,off,A,8,45.000000
downstream_dominant__a_minimum__b_off,downstream_dominant,minimum,off,A,9,45.000000
downstream_dominant__a_minimum__b_off,downstream_dominant,minimum,off,A,10,45.000000
downstream_dominant__a_minimum__b_off,downstream_dominant,minimum,off,A,11,45.000000
downstream_dominant__a_minimum__b_off,downstream_dominant,minimum,off,A,12,45.000000
downstream_dominant__a_minimum__b_off,downstream_dominant,minimum,off,A,13,45.000000
downstream_dominant__a_minimum__b_off,downstream_dominant,minimum,off,A,14,45.000000
downstream_dominant__a_minimum__b_off,downstream_dominant,minimum,off,A,15,45.000000
downstream_dominant__a_minimum__b_off,downstream_dominant,minimum,off,A,16,45.000000
downstream_dominant__a_minimum__b_off,downstream_dominant,minimum,off,A,17,45.000000
downstream_dominant__a_minimum__b_off,downstream_dominant,minimum,off,A,18,45.000000
downstream_dominant__a_minimum__b_off,downstream_dominant,minimum,off,A,19,45.000000
downstream_dominant__a_minimum__b_off,downstream_dominant,minimum,off,A,20,45.000000
downstream_dominant__a_minimum__b_off,downstream_dominant,minimum,off,A,21,45.000000
downstream_dominant__a_minimum__b_off,downstream_dominant,minimum,off,A,22,45.000000
downstream_dominant__a_minimum__b_off,downstream_dominant,minimum,off,A,23,45.000000
downstream_dominant__a_minimum__b_off,downstream_dominant,minimum,off,B,0,0.000000
downstream_dominant__a_minimum__b_off,downstream_dominant,minimum,off,B,1,0.000000
downstream_dominant__a_minimum__b_off,downstream_dominant,minimum,off,B,2,0.000000
downstream_dominant__a_minimum__b_off,downstream_dominant,minimum,off,B,3,0.000000
downstream_dominant__a_minimum__b_off,downstream_dominant,minimum,off,B,4,0.000000
downstream_dominant__a_minimum__b_off,downstream_dominant,minimum,off,B,5,0.000000
downstream_dominant__a_minimum__b_off,downstream_dominant,minimum,off,B,6,0.000000
downstream_dominant__a_minimum__b_off,downstream_dominant,minimum,off,B,7,0.000000
downstream_dominant__a_minimum__b_off,downstream_dominant,minimum,off,B,8,0.000000
downstream_dominant__a_minimum__b_off,downstream_dominant,minimum,off,B,9,0.000000
downstream_dominant__a_minimum__b_off,downstream_dominant,minimum,off,B,10,0.000000
downstream_dominant__a_minimum__b_off,downstream_dominant,minimum,off,B,11,0.000000
downstream_dominant__a_minimum__b_off,downstream_dominant,minimum,off,B,12,0.000000
downstream_dominant__a_minimum__b_off,downstream_dominant,minimum,off,B,13,0.000000
downstream_dominant__a_minimum__b_off,downstream_dominant,minimum,off,B,14,0.000000
downstream_dominant__a_minimum__b_off,downstream_dominant,minimum,off,B,15,0.000000
downstream_dominant__a_minimum__b_off,downstream_dominant,minimum,off,B,16,0.000000
downstream_dominant__a_minimum__b_off,downstream_dominant,minimum,off,B,17,0.000000
downstream_dominant__a_minimum__b_off,downstream_dominant,minimum,off,B,18,0.000000
downstream_dominant__a_minimum__b_off,downstream_dominant,minimum,off,B,19,0.000000
downstream_dominant__a_minimum__b_off,downstream_dominant,minimum,off,B,20,0.000000
downstream_dominant__a_minimum__b_off,downstream_dominant,minimum,off,B,21,0.000000
downstream_dominant__a_minimum__b_off,downstream_dominant,minimum,off,B,22,0.000000
downstream_dominant__a_minimum__b_off,downstream_dominant,minimum,off,B,23,0.000000
downstream_dominant__a_minimum__b_minimum,downstream_dominant,minimum,minimum,A,0,45.000000
downstream_dominant__a_minimum__b_minimum,downstream_dominant,minimum,minimum,A,1,45.000000
downstream_dominant__a_minimum__b_minimum,downstream_dominant,minimum,minimum,A,2,45.000000
downstream_dominant__a_minimum__b_minimum,downstream_dominant,minimum,minimum,A,3,45.000000
downstream_dominant__a_minimum__b_minimum,downstream_dominant,minimum,minimum,A,4,45.000000
downstream_dominant__a_minimum__b_minimum,downstream_dominant,minimum,minimum,A,5,45.000000
downstream_dominant__a_minimum__b_minimum,downstream_dominant,minimum,minimum,A,6,45.000000
downstream_dominant__a_minimum__b_minimum,downstream_dominant,minimum,minimum,A,7,45.000000
downstream_dominant__a_minimum__b_minimum,downstream_dominant,minimum,minimum,A,8,45.000000
downstream_dominant__a_minimum__b_minimum,downstream_dominant,minimum,minimum,A,9,45.000000
downstream_dominant__a_minimum__b_minimum,downstream_dominant,minimum,minimum,A,10,45.000000
downstream_dominant__a_minimum__b_minimum,downstream_dominant,minimum,minimum,A,11,45.000000
downstream_dominant__a_minimum__b_minimum,downstream_dominant,minimum,minimum,A,12,45.000000
downstream_dominant__a_minimum__b_minimum,downstream_dominant,minimum,minimum,A,13,45.000000
downstream_dominant__a_minimum__b_minimum,downstream_dominant,minimum,minimum,A,14,45.000000
downstream_dominant__a_minimum__b_minimum,downstream_dominant,minimum,minimum,A,15,45.000000
downstream_dominant__a_minimum__b_minimum,downstream_dominant,minimum,minimum,A,16,45.000000
downstream_dominant__a_minimum__b_minimum,downstream_dominant,minimum,minimum,A,17,45.000000
downstream_dominant__a_minimum__b_minimum,downstream_dominant,minimum,minimum,A,18,45.000000
downstream_dominant__a_minimum__b_minimum,downstream_dominant,minimum,minimum,A,19,45.000000
downstream_dominant__a_minimum__b_minimum,downstream_dominant,minimum,minimum,A,20,45.000000
downstream_dominant__a_minimum__b_minimum,downstream_dominant,minimum,minimum,A,21,45.000000
downstream_dominant__a_minimum__b_minimum,downstream_dominant,minimum,minimum,A,22,45.000000
downstream_dominant__a_minimum__b_minimum,downstream_dominant,minimum,minimum,A,23,45.000000
downstream_dominant__a_minimum__b_minimum,downstream_dominant,minimum,minimum,B,0,32.000000
downstream_dominant__a_minimum__b_minimum,downstream_dominant,minimum,minimum,B,1,32.000000
downstream_dominant__a_minimum__b_minimum,downstream_dominant,minimum,minimum,B,2,32.000000
downstream_dominant__a_minimum__b_minimum,downstream_dominant,minimum,minimum,B,3,32.000000
downstream_dominant__a_minimum__b_minimum,downstream_dominant,minimum,minimum,B,4,32.000000
downstream_dominant__a_minimum__b_minimum,downstream_dominant,minimum,minimum,B,5,32.000000
downstream_dominant__a_minimum__b_minimum,downstream_dominant,minimum,minimum,B,6,32.000000
downstream_dominant__a_minimum__b_minimum,downstream_dominant,minimum,minimum,B,7,32.000000
downstream_dominant__a_minimum__b_minimum,downstream_dominant,minimum,minimum,B,8,32.000000
downstream_dominant__a_minimum__b_minimum,downstream_dominant,minimum,minimum,B,9,32.000000
downstream_dominant__a_minimum__b_minimum,downstream_dominant,minimum,minimum,B,10,32.000000
downstream_dominant__a_minimum__b_minimum,downstream_dominant,minimum,minimum,B,11,32.000000
downstream_dominant__a_minimum__b_minimum,downstream_dominant,minimum,minimum,B,12,32.000000
downstream_dominant__a_minimum__b_minimum,downstream_dominant,minimum,minimum,B,13,32.000000
downstream_dominant__a_minimum__b_minimum,downstream_dominant,minimum,minimum,B,14,32.000000
downstream_dominant__a_minimum__b_minimum,downstream_dominant,minimum,minimum,B,15,32.000000
downstream_dominant__a_minimum__b_minimum,downstream_dominant,minimum,minimum,B,16,32.000000
downstream_dominant__a_minimum__b_minimum,downstream_dominant,minimum,minimum,B,17,32.000000
downstream_dominant__a_minimum__b_minimum,downstream_dominant,minimum,minimum,B,18,32.000000
downstream_dominant__a_minimum__b_minimum,downstream_dominant,minimum,minimum,B,19,32.000000
downstream_dominant__a_minimum__b_minimum,downstream_dominant,minimum,minimum,B,20,32.000000
downstream_dominant__a_minimum__b_minimum,downstream_dominant,minimum,minimum,B,21,32.000000
downstream_dominant__a_minimum__b_minimum,downstream_dominant,minimum,minimum,B,22,32.000000
downstream_dominant__a_minimum__b_minimum,downstream_dominant,minimum,minimum,B,23,32.000000
downstream_dominant__a_minimum__b_quarter,downstream_dominant,minimum,quarter,A,0,45.000000
downstream_dominant__a_minimum__b_quarter,downstream_dominant,minimum,quarter,A,1,45.000000
downstream_dominant__a_minimum__b_quarter,downstream_dominant,minimum,quarter,A,2,45.000000
downstream_dominant__a_minimum__b_quarter,downstream_dominant,minimum,quarter,A,3,45.000000
downstream_dominant__a_minimum__b_quarter,downstream_dominant,minimum,quarter,A,4,45.000000
downstream_dominant__a_minimum__b_quarter,downstream_dominant,minimum,quarter,A,5,45.000000
downstream_dominant__a_minimum__b_quarter,downstream_dominant,minimum,quarter,A,6,45.000000
downstream_dominant__a_minimum__b_quarter,downstream_dominant,minimum,quarter,A,7,45.000000
downstream_dominant__a_minimum__b_quarter,downstream_dominant,minimum,quarter,A,8,45.000000
downstream_dominant__a_minimum__b_quarter,downstream_dominant,minimum,quarter,A,9,45.000000
downstream_dominant__a_minimum__b_quarter,downstream_dominant,minimum,quarter,A,10,45.000000
downstream_dominant__a_minimum__b_quarter,downstream_dominant,minimum,quarter,A,11,45.000000
downstream_dominant__a_minimum__b_quarter,downstream_dominant,minimum,quarter,A,12,45.000000
downstream_dominant__a_minimum__b_quarter,downstream_dominant,minimum,quarter,A,13,45.000000
downstream_dominant__a_minimum__b_quarter,downstream_dominant,minimum,quarter,A,14,45.000000
downstream_dominant__a_minimum__b_quarter,downstream_dominant,minimum,quarter,A,15,45.000000
downstream_dominant__a_minimum__b_quarter,downstream_dominant,minimum,quarter,A,16,45.000000
downstream_dominant__a_minimum__b_quarter,downstream_dominant,minimum,quarter,A,17,45.000000
downstream_dominant__a_minimum__b_quarter,downstream_dominant,minimum,quarter,A,18,45.000000
downstream_dominant__a_minimum__b_quarter,downstream_dominant,minimum,quarter,A,19,45.000000
downstream_dominant__a_minimum__b_quarter,downstream_dominant,minimum,quarter,A,20,45.000000
downstream_dominant__a_minimum__b_quarter,downstream_dominant,minimum,quarter,A,21,45.000000
downstream_dominant__a_minimum__b_quarter,downstream_dominant,minimum,quarter,A,22,45.000000
downstream_dominant__a_minimum__b_quarter,downstream_dominant,minimum,quarter,A,23,45.000000
downstream_dominant__a_minimum__b_quarter,downstream_dominant,minimum,quarter,B,0,48.500000
downstream_dominant__a_minimum__b_quarter,downstream_dominant,minimum,quarter,B,1,48.500000
downstream_dominant__a_minimum__b_quarter,downstream_dominant,minimum,quarter,B,2,48.500000
downstream_dominant__a_minimum__b_quarter,downstream_dominant,minimum,quarter,B,3,48.500000
downstream_dominant__a_minimum__b_quarter,downstream_dominant,minimum,quarter,B,4,48.500000
downstream_dominant__a_minimum__b_quarter,downstream_dominant,minimum,quarter,B,5,48.500000
downstream_dominant__a_minimum__b_quarter,downstream_dominant,minimum,quarter,B,6,48.500000
downstream_dominant__a_minimum__b_quarter,downstream_dominant,minimum,quarter,B,7,48.500000
downstream_dominant__a_minimum__b_quarter,downstream_dominant,minimum,quarter,B,8,48.500000
downstream_dominant__a_minimum__b_quarter,downstream_dominant,minimum,quarter,B,9,48.500000
downstream_dominant__a_minimum__b_quarter,downstream_dominant,minimum,quarter,B,10,48.500000
downstream_dominant__a_minimum__b_quarter,downstream_dominant,minimum,quarter,B,11,48.500000
downstream_dominant__a_minimum__b_quarter,downstream_dominant,minimum,quarter,B,12,48.500000
downstream_dominant__a_minimum__b_quarter,downstream_dominant,minimum,quarter,B,13,48.500000
downstream_dominant__a_minimum__b_quarter,downstream_dominant,minimum,quarter,B,14,48.500000
downstream_dominant__a_minimum__b_quarter,downstream_dominant,minimum,quarter,B,15,48.500000
downstream_dominant__a_minimum__b_quarter,downstream_dominant,minimum,quarter,B,16,48.500000
downstream_dominant__a_minimum__b_quarter,downstream_dominant,minimum,quarter,B,17,48.500000
downstream_dominant__a_minimum__b_quarter,downstream_dominant,minimum,quarter,B,18,48.500000
downstream_dominant__a_minimum__b_quarter,downstream_dominant,minimum,quarter,B,19,48.500000
downstream_dominant__a_minimum__b_quarter,downstream_dominant,minimum,quarter,B,20,48.500000
downstream_dominant__a_minimum__b_quarter,downstream_dominant,minimum,quarter,B,21,48.500000
downstream_dominant__a_minimum__b_quarter,downstream_dominant,minimum,quarter,B,22,48.500000
downstream_dominant__a_minimum__b_quarter,downstream_dominant,minimum,quarter,B,23,48.500000
downstream_dominant__a_minimum__b_half,downstream_dominant,minimum,half,A,0,45.000000
downstream_dominant__a_minimum__b_half,downstream_dominant,minimum,half,A,1,45.000000
downstream_dominant__a_minimum__b_half,downstream_dominant,minimum,half,A,2,45.000000
downstream_dominant__a_minimum__b_half,downstream_dominant,minimum,half,A,3,45.000000
downstream_dominant__a_minimum__b_half,downstream_dominant,minimum,half,A,4,45.000000
downstream_dominant__a_minimum__b_half,downstream_dominant,minimum,half,A,5,45.000000
downstream_dominant__a_minimum__b_half,downstream_dominant,minimum,half,A,6,45.000000
downstream_dominant__a_minimum__b_half,downstream_dominant,minimum,half,A,7,45.000000
downstream_dominant__a_minimum__b_half,downstream_dominant,minimum,half,A,8,45.000000
downstream_dominant__a_minimum__b_half,downstream_dominant,minimum,half,A,9,45.000000
downstream_dominant__a_minimum__b_half,downstream_dominant,minimum,half,A,10,45.000000
downstream_dominant__a_minimum__b_half,downstream_dominant,minimum,half,A,11,45.000000
downstream_dominant__a_minimum__b_half,downstream_dominant,minimum,half,A,12,45.000000
downstream_dominant__a_minimum__b_half,downstream_dominant,minimum,half,A,13,45.000000
downstream_dominant__a_minimum__b_half,downstream_dominant,minimum,half,A,14,45.000000
downstream_dominant__a_minimum__b_half,downstream_dominant,minimum,half,A,15,45.000000
downstream_dominant__a_minimum__b_half,downstream_dominant,minimum,half,A,16,45.000000
downstream_dominant__a_minimum__b_half,downstream_dominant,minimum,half,A,17,45.000000
downstream_dominant__a_minimum__b_half,downstream_dominant,minimum,half,A,18,45.000000
downstream_dominant__a_minimum__b_half,downstream_dominant,minimum,half,A,19,45.000000
downstream_dominant__a_minimum__b_half,downstream_dominant,minimum,half,A,20,45.000000
downstream_dominant__a_minimum__b_half,downstream_dominant,minimum,half,A,21,45.000000
downstream_dominant__a_minimum__b_half,downstream_dominant,minimum,half,A,22,45.000000
downstream_dominant__a_minimum__b_half,downstream_dominant,minimum,half,A,23,45.000000
downstream_dominant__a_minimum__b_half,downstream_dominant,minimum,half,B,0,65.000000
downstream_dominant__a_minimum__b_half,downstream_dominant,minimum,half,B,1,65.000000
downstream_dominant__a_minimum__b_half,downstream_dominant,minimum,half,B,2,65.000000
downstream_dominant__a_minimum__b_half,downstream_dominant,minimum,half,B,3,65.000000
downstream_dominant__a_minimum__b_half,downstream_dominant,minimum,half,B,4,65.000000
downstream_dominant__a_minimum__b_half,downstream_dominant,minimum,half,B,5,65.000000
downstream_dominant__a_minimum__b_half,downstream_dominant,minimum,half,B,6,65.000000
downstream_dominant__a_minimum__b_half,downstream_dominant,minimum,half,B,7,65.000000
downstream_dominant__a_minimum__b_half,downstream_dominant,minimum,half,B,8,65.000000
downstream_dominant__a_minimum__b_half,downstream_dominant,minimum,half,B,9,65.000000
downstream_dominant__a_minimum__b_half,downstream_dominant,minimum,half,B,10,65.000000
downstream_dominant__a_minimum__b_half,downstream_dominant,minimum,half,B,11,65.000000
downstream_dominant__a_minimum__b_half,downstream_dominant,minimum,half,B,12,65.000000
downstream_dominant__a_minimum__b_half,downstream_dominant,minimum,half,B,13,65.000000
downstream_dominant__a_minimum__b_half,downstream_dominant,minimum,half,B,14,65.000000
downstream_dominant__a_minimum__b_half,downstream_dominant,minimum,half,B,15,65.000000
downstream_dominant__a_minimum__b_half,downstream_dominant,minimum,half,B,16,65.000000
downstream_dominant__a_minimum__b_half,downstream_dominant,minimum,half,B,17,65.000000
downstream_dominant__a_minimum__b_half,downstream_dominant,minimum,half,B,18,65.000000
downstream_dominant__a_minimum__b_half,downstream_dominant,minimum,half,B,19,65.000000
downstream_dominant__a_minimum__b_half,downstream_dominant,minimum,half,B,20,65.000000
downstream_dominant__a_minimum__b_half,downstream_dominant,minimum,half,B,21,65.000000
downstream_dominant__a_minimum__b_half,downstream_dominant,minimum,half,B,22,65.000000
downstream_dominant__a_minimum__b_half,downstream_dominant,minimum,half,B,23,65.000000
downstream_dominant__a_minimum__b_three_quarters,downstream_dominant,minimum,three_quarters,A,0,45.000000
downstream_dominant__a_minimum__b_three_quarters,downstream_dominant,minimum,three_quarters,A,1,45.000000
downstream_dominant__a_minimum__b_three_quarters,downstream_dominant,minimum,three_quarters,A,2,45.000000
downstream_dominant__a_minimum__b_three_quarters,downstream_dominant,minimum,three_quarters,A,3,45.000000
downstream_dominant__a_minimum__b_three_quarters,downstream_dominant,minimum,three_quarters,A,4,45.000000
downstream_dominant__a_minimum__b_three_quarters,downstream_dominant,minimum,three_quarters,A,5,45.000000
downstream_dominant__a_minimum__b_three_quarters,downstream_dominant,minimum,three_quarters,A,6,45.000000
downstream_dominant__a_minimum__b_three_quarters,downstream_dominant,minimum,three_quarters,A,7,45.000000
downstream_dominant__a_minimum__b_three_quarters,downstream_dominant,minimum,three_quarters,A,8,45.000000
downstream_dominant__a_minimum__b_three_quarters,downstream_dominant,minimum,three_quarters,A,9,45.000000
downstream_dominant__a_minimum__b_three_quarters,downstream_dominant,minimum,three_quarters,A,10,45.000000
downstream_dominant__a_minimum__b_three_quarters,downstream_dominant,minimum,three_quarters,A,11,45.000000
downstream_dominant__a_minimum__b_three_quarters,downstream_dominant,minimum,three_quarters,A,12,45.000000
downstream_dominant__a_minimum__b_three_quarters,downstream_dominant,minimum,three_quarters,A,13,45.000000
downstream_dominant__a_minimum__b_three_quarters,downstream_dominant,minimum,three_quarters,A,14,45.000000
downstream_dominant__a_minimum__b_three_quarters,downstream_dominant,minimum,three_quarters,A,15,45.000000
downstream_dominant__a_minimum__b_three_quarters,downstream_dominant,minimum,three_quarters,A,16,45.000000
downstream_dominant__a_minimum__b_three_quarters,downstream_dominant,minimum,three_quarters,A,17,45.000000
downstream_dominant__a_minimum__b_three_quarters,downstream_dominant,minimum,three_quarters,A,18,45.000000
downstream_dominant__a_minimum__b_three_quarters,downstream_dominant,minimum,three_quarters,A,19,45.000000
downstream_dominant__a_minimum__b_three_quarters,downstream_dominant,minimum,three_quarters,A,20,45.000000
downstream_dominant__a_minimum__b_three_quarters,downstream_dominant,minimum,three_quarters,A,21,45.000000
downstream_dominant__a_minimum__b_three_quarters,downstream_dominant,minimum,three_quarters,A,22,45.000000
downstream_dominant__a_minimum__b_three_quarters,downstream_dominant,minimum,three_quarters,A,23,45.000000
downstream_dominant__a_minimum__b_three_quarters,downstream_dominant,minimum,three_quarters,B,0,81.500000
downstream_dominant__a_minimum__b_three_quarters,downstream_dominant,minimum,three_quarters,B,1,81.500000
downstream_dominant__a_minimum__b_three_quarters,downstream_dominant,minimum,three_quarters,B,2,81.500000
downstream_dominant__a_minimum__b_three_quarters,downstream_dominant,minimum,three_quarters,B,3,81.500000
downstream_dominant__a_minimum__b_three_quarters,downstream_dominant,minimum,three_quarters,B,4,81.500000
downstream_dominant__a_minimum__b_three_quarters,downstream_dominant,minimum,three_quarters,B,5,81.500000
downstream_dominant__a_minimum__b_three_quarters,downstream_dominant,minimum,three_quarters,B,6,81.500000
downstream_dominant__a_minimum__b_three_quarters,downstream_dominant,minimum,three_quarters,B,7,81.500000
downstream_dominant__a_minimum__b_three_quarters,downstream_dominant,minimum,three_quarters,B,8,81.500000
downstream_dominant__a_minimum__b_three_quarters,downstream_dominant,minimum,three_quarters,B,9,81.500000
downstream_dominant__a_minimum__b_three_quarters,downstream_dominant,minimum,three_quarters,B,10,81.500000
downstream_dominant__a_minimum__b_three_quarters,downstream_dominant,minimum,three_quarters,B,11,81.500000
downstream_dominant__a_minimum__b_three_quarters,downstream_dominant,minimum,three_quarters,B,12,81.500000
downstream_dominant__a_minimum__b_three_quarters,downstream_dominant,minimum,three_quarters,B,13,81.500000
downstream_dominant__a_minimum__b_three_quarters,downstream_dominant,minimum,three_quarters,B,14,81.500000
downstream_dominant__a_minimum__b_three_quarters,downstream_dominant,minimum,three_quarters,B,15,81.500000
downstream_dominant__a_minimum__b_three_quarters,downstream_dominant,minimum,three_quarters,B,16,81.500000
downstream_dominant__a_minimum__b_three_quarters,downstream_dominant,minimum,three_quarters,B,17,81.500000
downstream_dominant__a_minimum__b_three_quarters,downstream_dominant,minimum,three_quarters,B,18,81.500000
downstream_dominant__a_minimum__b_three_quarters,downstream_dominant,minimum,three_quarters,B,19,81.500000
downstream_dominant__a_minimum__b_three_quarters,downstream_dominant,minimum,three_quarters,B,20,81.500000
downstream_dominant__a_minimum__b_three_quarters,downstream_dominant,minimum,three_quarters,B,21,81.500000
downstream_dominant__a_minimum__b_three_quarters,downstream_dominant,minimum,three_quarters,B,22,81.500000
downstream_dominant__a_minimum__b_three_quarters,downstream_dominant,minimum,three_quarters,B,23,81.500000
downstream_dominant__a_minimum__b_maximum,downstream_dominant,minimum,maximum,A,0,45.000000
downstream_dominant__a_minimum__b_maximum,downstream_dominant,minimum,maximum,A,1,45.000000
downstream_dominant__a_minimum__b_maximum,downstream_dominant,minimum,maximum,A,2,45.000000
downstream_dominant__a_minimum__b_maximum,downstream_dominant,minimum,maximum,A,3,45.000000
downstream_dominant__a_minimum__b_maximum,downstream_dominant,minimum,maximum,A,4,45.000000
downstream_dominant__a_minimum__b_maximum,downstream_dominant,minimum,maximum,A,5,45.000000
downstream_dominant__a_minimum__b_maximum,downstream_dominant,minimum,maximum,A,6,45.000000
downstream_dominant__a_minimum__b_maximum,downstream_dominant,minimum,maximum,A,7,45.000000
downstream_dominant__a_minimum__b_maximum,downstream_dominant,minimum,maximum,A,8,45.000000
downstream_dominant__a_minimum__b_maximum,downstream_dominant,minimum,maximum,A,9,45.000000
downstream_dominant__a_minimum__b_maximum,downstream_dominant,minimum,maximum,A,10,45.000000
downstream_dominant__a_minimum__b_maximum,downstream_dominant,minimum,maximum,A,11,45.000000
downstream_dominant__a_minimum__b_maximum,downstream_dominant,minimum,maximum,A,12,45.000000
downstream_dominant__a_minimum__b_maximum,downstream_dominant,minimum,maximum,A,13,45.000000
downstream_dominant__a_minimum__b_maximum,downstream_dominant,minimum,maximum,A,14,45.000000
downstream_dominant__a_minimum__b_maximum,downstream_dominant,minimum,maximum,A,15,45.000000
downstream_dominant__a_minimum__b_maximum,downstream_dominant,minimum,maximum,A,16,45.000000
downstream_dominant__a_minimum__b_maximum,downstream_dominant,minimum,maximum,A,17,45.000000
downstream_dominant__a_minimum__b_maximum,downstream_dominant,minimum,maximum,A,18,45.000000
downstream_dominant__a_minimum__b_maximum,downstream_dominant,minimum,maximum,A,19,45.000000
downstream_dominant__a_minimum__b_maximum,downstream_dominant,minimum,maximum,A,20,45.000000
downstream_dominant__a_minimum__b_maximum,downstream_dominant,minimum,maximum,A,21,45.000000
downstream_dominant__a_minimum__b_maximum,downstream_dominant,minimum,maximum,A,22,45.000000
downstream_dominant__a_minimum__b_maximum,downstream_dominant,minimum,maximum,A,23,45.000000
downstream_dominant__a_minimum__b_maximum,downstream_dominant,minimum,maximum,B,0,98.000000
downstream_dominant__a_minimum__b_maximum,downstream_dominant,minimum,maximum,B,1,98.000000
downstream_dominant__a_minimum__b_maximum,downstream_dominant,minimum,maximum,B,2,98.000000
downstream_dominant__a_minimum__b_maximum,downstream_dominant,minimum,maximum,B,3,98.000000
downstream_dominant__a_minimum__b_maximum,downstream_dominant,minimum,maximum,B,4,98.000000
downstream_dominant__a_minimum__b_maximum,downstream_dominant,minimum,maximum,B,5,98.000000
downstream_dominant__a_minimum__b_maximum,downstream_dominant,minimum,maximum,B,6,98.000000
downstream_dominant__a_minimum__b_maximum,downstream_dominant,minimum,maximum,B,7,98.000000
downstream_dominant__a_minimum__b_maximum,downstream_dominant,minimum,maximum,B,8,98.000000
downstream_dominant__a_minimum__b_maximum,downstream_dominant,minimum,maximum,B,9,98.000000
downstream_dominant__a_minimum__b_maximum,downstream_dominant,minimum,maximum,B,10,98.000000
downstream_dominant__a_minimum__b_maximum,downstream_dominant,minimum,maximum,B,11,98.000000
downstream_dominant__a_minimum__b_maximum,downstream_dominant,minimum,maximum,B,12,98.000000
downstream_dominant__a_minimum__b_maximum,downstream_dominant,minimum,maximum,B,13,98.000000
downstream_dominant__a_minimum__b_maximum,downstream_dominant,minimum,maximum,B,14,98.000000
downstream_dominant__a_minimum__b_maximum,downstream_dominant,minimum,maximum,B,15,98.000000
downstream_dominant__a_minimum__b_maximum,downstream_dominant,minimum,maximum,B,16,98.000000
downstream_dominant__a_minimum__b_maximum,downstream_dominant,minimum,maximum,B,17,98.000000
downstream_dominant__a_minimum__b_maximum,downstream_dominant,minimum,maximum,B,18,98.000000
downstream_dominant__a_minimum__b_maximum,downstream_dominant,minimum,maximum,B,19,98.000000
downstream_dominant__a_minimum__b_maximum,downstream_dominant,minimum,maximum,B,20,98.000000
downstream_dominant__a_minimum__b_maximum,downstream_dominant,minimum,maximum,B,21,98.000000
downstream_dominant__a_minimum__b_maximum,downstream_dominant,minimum,maximum,B,22,98.000000
downstream_dominant__a_minimum__b_maximum,downstream_dominant,minimum,maximum,B,23,98.000000
downstream_dominant__a_quarter__b_off,downstream_dominant,quarter,off,A,0,65.750000
downstream_dominant__a_quarter__b_off,downstream_dominant,quarter,off,A,1,65.750000
downstream_dominant__a_quarter__b_off,downstream_dominant,quarter,off,A,2,65.750000
downstream_dominant__a_quarter__b_off,downstream_dominant,quarter,off,A,3,65.750000
downstream_dominant__a_quarter__b_off,downstream_dominant,quarter,off,A,4,65.750000
downstream_dominant__a_quarter__b_off,downstream_dominant,quarter,off,A,5,65.750000
downstream_dominant__a_quarter__b_off,downstream_dominant,quarter,off,A,6,65.750000
downstream_dominant__a_quarter__b_off,downstream_dominant,quarter,off,A,7,65.750000
downstream_dominant__a_quarter__b_off,downstream_dominant,quarter,off,A,8,65.750000
downstream_dominant__a_quarter__b_off,downstream_dominant,quarter,off,A,9,65.750000
downstream_dominant__a_quarter__b_off,downstream_dominant,quarter,off,A,10,65.750000
downstream_dominant__a_quarter__b_off,downstream_dominant,quarter,off,A,11,65.750000
downstream_dominant__a_quarter__b_off,downstream_dominant,quarter,off,A,12,65.750000
downstream_dominant__a_quarter__b_off,downstream_dominant,quarter,off,A,13,65.750000
downstream_dominant__a_quarter__b_off,downstream_dominant,quarter,off,A,14,65.750000
downstream_dominant__a_quarter__b_off,downstream_dominant,quarter,off,A,15,65.750000
downstream_dominant__a_quarter__b_off,downstream_dominant,quarter,off,A,16,65.750000
downstream_dominant__a_quarter__b_off,downstream_dominant,quarter,off,A,17,65.750000
downstream_dominant__a_quarter__b_off,downstream_dominant,quarter,off,A,18,65.750000
downstream_dominant__a_quarter__b_off,downstream_dominant,quarter,off,A,19,65.750000
downstream_dominant__a_quarter__b_off,downstream_dominant,quarter,off,A,20,65.750000
downstream_dominant__a_quarter__b_off,downstream_dominant,quarter,off,A,21,65.750000
downstream_dominant__a_quarter__b_off,downstream_dominant,quarter,off,A,22,65.750000
downstream_dominant__a_quarter__b_off,downstream_dominant,quarter,off,A,23,65.750000
downstream_dominant__a_quarter__b_off,downstream_dominant,quarter,off,B,0,0.000000
downstream_dominant__a_quarter__b_off,downstream_dominant,quarter,off,B,1,0.000000
downstream_dominant__a_quarter__b_off,downstream_dominant,quarter,off,B,2,0.000000
downstream_dominant__a_quarter__b_off,downstream_dominant,quarter,off,B,3,0.000000
downstream_dominant__a_quarter__b_off,downstream_dominant,quarter,off,B,4,0.000000
downstream_dominant__a_quarter__b_off,downstream_dominant,quarter,off,B,5,0.000000
downstream_dominant__a_quarter__b_off,downstream_dominant,quarter,off,B,6,0.000000
downstream_dominant__a_quarter__b_off,downstream_dominant,quarter,off,B,7,0.000000
downstream_dominant__a_quarter__b_off,downstream_dominant,quarter,off,B,8,0.000000
downstream_dominant__a_quarter__b_off,downstream_dominant,quarter,off,B,9,0.000000
downstream_dominant__a_quarter__b_off,downstream_dominant,quarter,off,B,10,0.000000
downstream_dominant__a_quarter__b_off,downstream_dominant,quarter,off,B,11,0.000000
downstream_dominant__a_quarter__b_off,downstream_dominant,quarter,off,B,12,0.000000
downstream_dominant__a_quarter__b_off,downstream_dominant,quarter,off,B,13,0.000000
downstream_dominant__a_quarter__b_off,downstream_dominant,quarter,off,B,14,0.000000
downstream_dominant__a_quarter__b_off,downstream_dominant,quarter,off,B,15,0.000000
downstream_dominant__a_quarter__b_off,downstream_dominant,quarter,off,B,16,0.000000
downstream_dominant__a_quarter__b_off,downstream_dominant,quarter,off,B,17,0.000000
downstream_dominant__a_quarter__b_off,downstream_dominant,quarter,off,B,18,0.000000
downstream_dominant__a_quarter__b_off,downstream_dominant,quarter,off,B,19,0.000000
downstream_dominant__a_quarter__b_off,downstream_dominant,quarter,off,B,20,0.000000
downstream_dominant__a_quarter__b_off,downstream_dominant,quarter,off,B,21,0.000000
downstream_dominant__a_quarter__b_off,downstream_dominant,quarter,off,B,22,0.000000
downstream_dominant__a_quarter__b_off,downstream_dominant,quarter,off,B,23,0.000000
downstream_dominant__a_quarter__b_minimum,downstream_dominant,quarter,minimum,A,0,65.750000
downstream_dominant__a_quarter__b_minimum,downstream_dominant,quarter,minimum,A,1,65.750000
downstream_dominant__a_quarter__b_minimum,downstream_dominant,quarter,minimum,A,2,65.750000
downstream_dominant__a_quarter__b_minimum,downstream_dominant,quarter,minimum,A,3,65.750000
downstream_dominant__a_quarter__b_minimum,downstream_dominant,quarter,minimum,A,4,65.750000
downstream_dominant__a_quarter__b_minimum,downstream_dominant,quarter,minimum,A,5,65.750000
downstream_dominant__a_quarter__b_minimum,downstream_dominant,quarter,minimum,A,6,65.750000
downstream_dominant__a_quarter__b_minimum,downstream_dominant,quarter,minimum,A,7,65.750000
downstream_dominant__a_quarter__b_minimum,downstream_dominant,quarter,minimum,A,8,65.750000
downstream_dominant__a_quarter__b_minimum,downstream_dominant,quarter,minimum,A,9,65.750000
downstream_dominant__a_quarter__b_minimum,downstream_dominant,quarter,minimum,A,10,65.750000
downstream_dominant__a_quarter__b_minimum,downstream_dominant,quarter,minimum,A,11,65.750000
downstream_dominant__a_quarter__b_minimum,downstream_dominant,quarter,minimum,A,12,65.750000
downstream_dominant__a_quarter__b_minimum,downstream_dominant,quarter,minimum,A,13,65.750000
downstream_dominant__a_quarter__b_minimum,downstream_dominant,quarter,minimum,A,14,65.750000
downstream_dominant__a_quarter__b_minimum,downstream_dominant,quarter,minimum,A,15,65.750000
downstream_dominant__a_quarter__b_minimum,downstream_dominant,quarter,minimum,A,16,65.750000
downstream_dominant__a_quarter__b_minimum,downstream_dominant,quarter,minimum,A,17,65.750000
downstream_dominant__a_quarter__b_minimum,downstream_dominant,quarter,minimum,A,18,65.750000
downstream_dominant__a_quarter__b_minimum,downstream_dominant,quarter,minimum,A,19,65.750000
downstream_dominant__a_quarter__b_minimum,downstream_dominant,quarter,minimum,A,20,65.750000
downstream_dominant__a_quarter__b_minimum,downstream_dominant,quarter,minimum,A,21,65.750000
downstream_dominant__a_quarter__b_minimum,downstream_dominant,quarter,minimum,A,22,65.750000
downstream_dominant__a_quarter__b_minimum,downstream_dominant,quarter,minimum,A,23,65.750000
downstream_dominant__a_quarter__b_minimum,downstream_dominant,quarter,minimum,B,0,32.000000
downstream_dominant__a_quarter__b_minimum,downstream_dominant,quarter,minimum,B,1,32.000000
downstream_dominant__a_quarter__b_minimum,downstream_dominant,quarter,minimum,B,2,32.000000
downstream_dominant__a_quarter__b_minimum,downstream_dominant,quarter,minimum,B,3,32.000000
downstream_dominant__a_quarter__b_minimum,downstream_dominant,quarter,minimum,B,4,32.000000
downstream_dominant__a_quarter__b_minimum,downstream_dominant,quarter,minimum,B,5,32.000000
downstream_dominant__a_quarter__b_minimum,downstream_dominant,quarter,minimum,B,6,32.000000
downstream_dominant__a_quarter__b_minimum,downstream_dominant,quarter,minimum,B,7,32.000000
downstream_dominant__a_quarter__b_minimum,downstream_dominant,quarter,minimum,B,8,32.000000
downstream_dominant__a_quarter__b_minimum,downstream_dominant,quarter,minimum,B,9,32.000000
downstream_dominant__a_quarter__b_minimum,downstream_dominant,quarter,minimum,B,10,32.000000
downstream_dominant__a_quarter__b_minimum,downstream_dominant,quarter,minimum,B,11,32.000000
downstream_dominant__a_quarter__b_minimum,downstream_dominant,quarter,minimum,B,12,32.000000
downstream_dominant__a_quarter__b_minimum,downstream_dominant,quarter,minimum,B,13,32.000000
downstream_dominant__a_quarter__b_minimum,downstream_dominant,quarter,minimum,B,14,32.000000
downstream_dominant__a_quarter__b_minimum,downstream_dominant,quarter,minimum,B,15,32.000000
downstream_dominant__a_quarter__b_minimum,downstream_dominant,quarter,minimum,B,16,32.000000
downstream_dominant__a_quarter__b_minimum,downstream_dominant,quarter,minimum,B,17,32.000000
downstream_dominant__a_quarter__b_minimum,downstream_dominant,quarter,minimum,B,18,32.000000
downstream_dominant__a_quarter__b_minimum,downstream_dominant,quarter,minimum,B,19,32.000000
downstream_dominant__a_quarter__b_minimum,downstream_dominant,quarter,minimum,B,20,32.000000
downstream_dominant__a_quarter__b_minimum,downstream_dominant,quarter,minimum,B,21,32.000000
downstream_dominant__a_quarter__b_minimum,downstream_dominant,quarter,minimum,B,22,32.000000
downstream_dominant__a_quarter__b_minimum,downstream_dominant,quarter,minimum,B,23,32.000000
downstream_dominant__a_quarter__b_quarter,downstream_dominant,quarter,quarter,A,0,65.750000
downstream_dominant__a_quarter__b_quarter,downstream_dominant,quarter,quarter,A,1,65.750000
downstream_dominant__a_quarter__b_quarter,downstream_dominant,quarter,quarter,A,2,65.750000
downstream_dominant__a_quarter__b_quarter,downstream_dominant,quarter,quarter,A,3,65.750000
downstream_dominant__a_quarter__b_quarter,downstream_dominant,quarter,quarter,A,4,65.750000
downstream_dominant__a_quarter__b_quarter,downstream_dominant,quarter,quarter,A,5,65.750000
downstream_dominant__a_quarter__b_quarter,downstream_dominant,quarter,quarter,A,6,65.750000
downstream_dominant__a_quarter__b_quarter,downstream_dominant,quarter,quarter,A,7,65.750000
downstream_dominant__a_quarter__b_quarter,downstream_dominant,quarter,quarter,A,8,65.750000
downstream_dominant__a_quarter__b_quarter,downstream_dominant,quarter,quarter,A,9,65.750000
downstream_dominant__a_quarter__b_quarter,downstream_dominant,quarter,quarter,A,10,65.750000
downstream_dominant__a_quarter__b_quarter,downstream_dominant,quarter,quarter,A,11,65.750000
downstream_dominant__a_quarter__b_quarter,downstream_dominant,quarter,quarter,A,12,65.750000
downstream_dominant__a_quarter__b_quarter,downstream_dominant,quarter,quarter,A,13,65.750000
downstream_dominant__a_quarter__b_quarter,downstream_dominant,quarter,quarter,A,14,65.750000
downstream_dominant__a_quarter__b_quarter,downstream_dominant,quarter,quarter,A,15,65.750000
downstream_dominant__a_quarter__b_quarter,downstream_dominant,quarter,quarter,A,16,65.750000
downstream_dominant__a_quarter__b_quarter,downstream_dominant,quarter,quarter,A,17,65.750000
downstream_dominant__a_quarter__b_quarter,downstream_dominant,quarter,quarter,A,18,65.750000
downstream_dominant__a_quarter__b_quarter,downstream_dominant,quarter,quarter,A,19,65.750000
downstream_dominant__a_quarter__b_quarter,downstream_dominant,quarter,quarter,A,20,65.750000
downstream_dominant__a_quarter__b_quarter,downstream_dominant,quarter,quarter,A,21,65.750000
downstream_dominant__a_quarter__b_quarter,downstream_dominant,quarter,quarter,A,22,65.750000
downstream_dominant__a_quarter__b_quarter,downstream_dominant,quarter,quarter,A,23,65.750000
downstream_dominant__a_quarter__b_quarter,downstream_dominant,quarter,quarter,B,0,48.500000
downstream_dominant__a_quarter__b_quarter,downstream_dominant,quarter,quarter,B,1,48.500000
downstream_dominant__a_quarter__b_quarter,downstream_dominant,quarter,quarter,B,2,48.500000
downstream_dominant__a_quarter__b_quarter,downstream_dominant,quarter,quarter,B,3,48.500000
downstream_dominant__a_quarter__b_quarter,downstream_dominant,quarter,quarter,B,4,48.500000
downstream_dominant__a_quarter__b_quarter,downstream_dominant,quarter,quarter,B,5,48.500000
downstream_dominant__a_quarter__b_quarter,downstream_dominant,quarter,quarter,B,6,48.500000
downstream_dominant__a_quarter__b_quarter,downstream_dominant,quarter,quarter,B,7,48.500000
downstream_dominant__a_quarter__b_quarter,downstream_dominant,quarter,quarter,B,8,48.500000
downstream_dominant__a_quarter__b_quarter,downstream_dominant,quarter,quarter,B,9,48.500000
downstream_dominant__a_quarter__b_quarter,downstream_dominant,quarter,quarter,B,10,48.500000
downstream_dominant__a_quarter__b_quarter,downstream_dominant,quarter,quarter,B,11,48.500000
downstream_dominant__a_quarter__b_quarter,downstream_dominant,quarter,quarter,B,12,48.500000
downstream_dominant__a_quarter__b_quarter,downstream_dominant,quarter,quarter,B,13,48.500000
downstream_dominant__a_quarter__b_quarter,downstream_dominant,quarter,quarter,B,14,48.500000
downstream_dominant__a_quarter__b_quarter,downstream_dominant,quarter,quarter,B,15,48.500000
downstream_dominant__a_quarter__b_quarter,downstream_dominant,quarter,quarter,B,16,48.500000
downstream_dominant__a_quarter__b_quarter,downstream_dominant,quarter,quarter,B,17,48.500000
downstream_dominant__a_quarter__b_quarter,downstream_dominant,quarter,quarter,B,18,48.500000
downstream_dominant__a_quarter__b_quarter,downstream_dominant,quarter,quarter,B,19,48.500000
downstream_dominant__a_quarter__b_quarter,downstream_dominant,quarter,quarter,B,20,48.500000
downstream_dominant__a_quarter__b_quarter,downstream_dominant,quarter,quarter,B,21,48.500000
downstream_dominant__a_quarter__b_quarter,downstream_dominant,quarter,quarter,B,22,48.500000
downstream_dominant__a_quarter__b_quarter,downstream_dominant,quarter,quarter,B,23,48.500000
downstream_dominant__a_quarter__b_half,downstream_dominant,quarter,half,A,0,65.750000
downstream_dominant__a_quarter__b_half,downstream_dominant,quarter,half,A,1,65.750000
downstream_dominant__a_quarter__b_half,downstream_dominant,quarter,half,A,2,65.750000
downstream_dominant__a_quarter__b_half,downstream_dominant,quarter,half,A,3,65.750000
downstream_dominant__a_quarter__b_half,downstream_dominant,quarter,half,A,4,65.750000
downstream_dominant__a_quarter__b_half,downstream_dominant,quarter,half,A,5,65.750000
downstream_dominant__a_quarter__b_half,downstream_dominant,quarter,half,A,6,65.750000
downstream_dominant__a_quarter__b_half,downstream_dominant,quarter,half,A,7,65.750000
downstream_dominant__a_quarter__b_half,downstream_dominant,quarter,half,A,8,65.750000
downstream_dominant__a_quarter__b_half,downstream_dominant,quarter,half,A,9,65.750000
downstream_dominant__a_quarter__b_half,downstream_dominant,quarter,half,A,10,65.750000
downstream_dominant__a_quarter__b_half,downstream_dominant,quarter,half,A,11,65.750000
downstream_dominant__a_quarter__b_half,downstream_dominant,quarter,half,A,12,65.750000
downstream_dominant__a_quarter__b_half,downstream_dominant,quarter,half,A,13,65.750000
downstream_dominant__a_quarter__b_half,downstream_dominant,quarter,half,A,14,65.750000
downstream_dominant__a_quarter__b_half,downstream_dominant,quarter,half,A,15,65.750000
downstream_dominant__a_quarter__b_half,downstream_dominant,quarter,half,A,16,65.750000
downstream_dominant__a_quarter__b_half,downstream_dominant,quarter,half,A,17,65.750000
downstream_dominant__a_quarter__b_half,downstream_dominant,quarter,half,A,18,65.750000
downstream_dominant__a_quarter__b_half,downstream_dominant,quarter,half,A,19,65.750000
downstream_dominant__a_quarter__b_half,downstream_dominant,quarter,half,A,20,65.750000
downstream_dominant__a_quarter__b_half,downstream_dominant,quarter,half,A,21,65.750000
downstream_dominant__a_quarter__b_half,downstream_dominant,quarter,half,A,22,65.750000
downstream_dominant__a_quarter__b_half,downstream_dominant,quarter,half,A,23,65.750000
downstream_dominant__a_quarter__b_half,downstream_dominant,quarter,half,B,0,65.000000
downstream_dominant__a_quarter__b_half,downstream_dominant,quarter,half,B,1,65.000000
downstream_dominant__a_quarter__b_half,downstream_dominant,quarter,half,B,2,65.000000
downstream_dominant__a_quarter__b_half,downstream_dominant,quarter,half,B,3,65.000000
downstream_dominant__a_quarter__b_half,downstream_dominant,quarter,half,B,4,65.000000
downstream_dominant__a_quarter__b_half,downstream_dominant,quarter,half,B,5,65.000000
downstream_dominant__a_quarter__b_half,downstream_dominant,quarter,half,B,6,65.000000
downstream_dominant__a_quarter__b_half,downstream_dominant,quarter,half,B,7,65.000000
downstream_dominant__a_quarter__b_half,downstream_dominant,quarter,half,B,8,65.000000
downstream_dominant__a_quarter__b_half,downstream_dominant,quarter,half,B,9,65.000000
downstream_dominant__a_quarter__b_half,downstream_dominant,quarter,half,B,10,65.000000
downstream_dominant__a_quarter__b_half,downstream_dominant,quarter,half,B,11,65.000000
downstream_dominant__a_quarter__b_half,downstream_dominant,quarter,half,B,12,65.000000
downstream_dominant__a_quarter__b_half,downstream_dominant,quarter,half,B,13,65.000000
downstream_dominant__a_quarter__b_half,downstream_dominant,quarter,half,B,14,65.000000
downstream_dominant__a_quarter__b_half,downstream_dominant,quarter,half,B,15,65.000000
downstream_dominant__a_quarter__b_half,downstream_dominant,quarter,half,B,16,65.000000
downstream_dominant__a_quarter__b_half,downstream_dominant,quarter,half,B,17,65.000000
downstream_dominant__a_quarter__b_half,downstream_dominant,quarter,half,B,18,65.000000
downstream_dominant__a_quarter__b_half,downstream_dominant,quarter,half,B,19,65.000000
downstream_dominant__a_quarter__b_half,downstream_dominant,quarter,half,B,20,65.000000
downstream_dominant__a_quarter__b_half,downstream_dominant,quarter,half,B,21,65.000000
downstream_dominant__a_quarter__b_half,downstream_dominant,quarter,half,B,22,65.000000
downstream_dominant__a_quarter__b_half,downstream_dominant,quarter,half,B,23,65.000000
downstream_dominant__a_quarter__b_three_quarters,downstream_dominant,quarter,three_quarters,A,0,65.750000
downstream_dominant__a_quarter__b_three_quarters,downstream_dominant,quarter,three_quarters,A,1,65.750000
downstream_dominant__a_quarter__b_three_quarters,downstream_dominant,quarter,three_quarters,A,2,65.750000
downstream_dominant__a_quarter__b_three_quarters,downstream_dominant,quarter,three_quarters,A,3,65.750000
downstream_dominant__a_quarter__b_three_quarters,downstream_dominant,quarter,three_quarters,A,4,65.750000
downstream_dominant__a_quarter__b_three_quarters,downstream_dominant,quarter,three_quarters,A,5,65.750000
downstream_dominant__a_quarter__b_three_quarters,downstream_dominant,quarter,three_quarters,A,6,65.750000
downstream_dominant__a_quarter__b_three_quarters,downstream_dominant,quarter,three_quarters,A,7,65.750000
downstream_dominant__a_quarter__b_three_quarters,downstream_dominant,quarter,three_quarters,A,8,65.750000
downstream_dominant__a_quarter__b_three_quarters,downstream_dominant,quarter,three_quarters,A,9,65.750000
downstream_dominant__a_quarter__b_three_quarters,downstream_dominant,quarter,three_quarters,A,10,65.750000
downstream_dominant__a_quarter__b_three_quarters,downstream_dominant,quarter,three_quarters,A,11,65.750000
downstream_dominant__a_quarter__b_three_quarters,downstream_dominant,quarter,three_quarters,A,12,65.750000
downstream_dominant__a_quarter__b_three_quarters,downstream_dominant,quarter,three_quarters,A,13,65.750000
downstream_dominant__a_quarter__b_three_quarters,downstream_dominant,quarter,three_quarters,A,14,65.750000
downstream_dominant__a_quarter__b_three_quarters,downstream_dominant,quarter,three_quarters,A,15,65.750000
downstream_dominant__a_quarter__b_three_quarters,downstream_dominant,quarter,three_quarters,A,16,65.750000
downstream_dominant__a_quarter__b_three_quarters,downstream_dominant,quarter,three_quarters,A,17,65.750000
downstream_dominant__a_quarter__b_three_quarters,downstream_dominant,quarter,three_quarters,A,18,65.750000
downstream_dominant__a_quarter__b_three_quarters,downstream_dominant,quarter,three_quarters,A,19,65.750000
downstream_dominant__a_quarter__b_three_quarters,downstream_dominant,quarter,three_quarters,A,20,65.750000
downstream_dominant__a_quarter__b_three_quarters,downstream_dominant,quarter,three_quarters,A,21,65.750000
downstream_dominant__a_quarter__b_three_quarters,downstream_dominant,quarter,three_quarters,A,22,65.750000
downstream_dominant__a_quarter__b_three_quarters,downstream_dominant,quarter,three_quarters,A,23,65.750000
downstream_dominant__a_quarter__b_three_quarters,downstream_dominant,quarter,three_quarters,B,0,81.500000
downstream_dominant__a_quarter__b_three_quarters,downstream_dominant,quarter,three_quarters,B,1,81.500000
downstream_dominant__a_quarter__b_three_quarters,downstream_dominant,quarter,three_quarters,B,2,81.500000
downstream_dominant__a_quarter__b_three_quarters,downstream_dominant,quarter,three_quarters,B,3,81.500000
downstream_dominant__a_quarter__b_three_quarters,downstream_dominant,quarter,three_quarters,B,4,81.500000
downstream_dominant__a_quarter__b_three_quarters,downstream_dominant,quarter,three_quarters,B,5,81.500000
downstream_dominant__a_quarter__b_three_quarters,downstream_dominant,quarter,three_quarters,B,6,81.500000
downstream_dominant__a_quarter__b_three_quarters,downstream_dominant,quarter,three_quarters,B,7,81.500000
downstream_dominant__a_quarter__b_three_quarters,downstream_dominant,quarter,three_quarters,B,8,81.500000
downstream_dominant__a_quarter__b_three_quarters,downstream_dominant,quarter,three_quarters,B,9,81.500000
downstream_dominant__a_quarter__b_three_quarters,downstream_dominant,quarter,three_quarters,B,10,81.500000
downstream_dominant__a_quarter__b_three_quarters,downstream_dominant,quarter,three_quarters,B,11,81.500000
downstream_dominant__a_quarter__b_three_quarters,downstream_dominant,quarter,three_quarters,B,12,81.500000
downstream_dominant__a_quarter__b_three_quarters,downstream_dominant,quarter,three_quarters,B,13,81.500000
downstream_dominant__a_quarter__b_three_quarters,downstream_dominant,quarter,three_quarters,B,14,81.500000
downstream_dominant__a_quarter__b_three_quarters,downstream_dominant,quarter,three_quarters,B,15,81.500000
downstream_dominant__a_quarter__b_three_quarters,downstream_dominant,quarter,three_quarters,B,16,81.500000
downstream_dominant__a_quarter__b_three_quarters,downstream_dominant,quarter,three_quarters,B,17,81.500000
downstream_dominant__a_quarter__b_three_quarters,downstream_dominant,quarter,three_quarters,B,18,81.500000
downstream_dominant__a_quarter__b_three_quarters,downstream_dominant,quarter,three_quarters,B,19,81.500000
downstream_dominant__a_quarter__b_three_quarters,downstream_dominant,quarter,three_quarters,B,20,81.500000
downstream_dominant__a_quarter__b_three_quarters,downstream_dominant,quarter,three_quarters,B,21,81.500000
downstream_dominant__a_quarter__b_three_quarters,downstream_dominant,quarter,three_quarters,B,22,81.500000
downstream_dominant__a_quarter__b_three_quarters,downstream_dominant,quarter,three_quarters,B,23,81.500000
downstream_dominant__a_quarter__b_maximum,downstream_dominant,quarter,maximum,A,0,65.750000
downstream_dominant__a_quarter__b_maximum,downstream_dominant,quarter,maximum,A,1,65.750000
downstream_dominant__a_quarter__b_maximum,downstream_dominant,quarter,maximum,A,2,65.750000
downstream_dominant__a_quarter__b_maximum,downstream_dominant,quarter,maximum,A,3,65.750000
downstream_dominant__a_quarter__b_maximum,downstream_dominant,quarter,maximum,A,4,65.750000
downstream_dominant__a_quarter__b_maximum,downstream_dominant,quarter,maximum,A,5,65.750000
downstream_dominant__a_quarter__b_maximum,downstream_dominant,quarter,maximum,A,6,65.750000
downstream_dominant__a_quarter__b_maximum,downstream_dominant,quarter,maximum,A,7,65.750000
downstream_dominant__a_quarter__b_maximum,downstream_dominant,quarter,maximum,A,8,65.750000
downstream_dominant__a_quarter__b_maximum,downstream_dominant,quarter,maximum,A,9,65.750000
downstream_dominant__a_quarter__b_maximum,downstream_dominant,quarter,maximum,A,10,65.750000
downstream_dominant__a_quarter__b_maximum,downstream_dominant,quarter,maximum,A,11,65.750000
downstream_dominant__a_quarter__b_maximum,downstream_dominant,quarter,maximum,A,12,65.750000
downstream_dominant__a_quarter__b_maximum,downstream_dominant,quarter,maximum,A,13,65.750000
downstream_dominant__a_quarter__b_maximum,downstream_dominant,quarter,maximum,A,14,65.750000
downstream_dominant__a_quarter__b_maximum,downstream_dominant,quarter,maximum,A,15,65.750000
downstream_dominant__a_quarter__b_maximum,downstream_dominant,quarter,maximum,A,16,65.750000
downstream_dominant__a_quarter__b_maximum,downstream_dominant,quarter,maximum,A,17,65.750000
downstream_dominant__a_quarter__b_maximum,downstream_dominant,quarter,maximum,A,18,65.750000
downstream_dominant__a_quarter__b_maximum,downstream_dominant,quarter,maximum,A,19,65.750000
downstream_dominant__a_quarter__b_maximum,downstream_dominant,quarter,maximum,A,20,65.750000
downstream_dominant__a_quarter__b_maximum,downstream_dominant,quarter,maximum,A,21,65.750000
downstream_dominant__a_quarter__b_maximum,downstream_dominant,quarter,maximum,A,22,65.750000
downstream_dominant__a_quarter__b_maximum,downstream_dominant,quarter,maximum,A,23,65.750000
downstream_dominant__a_quarter__b_maximum,downstream_dominant,quarter,maximum,B,0,98.000000
downstream_dominant__a_quarter__b_maximum,downstream_dominant,quarter,maximum,B,1,98.000000
downstream_dominant__a_quarter__b_maximum,downstream_dominant,quarter,maximum,B,2,98.000000
downstream_dominant__a_quarter__b_maximum,downstream_dominant,quarter,maximum,B,3,98.000000
downstream_dominant__a_quarter__b_maximum,downstream_dominant,quarter,maximum,B,4,98.000000
downstream_dominant__a_quarter__b_maximum,downstream_dominant,quarter,maximum,B,5,98.000000
downstream_dominant__a_quarter__b_maximum,downstream_dominant,quarter,maximum,B,6,98.000000
downstream_dominant__a_quarter__b_maximum,downstream_dominant,quarter,maximum,B,7,98.000000
downstream_dominant__a_quarter__b_maximum,downstream_dominant,quarter,maximum,B,8,98.000000
downstream_dominant__a_quarter__b_maximum,downstream_dominant,quarter,maximum,B,9,98.000000
downstream_dominant__a_quarter__b_maximum,downstream_dominant,quarter,maximum,B,10,98.000000
downstream_dominant__a_quarter__b_maximum,downstream_dominant,quarter,maximum,B,11,98.000000
downstream_dominant__a_quarter__b_maximum,downstream_dominant,quarter,maximum,B,12,98.000000
downstream_dominant__a_quarter__b_maximum,downstream_dominant,quarter,maximum,B,13,98.000000
downstream_dominant__a_quarter__b_maximum,downstream_dominant,quarter,maximum,B,14,98.000000
downstream_dominant__a_quarter__b_maximum,downstream_dominant,quarter,maximum,B,15,98.000000
downstream_dominant__a_quarter__b_maximum,downstream_dominant,quarter,maximum,B,16,98.000000
downstream_dominant__a_quarter__b_maximum,downstream_dominant,quarter,maximum,B,17,98.000000
downstream_dominant__a_quarter__b_maximum,downstream_dominant,quarter,maximum,B,18,98.000000
downstream_dominant__a_quarter__b_maximum,downstream_dominant,quarter,maximum,B,19,98.000000
downstream_dominant__a_quarter__b_maximum,downstream_dominant,quarter,maximum,B,20,98.000000
downstream_dominant__a_quarter__b_maximum,downstream_dominant,quarter,maximum,B,21,98.000000
downstream_dominant__a_quarter__b_maximum,downstream_dominant,quarter,maximum,B,22,98.000000
downstream_dominant__a_quarter__b_maximum,downstream_dominant,quarter,maximum,B,23,98.000000
downstream_dominant__a_half__b_off,downstream_dominant,half,off,A,0,86.500000
downstream_dominant__a_half__b_off,downstream_dominant,half,off,A,1,86.500000
downstream_dominant__a_half__b_off,downstream_dominant,half,off,A,2,86.500000
downstream_dominant__a_half__b_off,downstream_dominant,half,off,A,3,86.500000
downstream_dominant__a_half__b_off,downstream_dominant,half,off,A,4,86.500000
downstream_dominant__a_half__b_off,downstream_dominant,half,off,A,5,86.500000
downstream_dominant__a_half__b_off,downstream_dominant,half,off,A,6,86.500000
downstream_dominant__a_half__b_off,downstream_dominant,half,off,A,7,86.500000
downstream_dominant__a_half__b_off,downstream_dominant,half,off,A,8,86.500000
downstream_dominant__a_half__b_off,downstream_dominant,half,off,A,9,86.500000
downstream_dominant__a_half__b_off,downstream_dominant,half,off,A,10,86.500000
downstream_dominant__a_half__b_off,downstream_dominant,half,off,A,11,86.500000
downstream_dominant__a_half__b_off,downstream_dominant,half,off,A,12,86.500000
downstream_dominant__a_half__b_off,downstream_dominant,half,off,A,13,86.500000
downstream_dominant__a_half__b_off,downstream_dominant,half,off,A,14,86.500000
downstream_dominant__a_half__b_off,downstream_dominant,half,off,A,15,86.500000
downstream_dominant__a_half__b_off,downstream_dominant,half,off,A,16,86.500000
downstream_dominant__a_half__b_off,downstream_dominant,half,off,A,17,86.500000
downstream_dominant__a_half__b_off,downstream_dominant,half,off,A,18,86.500000
downstream_dominant__a_half__b_off,downstream_dominant,half,off,A,19,86.500000
downstream_dominant__a_half__b_off,downstream_dominant,half,off,A,20,86.500000
downstream_dominant__a_half__b_off,downstream_dominant,half,off,A,21,86.500000
downstream_dominant__a_half__b_off,downstream_dominant,half,off,A,22,86.500000
downstream_dominant__a_half__b_off,downstream_dominant,half,off,A,23,86.500000
downstream_dominant__a_half__b_off,downstream_dominant,half,off,B,0,0.000000
downstream_dominant__a_half__b_off,downstream_dominant,half,off,B,1,0.000000
downstream_dominant__a_half__b_off,downstream_dominant,half,off,B,2,0.000000
downstream_dominant__a_half__b_off,downstream_dominant,half,off,B,3,0.000000
downstream_dominant__a_half__b_off,downstream_dominant,half,off,B,4,0.000000
downstream_dominant__a_half__b_off,downstream_dominant,half,off,B,5,0.000000
downstream_dominant__a_half__b_off,downstream_dominant,half,off,B,6,0.000000
downstream_dominant__a_half__b_off,downstream_dominant,half,off,B,7,0.000000
downstream_dominant__a_half__b_off,downstream_dominant,half,off,B,8,0.000000
downstream_dominant__a_half__b_off,downstream_dominant,half,off,B,9,0.000000
downstream_dominant__a_half__b_off,downstream_dominant,half,off,B,10,0.000000
downstream_dominant__a_half__b_off,downstream_dominant,half,off,B,11,0.000000
downstream_dominant__a_half__b_off,downstream_dominant,half,off,B,12,0.000000
downstream_dominant__a_half__b_off,downstream_dominant,half,off,B,13,0.000000
downstream_dominant__a_half__b_off,downstream_dominant,half,off,B,14,0.000000
downstream_dominant__a_half__b_off,downstream_dominant,half,off,B,15,0.000000
downstream_dominant__a_half__b_off,downstream_dominant,half,off,B,16,0.000000
downstream_dominant__a_half__b_off,downstream_dominant,half,off,B,17,0.000000
downstream_dominant__a_half__b_off,downstream_dominant,half,off,B,18,0.000000
downstream_dominant__a_half__b_off,downstream_dominant,half,off,B,19,0.000000
downstream_dominant__a_half__b_off,downstream_dominant,half,off,B,20,0.000000
downstream_dominant__a_half__b_off,downstream_dominant,half,off,B,21,0.000000
downstream_dominant__a_half__b_off,downstream_dominant,half,off,B,22,0.000000
downstream_dominant__a_half__b_off,downstream_dominant,half,off,B,23,0.000000
downstream_dominant__a_half__b_minimum,downstream_dominant,half,minimum,A,0,86.500000
downstream_dominant__a_half__b_minimum,downstream_dominant,half,minimum,A,1,86.500000
downstream_dominant__a_half__b_minimum,downstream_dominant,half,minimum,A,2,86.500000
downstream_dominant__a_half__b_minimum,downstream_dominant,half,minimum,A,3,86.500000
downstream_dominant__a_half__b_minimum,downstream_dominant,half,minimum,A,4,86.500000
downstream_dominant__a_half__b_minimum,downstream_dominant,half,minimum,A,5,86.500000
downstream_dominant__a_half__b_minimum,downstream_dominant,half,minimum,A,6,86.500000
downstream_dominant__a_half__b_minimum,downstream_dominant,half,minimum,A,7,86.500000
downstream_dominant__a_half__b_minimum,downstream_dominant,half,minimum,A,8,86.500000
downstream_dominant__a_half__b_minimum,downstream_dominant,half,minimum,A,9,86.500000
downstream_dominant__a_half__b_minimum,downstream_dominant,half,minimum,A,10,86.500000
downstream_dominant__a_half__b_minimum,downstream_dominant,half,minimum,A,11,86.500000
downstream_dominant__a_half__b_minimum,downstream_dominant,half,minimum,A,12,86.500000
downstream_dominant__a_half__b_minimum,downstream_dominant,half,minimum,A,13,86.500000
downstream_dominant__a_half__b_minimum,downstream_dominant,half,minimum,A,14,86.500000
downstream_dominant__a_half__b_minimum,downstream_dominant,half,minimum,A,15,86.500000
downstream_dominant__a_half__b_minimum,downstream_dominant,half,minimum,A,16,86.500000
downstream_dominant__a_half__b_minimum,downstream_dominant,half,minimum,A,17,86.500000
downstream_dominant__a_half__b_minimum,downstream_dominant,half,minimum,A,18,86.500000
downstream_dominant__a_half__b_minimum,downstream_dominant,half,minimum,A,19,86.500000
downstream_dominant__a_half__b_minimum,downstream_dominant,half,minimum,A,20,86.500000
downstream_dominant__a_half__b_minimum,downstream_dominant,half,minimum,A,21,86.500000
downstream_dominant__a_half__b_minimum,downstream_dominant,half,minimum,A,22,86.500000
downstream_dominant__a_half__b_minimum,downstream_dominant,half,minimum,A,23,86.500000
downstream_dominant__a_half__b_minimum,downstream_dominant,half,minimum,B,0,32.000000
downstream_dominant__a_half__b_minimum,downstream_dominant,half,minimum,B,1,32.000000
downstream_dominant__a_half__b_minimum,downstream_dominant,half,minimum,B,2,32.000000
downstream_dominant__a_half__b_minimum,downstream_dominant,half,minimum,B,3,32.000000
downstream_dominant__a_half__b_minimum,downstream_dominant,half,minimum,B,4,32.000000
downstream_dominant__a_half__b_minimum,downstream_dominant,half,minimum,B,5,32.000000
downstream_dominant__a_half__b_minimum,downstream_dominant,half,minimum,B,6,32.000000
downstream_dominant__a_half__b_minimum,downstream_dominant,half,minimum,B,7,32.000000
downstream_dominant__a_half__b_minimum,downstream_dominant,half,minimum,B,8,32.000000
downstream_dominant__a_half__b_minimum,downstream_dominant,half,minimum,B,9,32.000000
downstream_dominant__a_half__b_minimum,downstream_dominant,half,minimum,B,10,32.000000
downstream_dominant__a_half__b_minimum,downstream_dominant,half,minimum,B,11,32.000000
downstream_dominant__a_half__b_minimum,downstream_dominant,half,minimum,B,12,32.000000
downstream_dominant__a_half__b_minimum,downstream_dominant,half,minimum,B,13,32.000000
downstream_dominant__a_half__b_minimum,downstream_dominant,half,minimum,B,14,32.000000
downstream_dominant__a_half__b_minimum,downstream_dominant,half,minimum,B,15,32.000000
downstream_dominant__a_half__b_minimum,downstream_dominant,half,minimum,B,16,32.000000
downstream_dominant__a_half__b_minimum,downstream_dominant,half,minimum,B,17,32.000000
downstream_dominant__a_half__b_minimum,downstream_dominant,half,minimum,B,18,32.000000
downstream_dominant__a_half__b_minimum,downstream_dominant,half,minimum,B,19,32.000000
downstream_dominant__a_half__b_minimum,downstream_dominant,half,minimum,B,20,32.000000
downstream_dominant__a_half__b_minimum,downstream_dominant,half,minimum,B,21,32.000000
downstream_dominant__a_half__b_minimum,downstream_dominant,half,minimum,B,22,32.000000
downstream_dominant__a_half__b_minimum,downstream_dominant,half,minimum,B,23,32.000000
downstream_dominant__a_half__b_quarter,downstream_dominant,half,quarter,A,0,86.500000
downstream_dominant__a_half__b_quarter,downstream_dominant,half,quarter,A,1,86.500000
downstream_dominant__a_half__b_quarter,downstream_dominant,half,quarter,A,2,86.500000
downstream_dominant__a_half__b_quarter,downstream_dominant,half,quarter,A,3,86.500000
downstream_dominant__a_half__b_quarter,downstream_dominant,half,quarter,A,4,86.500000
downstream_dominant__a_half__b_quarter,downstream_dominant,half,quarter,A,5,86.500000
downstream_dominant__a_half__b_quarter,downstream_dominant,half,quarter,A,6,86.500000
downstream_dominant__a_half__b_quarter,downstream_dominant,half,quarter,A,7,86.500000
downstream_dominant__a_half__b_quarter,downstream_dominant,half,quarter,A,8,86.500000
downstream_dominant__a_half__b_quarter,downstream_dominant,half,quarter,A,9,86.500000
downstream_dominant__a_half__b_quarter,downstream_dominant,half,quarter,A,10,86.500000
downstream_dominant__a_half__b_quarter,downstream_dominant,half,quarter,A,11,86.500000
downstream_dominant__a_half__b_quarter,downstream_dominant,half,quarter,A,12,86.500000
downstream_dominant__a_half__b_quarter,downstream_dominant,half,quarter,A,13,86.500000
downstream_dominant__a_half__b_quarter,downstream_dominant,half,quarter,A,14,86.500000
downstream_dominant__a_half__b_quarter,downstream_dominant,half,quarter,A,15,86.500000
downstream_dominant__a_half__b_quarter,downstream_dominant,half,quarter,A,16,86.500000
downstream_dominant__a_half__b_quarter,downstream_dominant,half,quarter,A,17,86.500000
downstream_dominant__a_half__b_quarter,downstream_dominant,half,quarter,A,18,86.500000
downstream_dominant__a_half__b_quarter,downstream_dominant,half,quarter,A,19,86.500000
downstream_dominant__a_half__b_quarter,downstream_dominant,half,quarter,A,20,86.500000
downstream_dominant__a_half__b_quarter,downstream_dominant,half,quarter,A,21,86.500000
downstream_dominant__a_half__b_quarter,downstream_dominant,half,quarter,A,22,86.500000
downstream_dominant__a_half__b_quarter,downstream_dominant,half,quarter,A,23,86.500000
downstream_dominant__a_half__b_quarter,downstream_dominant,half,quarter,B,0,48.500000
downstream_dominant__a_half__b_quarter,downstream_dominant,half,quarter,B,1,48.500000
downstream_dominant__a_half__b_quarter,downstream_dominant,half,quarter,B,2,48.500000
downstream_dominant__a_half__b_quarter,downstream_dominant,half,quarter,B,3,48.500000
downstream_dominant__a_half__b_quarter,downstream_dominant,half,quarter,B,4,48.500000
downstream_dominant__a_half__b_quarter,downstream_dominant,half,quarter,B,5,48.500000
downstream_dominant__a_half__b_quarter,downstream_dominant,half,quarter,B,6,48.500000
downstream_dominant__a_half__b_quarter,downstream_dominant,half,quarter,B,7,48.500000
downstream_dominant__a_half__b_quarter,downstream_dominant,half,quarter,B,8,48.500000
downstream_dominant__a_half__b_quarter,downstream_dominant,half,quarter,B,9,48.500000
downstream_dominant__a_half__b_quarter,downstream_dominant,half,quarter,B,10,48.500000
downstream_dominant__a_half__b_quarter,downstream_dominant,half,quarter,B,11,48.500000
downstream_dominant__a_half__b_quarter,downstream_dominant,half,quarter,B,12,48.500000
downstream_dominant__a_half__b_quarter,downstream_dominant,half,quarter,B,13,48.500000
downstream_dominant__a_half__b_quarter,downstream_dominant,half,quarter,B,14,48.500000
downstream_dominant__a_half__b_quarter,downstream_dominant,half,quarter,B,15,48.500000
downstream_dominant__a_half__b_quarter,downstream_dominant,half,quarter,B,16,48.500000
downstream_dominant__a_half__b_quarter,downstream_dominant,half,quarter,B,17,48.500000
downstream_dominant__a_half__b_quarter,downstream_dominant,half,quarter,B,18,48.500000
downstream_dominant__a_half__b_quarter,downstream_dominant,half,quarter,B,19,48.500000
downstream_dominant__a_half__b_quarter,downstream_dominant,half,quarter,B,20,48.500000
downstream_dominant__a_half__b_quarter,downstream_dominant,half,quarter,B,21,48.500000
downstream_dominant__a_half__b_quarter,downstream_dominant,half,quarter,B,22,48.500000
downstream_dominant__a_half__b_quarter,downstream_dominant,half,quarter,B,23,48.500000
downstream_dominant__a_half__b_half,downstream_dominant,half,half,A,0,86.500000
downstream_dominant__a_half__b_half,downstream_dominant,half,half,A,1,86.500000
downstream_dominant__a_half__b_half,downstream_dominant,half,half,A,2,86.500000
downstream_dominant__a_half__b_half,downstream_dominant,half,half,A,3,86.500000
downstream_dominant__a_half__b_half,downstream_dominant,half,half,A,4,86.500000
downstream_dominant__a_half__b_half,downstream_dominant,half,half,A,5,86.500000
downstream_dominant__a_half__b_half,downstream_dominant,half,half,A,6,86.500000
downstream_dominant__a_half__b_half,downstream_dominant,half,half,A,7,86.500000
downstream_dominant__a_half__b_half,downstream_dominant,half,half,A,8,86.500000
downstream_dominant__a_half__b_half,downstream_dominant,half,half,A,9,86.500000
downstream_dominant__a_half__b_half,downstream_dominant,half,half,A,10,86.500000
downstream_dominant__a_half__b_half,downstream_dominant,half,half,A,11,86.500000
downstream_dominant__a_half__b_half,downstream_dominant,half,half,A,12,86.500000
downstream_dominant__a_half__b_half,downstream_dominant,half,half,A,13,86.500000
downstream_dominant__a_half__b_half,downstream_dominant,half,half,A,14,86.500000
downstream_dominant__a_half__b_half,downstream_dominant,half,half,A,15,86.500000
downstream_dominant__a_half__b_half,downstream_dominant,half,half,A,16,86.500000
downstream_dominant__a_half__b_half,downstream_dominant,half,half,A,17,86.500000
downstream_dominant__a_half__b_half,downstream_dominant,half,half,A,18,86.500000
downstream_dominant__a_half__b_half,downstream_dominant,half,half,A,19,86.500000
downstream_dominant__a_half__b_half,downstream_dominant,half,half,A,20,86.500000
downstream_dominant__a_half__b_half,downstream_dominant,half,half,A,21,86.500000
downstream_dominant__a_half__b_half,downstream_dominant,half,half,A,22,86.500000
downstream_dominant__a_half__b_half,downstream_dominant,half,half,A,23,86.500000
downstream_dominant__a_half__b_half,downstream_dominant,half,half,B,0,65.000000
downstream_dominant__a_half__b_half,downstream_dominant,half,half,B,1,65.000000
downstream_dominant__a_half__b_half,downstream_dominant,half,half,B,2,65.000000
downstream_dominant__a_half__b_half,downstream_dominant,half,half,B,3,65.000000
downstream_dominant__a_half__b_half,downstream_dominant,half,half,B,4,65.000000
downstream_dominant__a_half__b_half,downstream_dominant,half,half,B,5,65.000000
downstream_dominant__a_half__b_half,downstream_dominant,half,half,B,6,65.000000
downstream_dominant__a_half__b_half,downstream_dominant,half,half,B,7,65.000000
downstream_dominant__a_half__b_half,downstream_dominant,half,half,B,8,65.000000
downstream_dominant__a_half__b_half,downstream_dominant,half,half,B,9,65.000000
downstream_dominant__a_half__b_half,downstream_dominant,half,half,B,10,65.000000
downstream_dominant__a_half__b_half,downstream_dominant,half,half,B,11,65.000000
downstream_dominant__a_half__b_half,downstream_dominant,half,half,B,12,65.000000
downstream_dominant__a_half__b_half,downstream_dominant,half,half,B,13,65.000000
downstream_dominant__a_half__b_half,downstream_dominant,half,half,B,14,65.000000
downstream_dominant__a_half__b_half,downstream_dominant,half,half,B,15,65.000000
downstream_dominant__a_half__b_half,downstream_dominant,half,half,B,16,65.000000
downstream_dominant__a_half__b_half,downstream_dominant,half,half,B,17,65.000000
downstream_dominant__a_half__b_half,downstream_dominant,half,half,B,18,65.000000
downstream_dominant__a_half__b_half,downstream_dominant,half,half,B,19,65.000000
downstream_dominant__a_half__b_half,downstream_dominant,half,half,B,20,65.000000
downstream_dominant__a_half__b_half,downstream_dominant,half,half,B,21,65.000000
downstream_dominant__a_half__b_half,downstream_dominant,half,half,B,22,65.000000
downstream_dominant__a_half__b_half,downstream_dominant,half,half,B,23,65.000000
downstream_dominant__a_half__b_three_quarters,downstream_dominant,half,three_quarters,A,0,86.500000
downstream_dominant__a_half__b_three_quarters,downstream_dominant,half,three_quarters,A,1,86.500000
downstream_dominant__a_half__b_three_quarters,downstream_dominant,half,three_quarters,A,2,86.500000
downstream_dominant__a_half__b_three_quarters,downstream_dominant,half,three_quarters,A,3,86.500000
downstream_dominant__a_half__b_three_quarters,downstream_dominant,half,three_quarters,A,4,86.500000
downstream_dominant__a_half__b_three_quarters,downstream_dominant,half,three_quarters,A,5,86.500000
downstream_dominant__a_half__b_three_quarters,downstream_dominant,half,three_quarters,A,6,86.500000
downstream_dominant__a_half__b_three_quarters,downstream_dominant,half,three_quarters,A,7,86.500000
downstream_dominant__a_half__b_three_quarters,downstream_dominant,half,three_quarters,A,8,86.500000
downstream_dominant__a_half__b_three_quarters,downstream_dominant,half,three_quarters,A,9,86.500000
downstream_dominant__a_half__b_three_quarters,downstream_dominant,half,three_quarters,A,10,86.500000
downstream_dominant__a_half__b_three_quarters,downstream_dominant,half,three_quarters,A,11,86.500000
downstream_dominant__a_half__b_three_quarters,downstream_dominant,half,three_quarters,A,12,86.500000
downstream_dominant__a_half__b_three_quarters,downstream_dominant,half,three_quarters,A,13,86.500000
downstream_dominant__a_half__b_three_quarters,downstream_dominant,half,three_quarters,A,14,86.500000
downstream_dominant__a_half__b_three_quarters,downstream_dominant,half,three_quarters,A,15,86.500000
downstream_dominant__a_half__b_three_quarters,downstream_dominant,half,three_quarters,A,16,86.500000
downstream_dominant__a_half__b_three_quarters,downstream_dominant,half,three_quarters,A,17,86.500000
downstream_dominant__a_half__b_three_quarters,downstream_dominant,half,three_quarters,A,18,86.500000
downstream_dominant__a_half__b_three_quarters,downstream_dominant,half,three_quarters,A,19,86.500000
downstream_dominant__a_half__b_three_quarters,downstream_dominant,half,three_quarters,A,20,86.500000
downstream_dominant__a_half__b_three_quarters,downstream_dominant,half,three_quarters,A,21,86.500000
downstream_dominant__a_half__b_three_quarters,downstream_dominant,half,three_quarters,A,22,86.500000
downstream_dominant__a_half__b_three_quarters,downstream_dominant,half,three_quarters,A,23,86.500000
downstream_dominant__a_half__b_three_quarters,downstream_dominant,half,three_quarters,B,0,81.500000
downstream_dominant__a_half__b_three_quarters,downstream_dominant,half,three_quarters,B,1,81.500000
downstream_dominant__a_half__b_three_quarters,downstream_dominant,half,three_quarters,B,2,81.500000
downstream_dominant__a_half__b_three_quarters,downstream_dominant,half,three_quarters,B,3,81.500000
downstream_dominant__a_half__b_three_quarters,downstream_dominant,half,three_quarters,B,4,81.500000
downstream_dominant__a_half__b_three_quarters,downstream_dominant,half,three_quarters,B,5,81.500000
downstream_dominant__a_half__b_three_quarters,downstream_dominant,half,three_quarters,B,6,81.500000
downstream_dominant__a_half__b_three_quarters,downstream_dominant,half,three_quarters,B,7,81.500000
downstream_dominant__a_half__b_three_quarters,downstream_dominant,half,three_quarters,B,8,81.500000
downstream_dominant__a_half__b_three_quarters,downstream_dominant,half,three_quarters,B,9,81.500000
downstream_dominant__a_half__b_three_quarters,downstream_dominant,half,three_quarters,B,10,81.500000
downstream_dominant__a_half__b_three_quarters,downstream_dominant,half,three_quarters,B,11,81.500000
downstream_dominant__a_half__b_three_quarters,downstream_dominant,half,three_quarters,B,12,81.500000
downstream_dominant__a_half__b_three_quarters,downstream_dominant,half,three_quarters,B,13,81.500000
downstream_dominant__a_half__b_three_quarters,downstream_dominant,half,three_quarters,B,14,81.500000
downstream_dominant__a_half__b_three_quarters,downstream_dominant,half,three_quarters,B,15,81.500000
downstream_dominant__a_half__b_three_quarters,downstream_dominant,half,three_quarters,B,16,81.500000
downstream_dominant__a_half__b_three_quarters,downstream_dominant,half,three_quarters,B,17,81.500000
downstream_dominant__a_half__b_three_quarters,downstream_dominant,half,three_quarters,B,18,81.500000
downstream_dominant__a_half__b_three_quarters,downstream_dominant,half,three_quarters,B,19,81.500000
downstream_dominant__a_half__b_three_quarters,downstream_dominant,half,three_quarters,B,20,81.500000
downstream_dominant__a_half__b_three_quarters,downstream_dominant,half,three_quarters,B,21,81.500000
downstream_dominant__a_half__b_three_quarters,downstream_dominant,half,three_quarters,B,22,81.500000
downstream_dominant__a_half__b_three_quarters,downstream_dominant,half,three_quarters,B,23,81.500000
downstream_dominant__a_half__b_maximum,downstream_dominant,half,maximum,A,0,86.500000
downstream_dominant__a_half__b_maximum,downstream_dominant,half,maximum,A,1,86.500000
downstream_dominant__a_half__b_maximum,downstream_dominant,half,maximum,A,2,86.500000
downstream_dominant__a_half__b_maximum,downstream_dominant,half,maximum,A,3,86.500000
downstream_dominant__a_half__b_maximum,downstream_dominant,half,maximum,A,4,86.500000
downstream_dominant__a_half__b_maximum,downstream_dominant,half,maximum,A,5,86.500000
downstream_dominant__a_half__b_maximum,downstream_dominant,half,maximum,A,6,86.500000
downstream_dominant__a_half__b_maximum,downstream_dominant,half,maximum,A,7,86.500000
downstream_dominant__a_half__b_maximum,downstream_dominant,half,maximum,A,8,86.500000
downstream_dominant__a_half__b_maximum,downstream_dominant,half,maximum,A,9,86.500000
downstream_dominant__a_half__b_maximum,downstream_dominant,half,maximum,A,10,86.500000
downstream_dominant__a_half__b_maximum,downstream_dominant,half,maximum,A,11,86.500000
downstream_dominant__a_half__b_maximum,downstream_dominant,half,maximum,A,12,86.500000
downstream_dominant__a_half__b_maximum,downstream_dominant,half,maximum,A,13,86.500000
downstream_dominant__a_half__b_maximum,downstream_dominant,half,maximum,A,14,86.500000
downstream_dominant__a_half__b_maximum,downstream_dominant,half,maximum,A,15,86.500000
downstream_dominant__a_half__b_maximum,downstream_dominant,half,maximum,A,16,86.500000
downstream_dominant__a_half__b_maximum,downstream_dominant,half,maximum,A,17,86.500000
downstream_dominant__a_half__b_maximum,downstream_dominant,half,maximum,A,18,86.500000
downstream_dominant__a_half__b_maximum,downstream_dominant,half,maximum,A,19,86.500000
downstream_dominant__a_half__b_maximum,downstream_dominant,half,maximum,A,20,86.500000
downstream_dominant__a_half__b_maximum,downstream_dominant,half,maximum,A,21,86.500000
downstream_dominant__a_half__b_maximum,downstream_dominant,half,maximum,A,22,86.500000
downstream_dominant__a_half__b_maximum,downstream_dominant,half,maximum,A,23,86.500000
downstream_dominant__a_half__b_maximum,downstream_dominant,half,maximum,B,0,98.000000
downstream_dominant__a_half__b_maximum,downstream_dominant,half,maximum,B,1,98.000000
downstream_dominant__a_half__b_maximum,downstream_dominant,half,maximum,B,2,98.000000
downstream_dominant__a_half__b_maximum,downstream_dominant,half,maximum,B,3,98.000000
downstream_dominant__a_half__b_maximum,downstream_dominant,half,maximum,B,4,98.000000
downstream_dominant__a_half__b_maximum,downstream_dominant,half,maximum,B,5,98.000000
downstream_dominant__a_half__b_maximum,downstream_dominant,half,maximum,B,6,98.000000
downstream_dominant__a_half__b_maximum,downstream_dominant,half,maximum,B,7,98.000000
downstream_dominant__a_half__b_maximum,downstream_dominant,half,maximum,B,8,98.000000
downstream_dominant__a_half__b_maximum,downstream_dominant,half,maximum,B,9,98.000000
downstream_dominant__a_half__b_maximum,downstream_dominant,half,maximum,B,10,98.000000
downstream_dominant__a_half__b_maximum,downstream_dominant,half,maximum,B,11,98.000000
downstream_dominant__a_half__b_maximum,downstream_dominant,half,maximum,B,12,98.000000
downstream_dominant__a_half__b_maximum,downstream_dominant,half,maximum,B,13,98.000000
downstream_dominant__a_half__b_maximum,downstream_dominant,half,maximum,B,14,98.000000
downstream_dominant__a_half__b_maximum,downstream_dominant,half,maximum,B,15,98.000000
downstream_dominant__a_half__b_maximum,downstream_dominant,half,maximum,B,16,98.000000
downstream_dominant__a_half__b_maximum,downstream_dominant,half,maximum,B,17,98.000000
downstream_dominant__a_half__b_maximum,downstream_dominant,half,maximum,B,18,98.000000
downstream_dominant__a_half__b_maximum,downstream_dominant,half,maximum,B,19,98.000000
downstream_dominant__a_half__b_maximum,downstream_dominant,half,maximum,B,20,98.000000
downstream_dominant__a_half__b_maximum,downstream_dominant,half,maximum,B,21,98.000000
downstream_dominant__a_half__b_maximum,downstream_dominant,half,maximum,B,22,98.000000
downstream_dominant__a_half__b_maximum,downstream_dominant,half,maximum,B,23,98.000000
downstream_dominant__a_three_quarters__b_off,downstream_dominant,three_quarters,off,A,0,107.250000
downstream_dominant__a_three_quarters__b_off,downstream_dominant,three_quarters,off,A,1,107.250000
downstream_dominant__a_three_quarters__b_off,downstream_dominant,three_quarters,off,A,2,107.250000
downstream_dominant__a_three_quarters__b_off,downstream_dominant,three_quarters,off,A,3,107.250000
downstream_dominant__a_three_quarters__b_off,downstream_dominant,three_quarters,off,A,4,107.250000
downstream_dominant__a_three_quarters__b_off,downstream_dominant,three_quarters,off,A,5,107.250000
downstream_dominant__a_three_quarters__b_off,downstream_dominant,three_quarters,off,A,6,107.250000
downstream_dominant__a_three_quarters__b_off,downstream_dominant,three_quarters,off,A,7,107.250000
downstream_dominant__a_three_quarters__b_off,downstream_dominant,three_quarters,off,A,8,107.250000
downstream_dominant__a_three_quarters__b_off,downstream_dominant,three_quarters,off,A,9,107.250000
downstream_dominant__a_three_quarters__b_off,downstream_dominant,three_quarters,off,A,10,107.250000
downstream_dominant__a_three_quarters__b_off,downstream_dominant,three_quarters,off,A,11,107.250000
downstream_dominant__a_three_quarters__b_off,downstream_dominant,three_quarters,off,A,12,107.250000
downstream_dominant__a_three_quarters__b_off,downstream_dominant,three_quarters,off,A,13,107.250000
downstream_dominant__a_three_quarters__b_off,downstream_dominant,three_quarters,off,A,14,107.250000
downstream_dominant__a_three_quarters__b_off,downstream_dominant,three_quarters,off,A,15,107.250000
downstream_dominant__a_three_quarters__b_off,downstream_dominant,three_quarters,off,A,16,107.250000
downstream_dominant__a_three_quarters__b_off,downstream_dominant,three_quarters,off,A,17,107.250000
downstream_dominant__a_three_quarters__b_off,downstream_dominant,three_quarters,off,A,18,107.250000
downstream_dominant__a_three_quarters__b_off,downstream_dominant,three_quarters,off,A,19,107.250000
downstream_dominant__a_three_quarters__b_off,downstream_dominant,three_quarters,off,A,20,107.250000
downstream_dominant__a_three_quarters__b_off,downstream_dominant,three_quarters,off,A,21,107.250000
downstream_dominant__a_three_quarters__b_off,downstream_dominant,three_quarters,off,A,22,107.250000
downstream_dominant__a_three_quarters__b_off,downstream_dominant,three_quarters,off,A,23,107.250000
downstream_dominant__a_three_quarters__b_off,downstream_dominant,three_quarters,off,B,0,0.000000
downstream_dominant__a_three_quarters__b_off,downstream_dominant,three_quarters,off,B,1,0.000000
downstream_dominant__a_three_quarters__b_off,downstream_dominant,three_quarters,off,B,2,0.000000
downstream_dominant__a_three_quarters__b_off,downstream_dominant,three_quarters,off,B,3,0.000000
downstream_dominant__a_three_quarters__b_off,downstream_dominant,three_quarters,off,B,4,0.000000
downstream_dominant__a_three_quarters__b_off,downstream_dominant,three_quarters,off,B,5,0.000000
downstream_dominant__a_three_quarters__b_off,downstream_dominant,three_quarters,off,B,6,0.000000
downstream_dominant__a_three_quarters__b_off,downstream_dominant,three_quarters,off,B,7,0.000000
downstream_dominant__a_three_quarters__b_off,downstream_dominant,three_quarters,off,B,8,0.000000
downstream_dominant__a_three_quarters__b_off,downstream_dominant,three_quarters,off,B,9,0.000000
downstream_dominant__a_three_quarters__b_off,downstream_dominant,three_quarters,off,B,10,0.000000
downstream_dominant__a_three_quarters__b_off,downstream_dominant,three_quarters,off,B,11,0.000000
downstream_dominant__a_three_quarters__b_off,downstream_dominant,three_quarters,off,B,12,0.000000
downstream_dominant__a_three_quarters__b_off,downstream_dominant,three_quarters,off,B,13,0.000000
downstream_dominant__a_three_quarters__b_off,downstream_dominant,three_quarters,off,B,14,0.000000
downstream_dominant__a_three_quarters__b_off,downstream_dominant,three_quarters,off,B,15,0.000000
downstream_dominant__a_three_quarters__b_off,downstream_dominant,three_quarters,off,B,16,0.000000
downstream_dominant__a_three_quarters__b_off,downstream_dominant,three_quarters,off,B,17,0.000000
downstream_dominant__a_three_quarters__b_off,downstream_dominant,three_quarters,off,B,18,0.000000
downstream_dominant__a_three_quarters__b_off,downstream_dominant,three_quarters,off,B,19,0.000000
downstream_dominant__a_three_quarters__b_off,downstream_dominant,three_quarters,off,B,20,0.000000
downstream_dominant__a_three_quarters__b_off,downstream_dominant,three_quarters,off,B,21,0.000000
downstream_dominant__a_three_quarters__b_off,downstream_dominant,three_quarters,off,B,22,0.000000
downstream_dominant__a_three_quarters__b_off,downstream_dominant,three_quarters,off,B,23,0.000000
downstream_dominant__a_three_quarters__b_minimum,downstream_dominant,three_quarters,minimum,A,0,107.250000
downstream_dominant__a_three_quarters__b_minimum,downstream_dominant,three_quarters,minimum,A,1,107.250000
downstream_dominant__a_three_quarters__b_minimum,downstream_dominant,three_quarters,minimum,A,2,107.250000
downstream_dominant__a_three_quarters__b_minimum,downstream_dominant,three_quarters,minimum,A,3,107.250000
downstream_dominant__a_three_quarters__b_minimum,downstream_dominant,three_quarters,minimum,A,4,107.250000
downstream_dominant__a_three_quarters__b_minimum,downstream_dominant,three_quarters,minimum,A,5,107.250000
downstream_dominant__a_three_quarters__b_minimum,downstream_dominant,three_quarters,minimum,A,6,107.250000
downstream_dominant__a_three_quarters__b_minimum,downstream_dominant,three_quarters,minimum,A,7,107.250000
downstream_dominant__a_three_quarters__b_minimum,downstream_dominant,three_quarters,minimum,A,8,107.250000
downstream_dominant__a_three_quarters__b_minimum,downstream_dominant,three_quarters,minimum,A,9,107.250000
downstream_dominant__a_three_quarters__b_minimum,downstream_dominant,three_quarters,minimum,A,10,107.250000
downstream_dominant__a_three_quarters__b_minimum,downstream_dominant,three_quarters,minimum,A,11,107.250000
downstream_dominant__a_three_quarters__b_minimum,downstream_dominant,three_quarters,minimum,A,12,107.250000
downstream_dominant__a_three_quarters__b_minimum,downstream_dominant,three_quarters,minimum,A,13,107.250000
downstream_dominant__a_three_quarters__b_minimum,downstream_dominant,three_quarters,minimum,A,14,107.250000
downstream_dominant__a_three_quarters__b_minimum,downstream_dominant,three_quarters,minimum,A,15,107.250000
downstream_dominant__a_three_quarters__b_minimum,downstream_dominant,three_quarters,minimum,A,16,107.250000
downstream_dominant__a_three_quarters__b_minimum,downstream_dominant,three_quarters,minimum,A,17,107.250000
downstream_dominant__a_three_quarters__b_minimum,downstream_dominant,three_quarters,minimum,A,18,107.250000
downstream_dominant__a_three_quarters__b_minimum,downstream_dominant,three_quarters,minimum,A,19,107.250000
downstream_dominant__a_three_quarters__b_minimum,downstream_dominant,three_quarters,minimum,A,20,107.250000
downstream_dominant__a_three_quarters__b_minimum,downstream_dominant,three_quarters,minimum,A,21,107.250000
downstream_dominant__a_three_quarters__b_minimum,downstream_dominant,three_quarters,minimum,A,22,107.250000
downstream_dominant__a_three_quarters__b_minimum,downstream_dominant,three_quarters,minimum,A,23,107.250000
downstream_dominant__a_three_quarters__b_minimum,downstream_dominant,three_quarters,minimum,B,0,32.000000
downstream_dominant__a_three_quarters__b_minimum,downstream_dominant,three_quarters,minimum,B,1,32.000000
downstream_dominant__a_three_quarters__b_minimum,downstream_dominant,three_quarters,minimum,B,2,32.000000
downstream_dominant__a_three_quarters__b_minimum,downstream_dominant,three_quarters,minimum,B,3,32.000000
downstream_dominant__a_three_quarters__b_minimum,downstream_dominant,three_quarters,minimum,B,4,32.000000
downstream_dominant__a_three_quarters__b_minimum,downstream_dominant,three_quarters,minimum,B,5,32.000000
downstream_dominant__a_three_quarters__b_minimum,downstream_dominant,three_quarters,minimum,B,6,32.000000
downstream_dominant__a_three_quarters__b_minimum,downstream_dominant,three_quarters,minimum,B,7,32.000000
downstream_dominant__a_three_quarters__b_minimum,downstream_dominant,three_quarters,minimum,B,8,32.000000
downstream_dominant__a_three_quarters__b_minimum,downstream_dominant,three_quarters,minimum,B,9,32.000000
downstream_dominant__a_three_quarters__b_minimum,downstream_dominant,three_quarters,minimum,B,10,32.000000
downstream_dominant__a_three_quarters__b_minimum,downstream_dominant,three_quarters,minimum,B,11,32.000000
downstream_dominant__a_three_quarters__b_minimum,downstream_dominant,three_quarters,minimum,B,12,32.000000
downstream_dominant__a_three_quarters__b_minimum,downstream_dominant,three_quarters,minimum,B,13,32.000000
downstream_dominant__a_three_quarters__b_minimum,downstream_dominant,three_quarters,minimum,B,14,32.000000
downstream_dominant__a_three_quarters__b_minimum,downstream_dominant,three_quarters,minimum,B,15,32.000000
downstream_dominant__a_three_quarters__b_minimum,downstream_dominant,three_quarters,minimum,B,16,32.000000
downstream_dominant__a_three_quarters__b_minimum,downstream_dominant,three_quarters,minimum,B,17,32.000000
downstream_dominant__a_three_quarters__b_minimum,downstream_dominant,three_quarters,minimum,B,18,32.000000
downstream_dominant__a_three_quarters__b_minimum,downstream_dominant,three_quarters,minimum,B,19,32.000000
downstream_dominant__a_three_quarters__b_minimum,downstream_dominant,three_quarters,minimum,B,20,32.000000
downstream_dominant__a_three_quarters__b_minimum,downstream_dominant,three_quarters,minimum,B,21,32.000000
downstream_dominant__a_three_quarters__b_minimum,downstream_dominant,three_quarters,minimum,B,22,32.000000
downstream_dominant__a_three_quarters__b_minimum,downstream_dominant,three_quarters,minimum,B,23,32.000000
downstream_dominant__a_three_quarters__b_quarter,downstream_dominant,three_quarters,quarter,A,0,107.250000
downstream_dominant__a_three_quarters__b_quarter,downstream_dominant,three_quarters,quarter,A,1,107.250000
downstream_dominant__a_three_quarters__b_quarter,downstream_dominant,three_quarters,quarter,A,2,107.250000
downstream_dominant__a_three_quarters__b_quarter,downstream_dominant,three_quarters,quarter,A,3,107.250000
downstream_dominant__a_three_quarters__b_quarter,downstream_dominant,three_quarters,quarter,A,4,107.250000
downstream_dominant__a_three_quarters__b_quarter,downstream_dominant,three_quarters,quarter,A,5,107.250000
downstream_dominant__a_three_quarters__b_quarter,downstream_dominant,three_quarters,quarter,A,6,107.250000
downstream_dominant__a_three_quarters__b_quarter,downstream_dominant,three_quarters,quarter,A,7,107.250000
downstream_dominant__a_three_quarters__b_quarter,downstream_dominant,three_quarters,quarter,A,8,107.250000
downstream_dominant__a_three_quarters__b_quarter,downstream_dominant,three_quarters,quarter,A,9,107.250000
downstream_dominant__a_three_quarters__b_quarter,downstream_dominant,three_quarters,quarter,A,10,107.250000
downstream_dominant__a_three_quarters__b_quarter,downstream_dominant,three_quarters,quarter,A,11,107.250000
downstream_dominant__a_three_quarters__b_quarter,downstream_dominant,three_quarters,quarter,A,12,107.250000
downstream_dominant__a_three_quarters__b_quarter,downstream_dominant,three_quarters,quarter,A,13,107.250000
downstream_dominant__a_three_quarters__b_quarter,downstream_dominant,three_quarters,quarter,A,14,107.250000
downstream_dominant__a_three_quarters__b_quarter,downstream_dominant,three_quarters,quarter,A,15,107.250000
downstream_dominant__a_three_quarters__b_quarter,downstream_dominant,three_quarters,quarter,A,16,107.250000
downstream_dominant__a_three_quarters__b_quarter,downstream_dominant,three_quarters,quarter,A,17,107.250000
downstream_dominant__a_three_quarters__b_quarter,downstream_dominant,three_quarters,quarter,A,18,107.250000
downstream_dominant__a_three_quarters__b_quarter,downstream_dominant,three_quarters,quarter,A,19,107.250000
downstream_dominant__a_three_quarters__b_quarter,downstream_dominant,three_quarters,quarter,A,20,107.250000
downstream_dominant__a_three_quarters__b_quarter,downstream_dominant,three_quarters,quarter,A,21,107.250000
downstream_dominant__a_three_quarters__b_quarter,downstream_dominant,three_quarters,quarter,A,22,107.250000
downstream_dominant__a_three_quarters__b_quarter,downstream_dominant,three_quarters,quarter,A,23,107.250000
downstream_dominant__a_three_quarters__b_quarter,downstream_dominant,three_quarters,quarter,B,0,48.500000
downstream_dominant__a_three_quarters__b_quarter,downstream_dominant,three_quarters,quarter,B,1,48.500000
downstream_dominant__a_three_quarters__b_quarter,downstream_dominant,three_quarters,quarter,B,2,48.500000
downstream_dominant__a_three_quarters__b_quarter,downstream_dominant,three_quarters,quarter,B,3,48.500000
downstream_dominant__a_three_quarters__b_quarter,downstream_dominant,three_quarters,quarter,B,4,48.500000
downstream_dominant__a_three_quarters__b_quarter,downstream_dominant,three_quarters,quarter,B,5,48.500000
downstream_dominant__a_three_quarters__b_quarter,downstream_dominant,three_quarters,quarter,B,6,48.500000
downstream_dominant__a_three_quarters__b_quarter,downstream_dominant,three_quarters,quarter,B,7,48.500000
downstream_dominant__a_three_quarters__b_quarter,downstream_dominant,three_quarters,quarter,B,8,48.500000
downstream_dominant__a_three_quarters__b_quarter,downstream_dominant,three_quarters,quarter,B,9,48.500000
downstream_dominant__a_three_quarters__b_quarter,downstream_dominant,three_quarters,quarter,B,10,48.500000
downstream_dominant__a_three_quarters__b_quarter,downstream_dominant,three_quarters,quarter,B,11,48.500000
downstream_dominant__a_three_quarters__b_quarter,downstream_dominant,three_quarters,quarter,B,12,48.500000
downstream_dominant__a_three_quarters__b_quarter,downstream_dominant,three_quarters,quarter,B,13,48.500000
downstream_dominant__a_three_quarters__b_quarter,downstream_dominant,three_quarters,quarter,B,14,48.500000
downstream_dominant__a_three_quarters__b_quarter,downstream_dominant,three_quarters,quarter,B,15,48.500000
downstream_dominant__a_three_quarters__b_quarter,downstream_dominant,three_quarters,quarter,B,16,48.500000
downstream_dominant__a_three_quarters__b_quarter,downstream_dominant,three_quarters,quarter,B,17,48.500000
downstream_dominant__a_three_quarters__b_quarter,downstream_dominant,three_quarters,quarter,B,18,48.500000
downstream_dominant__a_three_quarters__b_quarter,downstream_dominant,three_quarters,quarter,B,19,48.500000
downstream_dominant__a_three_quarters__b_quarter,downstream_dominant,three_quarters,quarter,B,20,48.500000
downstream_dominant__a_three_quarters__b_quarter,downstream_dominant,three_quarters,quarter,B,21,48.500000
downstream_dominant__a_three_quarters__b_quarter,downstream_dominant,three_quarters,quarter,B,22,48.500000
downstream_dominant__a_three_quarters__b_quarter,downstream_dominant,three_quarters,quarter,B,23,48.500000
downstream_dominant__a_three_quarters__b_half,downstream_dominant,three_quarters,half,A,0,107.250000
downstream_dominant__a_three_quarters__b_half,downstream_dominant,three_quarters,half,A,1,107.250000
downstream_dominant__a_three_quarters__b_half,downstream_dominant,three_quarters,half,A,2,107.250000
downstream_dominant__a_three_quarters__b_half,downstream_dominant,three_quarters,half,A,3,107.250000
downstream_dominant__a_three_quarters__b_half,downstream_dominant,three_quarters,half,A,4,107.250000
downstream_dominant__a_three_quarters__b_half,downstream_dominant,three_quarters,half,A,5,107.250000
downstream_dominant__a_three_quarters__b_half,downstream_dominant,three_quarters,half,A,6,107.250000
downstream_dominant__a_three_quarters__b_half,downstream_dominant,three_quarters,half,A,7,107.250000
downstream_dominant__a_three_quarters__b_half,downstream_dominant,three_quarters,half,A,8,107.250000
downstream_dominant__a_three_quarters__b_half,downstream_dominant,three_quarters,half,A,9,107.250000
downstream_dominant__a_three_quarters__b_half,downstream_dominant,three_quarters,half,A,10,107.250000
downstream_dominant__a_three_quarters__b_half,downstream_dominant,three_quarters,half,A,11,107.250000
downstream_dominant__a_three_quarters__b_half,downstream_dominant,three_quarters,half,A,12,107.250000
downstream_dominant__a_three_quarters__b_half,downstream_dominant,three_quarters,half,A,13,107.250000
downstream_dominant__a_three_quarters__b_half,downstream_dominant,three_quarters,half,A,14,107.250000
downstream_dominant__a_three_quarters__b_half,downstream_dominant,three_quarters,half,A,15,107.250000
downstream_dominant__a_three_quarters__b_half,downstream_dominant,three_quarters,half,A,16,107.250000
downstream_dominant__a_three_quarters__b_half,downstream_dominant,three_quarters,half,A,17,107.250000
downstream_dominant__a_three_quarters__b_half,downstream_dominant,three_quarters,half,A,18,107.250000
downstream_dominant__a_three_quarters__b_half,downstream_dominant,three_quarters,half,A,19,107.250000
downstream_dominant__a_three_quarters__b_half,downstream_dominant,three_quarters,half,A,20,107.250000
downstream_dominant__a_three_quarters__b_half,downstream_dominant,three_quarters,half,A,21,107.250000
downstream_dominant__a_three_quarters__b_half,downstream_dominant,three_quarters,half,A,22,107.250000
downstream_dominant__a_three_quarters__b_half,downstream_dominant,three_quarters,half,A,23,107.250000
downstream_dominant__a_three_quarters__b_half,downstream_dominant,three_quarters,half,B,0,65.000000
downstream_dominant__a_three_quarters__b_half,downstream_dominant,three_quarters,half,B,1,65.000000
downstream_dominant__a_three_quarters__b_half,downstream_dominant,three_quarters,half,B,2,65.000000
downstream_dominant__a_three_quarters__b_half,downstream_dominant,three_quarters,half,B,3,65.000000
downstream_dominant__a_three_quarters__b_half,downstream_dominant,three_quarters,half,B,4,65.000000
downstream_dominant__a_three_quarters__b_half,downstream_dominant,three_quarters,half,B,5,65.000000
downstream_dominant__a_three_quarters__b_half,downstream_dominant,three_quarters,half,B,6,65.000000
downstream_dominant__a_three_quarters__b_half,downstream_dominant,three_quarters,half,B,7,65.000000
downstream_dominant__a_three_quarters__b_half,downstream_dominant,three_quarters,half,B,8,65.000000
downstream_dominant__a_three_quarters__b_half,downstream_dominant,three_quarters,half,B,9,65.000000
downstream_dominant__a_three_quarters__b_half,downstream_dominant,three_quarters,half,B,10,65.000000
downstream_dominant__a_three_quarters__b_half,downstream_dominant,three_quarters,half,B,11,65.000000
downstream_dominant__a_three_quarters__b_half,downstream_dominant,three_quarters,half,B,12,65.000000
downstream_dominant__a_three_quarters__b_half,downstream_dominant,three_quarters,half,B,13,65.000000
downstream_dominant__a_three_quarters__b_half,downstream_dominant,three_quarters,half,B,14,65.000000
downstream_dominant__a_three_quarters__b_half,downstream_dominant,three_quarters,half,B,15,65.000000
downstream_dominant__a_three_quarters__b_half,downstream_dominant,three_quarters,half,B,16,65.000000
downstream_dominant__a_three_quarters__b_half,downstream_dominant,three_quarters,half,B,17,65.000000
downstream_dominant__a_three_quarters__b_half,downstream_dominant,three_quarters,half,B,18,65.000000
downstream_dominant__a_three_quarters__b_half,downstream_dominant,three_quarters,half,B,19,65.000000
downstream_dominant__a_three_quarters__b_half,downstream_dominant,three_quarters,half,B,20,65.000000
downstream_dominant__a_three_quarters__b_half,downstream_dominant,three_quarters,half,B,21,65.000000
downstream_dominant__a_three_quarters__b_half,downstream_dominant,three_quarters,half,B,22,65.000000
downstream_dominant__a_three_quarters__b_half,downstream_dominant,three_quarters,half,B,23,65.000000
downstream_dominant__a_three_quarters__b_three_quarters,downstream_dominant,three_quarters,three_quarters,A,0,107.250000
downstream_dominant__a_three_quarters__b_three_quarters,downstream_dominant,three_quarters,three_quarters,A,1,107.250000
downstream_dominant__a_three_quarters__b_three_quarters,downstream_dominant,three_quarters,three_quarters,A,2,107.250000
downstream_dominant__a_three_quarters__b_three_quarters,downstream_dominant,three_quarters,three_quarters,A,3,107.250000
downstream_dominant__a_three_quarters__b_three_quarters,downstream_dominant,three_quarters,three_quarters,A,4,107.250000
downstream_dominant__a_three_quarters__b_three_quarters,downstream_dominant,three_quarters,three_quarters,A,5,107.250000
downstream_dominant__a_three_quarters__b_three_quarters,downstream_dominant,three_quarters,three_quarters,A,6,107.250000
downstream_dominant__a_three_quarters__b_three_quarters,downstream_dominant,three_quarters,three_quarters,A,7,107.250000
downstream_dominant__a_three_quarters__b_three_quarters,downstream_dominant,three_quarters,three_quarters,A,8,107.250000
downstream_dominant__a_three_quarters__b_three_quarters,downstream_dominant,three_quarters,three_quarters,A,9,107.250000
downstream_dominant__a_three_quarters__b_three_quarters,downstream_dominant,three_quarters,three_quarters,A,10,107.250000
downstream_dominant__a_three_quarters__b_three_quarters,downstream_dominant,three_quarters,three_quarters,A,11,107.250000
downstream_dominant__a_three_quarters__b_three_quarters,downstream_dominant,three_quarters,three_quarters,A,12,107.250000
downstream_dominant__a_three_quarters__b_three_quarters,downstream_dominant,three_quarters,three_quarters,A,13,107.250000
downstream_dominant__a_three_quarters__b_three_quarters,downstream_dominant,three_quarters,three_quarters,A,14,107.250000
downstream_dominant__a_three_quarters__b_three_quarters,downstream_dominant,three_quarters,three_quarters,A,15,107.250000
downstream_dominant__a_three_quarters__b_three_quarters,downstream_dominant,three_quarters,three_quarters,A,16,107.250000
downstream_dominant__a_three_quarters__b_three_quarters,downstream_dominant,three_quarters,three_quarters,A,17,107.250000
downstream_dominant__a_three_quarters__b_three_quarters,downstream_dominant,three_quarters,three_quarters,A,18,107.250000
downstream_dominant__a_three_quarters__b_three_quarters,downstream_dominant,three_quarters,three_quarters,A,19,107.250000
downstream_dominant__a_three_quarters__b_three_quarters,downstream_dominant,three_quarters,three_quarters,A,20,107.250000
downstream_dominant__a_three_quarters__b_three_quarters,downstream_dominant,three_quarters,three_quarters,A,21,107.250000
downstream_dominant__a_three_quarters__b_three_quarters,downstream_dominant,three_quarters,three_quarters,A,22,107.250000
downstream_dominant__a_three_quarters__b_three_quarters,downstream_dominant,three_quarters,three_quarters,A,23,107.250000
downstream_dominant__a_three_quarters__b_three_quarters,downstream_dominant,three_quarters,three_quarters,B,0,81.500000
downstream_dominant__a_three_quarters__b_three_quarters,downstream_dominant,three_quarters,three_quarters,B,1,81.500000
downstream_dominant__a_three_quarters__b_three_quarters,downstream_dominant,three_quarters,three_quarters,B,2,81.500000
downstream_dominant__a_three_quarters__b_three_quarters,downstream_dominant,three_quarters,three_quarters,B,3,81.500000
downstream_dominant__a_three_quarters__b_three_quarters,downstream_dominant,three_quarters,three_quarters,B,4,81.500000
downstream_dominant__a_three_quarters__b_three_quarters,downstream_dominant,three_quarters,three_quarters,B,5,81.500000
downstream_dominant__a_three_quarters__b_three_quarters,downstream_dominant,three_quarters,three_quarters,B,6,81.500000
downstream_dominant__a_three_quarters__b_three_quarters,downstream_dominant,three_quarters,three_quarters,B,7,81.500000
downstream_dominant__a_three_quarters__b_three_quarters,downstream_dominant,three_quarters,three_quarters,B,8,81.500000
downstream_dominant__a_three_quarters__b_three_quarters,downstream_dominant,three_quarters,three_quarters,B,9,81.500000
downstream_dominant__a_three_quarters__b_three_quarters,downstream_dominant,three_quarters,three_quarters,B,10,81.500000
downstream_dominant__a_three_quarters__b_three_quarters,downstream_dominant,three_quarters,three_quarters,B,11,81.500000
downstream_dominant__a_three_quarters__b_three_quarters,downstream_dominant,three_quarters,three_quarters,B,12,81.500000
downstream_dominant__a_three_quarters__b_three_quarters,downstream_dominant,three_quarters,three_quarters,B,13,81.500000
downstream_dominant__a_three_quarters__b_three_quarters,downstream_dominant,three_quarters,three_quarters,B,14,81.500000
downstream_dominant__a_three_quarters__b_three_quarters,downstream_dominant,three_quarters,three_quarters,B,15,81.500000
downstream_dominant__a_three_quarters__b_three_quarters,downstream_dominant,three_quarters,three_quarters,B,16,81.500000
downstream_dominant__a_three_quarters__b_three_quarters,downstream_dominant,three_quarters,three_quarters,B,17,81.500000
downstream_dominant__a_three_quarters__b_three_quarters,downstream_dominant,three_quarters,three_quarters,B,18,81.500000
downstream_dominant__a_three_quarters__b_three_quarters,downstream_dominant,three_quarters,three_quarters,B,19,81.500000
downstream_dominant__a_three_quarters__b_three_quarters,downstream_dominant,three_quarters,three_quarters,B,20,81.500000
downstream_dominant__a_three_quarters__b_three_quarters,downstream_dominant,three_quarters,three_quarters,B,21,81.500000
downstream_dominant__a_three_quarters__b_three_quarters,downstream_dominant,three_quarters,three_quarters,B,22,81.500000
downstream_dominant__a_three_quarters__b_three_quarters,downstream_dominant,three_quarters,three_quarters,B,23,81.500000
downstream_dominant__a_three_quarters__b_maximum,downstream_dominant,three_quarters,maximum,A,0,107.250000
downstream_dominant__a_three_quarters__b_maximum,downstream_dominant,three_quarters,maximum,A,1,107.250000
downstream_dominant__a_three_quarters__b_maximum,downstream_dominant,three_quarters,maximum,A,2,107.250000
downstream_dominant__a_three_quarters__b_maximum,downstream_dominant,three_quarters,maximum,A,3,107.250000
downstream_dominant__a_three_quarters__b_maximum,downstream_dominant,three_quarters,maximum,A,4,107.250000
downstream_dominant__a_three_quarters__b_maximum,downstream_dominant,three_quarters,maximum,A,5,107.250000
downstream_dominant__a_three_quarters__b_maximum,downstream_dominant,three_quarters,maximum,A,6,107.250000
downstream_dominant__a_three_quarters__b_maximum,downstream_dominant,three_quarters,maximum,A,7,107.250000
downstream_dominant__a_three_quarters__b_maximum,downstream_dominant,three_quarters,maximum,A,8,107.250000
downstream_dominant__a_three_quarters__b_maximum,downstream_dominant,three_quarters,maximum,A,9,107.250000
downstream_dominant__a_three_quarters__b_maximum,downstream_dominant,three_quarters,maximum,A,10,107.250000
downstream_dominant__a_three_quarters__b_maximum,downstream_dominant,three_quarters,maximum,A,11,107.250000
downstream_dominant__a_three_quarters__b_maximum,downstream_dominant,three_quarters,maximum,A,12,107.250000
downstream_dominant__a_three_quarters__b_maximum,downstream_dominant,three_quarters,maximum,A,13,107.250000
downstream_dominant__a_three_quarters__b_maximum,downstream_dominant,three_quarters,maximum,A,14,107.250000
downstream_dominant__a_three_quarters__b_maximum,downstream_dominant,three_quarters,maximum,A,15,107.250000
downstream_dominant__a_three_quarters__b_maximum,downstream_dominant,three_quarters,maximum,A,16,107.250000
downstream_dominant__a_three_quarters__b_maximum,downstream_dominant,three_quarters,maximum,A,17,107.250000
downstream_dominant__a_three_quarters__b_maximum,downstream_dominant,three_quarters,maximum,A,18,107.250000
downstream_dominant__a_three_quarters__b_maximum,downstream_dominant,three_quarters,maximum,A,19,107.250000
downstream_dominant__a_three_quarters__b_maximum,downstream_dominant,three_quarters,maximum,A,20,107.250000
downstream_dominant__a_three_quarters__b_maximum,downstream_dominant,three_quarters,maximum,A,21,107.250000
downstream_dominant__a_three_quarters__b_maximum,downstream_dominant,three_quarters,maximum,A,22,107.250000
downstream_dominant__a_three_quarters__b_maximum,downstream_dominant,three_quarters,maximum,A,23,107.250000
downstream_dominant__a_three_quarters__b_maximum,downstream_dominant,three_quarters,maximum,B,0,98.000000
downstream_dominant__a_three_quarters__b_maximum,downstream_dominant,three_quarters,maximum,B,1,98.000000
downstream_dominant__a_three_quarters__b_maximum,downstream_dominant,three_quarters,maximum,B,2,98.000000
downstream_dominant__a_three_quarters__b_maximum,downstream_dominant,three_quarters,maximum,B,3,98.000000
downstream_dominant__a_three_quarters__b_maximum,downstream_dominant,three_quarters,maximum,B,4,98.000000
downstream_dominant__a_three_quarters__b_maximum,downstream_dominant,three_quarters,maximum,B,5,98.000000
downstream_dominant__a_three_quarters__b_maximum,downstream_dominant,three_quarters,maximum,B,6,98.000000
downstream_dominant__a_three_quarters__b_maximum,downstream_dominant,three_quarters,maximum,B,7,98.000000
downstream_dominant__a_three_quarters__b_maximum,downstream_dominant,three_quarters,maximum,B,8,98.000000
downstream_dominant__a_three_quarters__b_maximum,downstream_dominant,three_quarters,maximum,B,9,98.000000
downstream_dominant__a_three_quarters__b_maximum,downstream_dominant,three_quarters,maximum,B,10,98.000000
downstream_dominant__a_three_quarters__b_maximum,downstream_dominant,three_quarters,maximum,B,11,98.000000
downstream_dominant__a_three_quarters__b_maximum,downstream_dominant,three_quarters,maximum,B,12,98.000000
downstream_dominant__a_three_quarters__b_maximum,downstream_dominant,three_quarters,maximum,B,13,98.000000
downstream_dominant__a_three_quarters__b_maximum,downstream_dominant,three_quarters,maximum,B,14,98.000000
downstream_dominant__a_three_quarters__b_maximum,downstream_dominant,three_quarters,maximum,B,15,98.000000
downstream_dominant__a_three_quarters__b_maximum,downstream_dominant,three_quarters,maximum,B,16,98.000000
downstream_dominant__a_three_quarters__b_maximum,downstream_dominant,three_quarters,maximum,B,17,98.000000
downstream_dominant__a_three_quarters__b_maximum,downstream_dominant,three_quarters,maximum,B,18,98.000000
downstream_dominant__a_three_quarters__b_maximum,downstream_dominant,three_quarters,maximum,B,19,98.000000
downstream_dominant__a_three_quarters__b_maximum,downstream_dominant,three_quarters,maximum,B,20,98.000000
downstream_dominant__a_three_quarters__b_maximum,downstream_dominant,three_quarters,maximum,B,21,98.000000
downstream_dominant__a_three_quarters__b_maximum,downstream_dominant,three_quarters,maximum,B,22,98.000000
downstream_dominant__a_three_quarters__b_maximum,downstream_dominant,three_quarters,maximum,B,23,98.000000
downstream_dominant__a_maximum__b_off,downstream_dominant,maximum,off,A,0,128.000000
downstream_dominant__a_maximum__b_off,downstream_dominant,maximum,off,A,1,128.000000
downstream_dominant__a_maximum__b_off,downstream_dominant,maximum,off,A,2,128.000000
downstream_dominant__a_maximum__b_off,downstream_dominant,maximum,off,A,3,128.000000
downstream_dominant__a_maximum__b_off,downstream_dominant,maximum,off,A,4,128.000000
downstream_dominant__a_maximum__b_off,downstream_dominant,maximum,off,A,5,128.000000
downstream_dominant__a_maximum__b_off,downstream_dominant,maximum,off,A,6,128.000000
downstream_dominant__a_maximum__b_off,downstream_dominant,maximum,off,A,7,128.000000
downstream_dominant__a_maximum__b_off,downstream_dominant,maximum,off,A,8,128.000000
downstream_dominant__a_maximum__b_off,downstream_dominant,maximum,off,A,9,128.000000
downstream_dominant__a_maximum__b_off,downstream_dominant,maximum,off,A,10,128.000000
downstream_dominant__a_maximum__b_off,downstream_dominant,maximum,off,A,11,128.000000
downstream_dominant__a_maximum__b_off,downstream_dominant,maximum,off,A,12,128.000000
downstream_dominant__a_maximum__b_off,downstream_dominant,maximum,off,A,13,128.000000
downstream_dominant__a_maximum__b_off,downstream_dominant,maximum,off,A,14,128.000000
downstream_dominant__a_maximum__b_off,downstream_dominant,maximum,off,A,15,128.000000
downstream_dominant__a_maximum__b_off,downstream_dominant,maximum,off,A,16,128.000000
downstream_dominant__a_maximum__b_off,downstream_dominant,maximum,off,A,17,128.000000
downstream_dominant__a_maximum__b_off,downstream_dominant,maximum,off,A,18,128.000000
downstream_dominant__a_maximum__b_off,downstream_dominant,maximum,off,A,19,128.000000
downstream_dominant__a_maximum__b_off,downstream_dominant,maximum,off,A,20,128.000000
downstream_dominant__a_maximum__b_off,downstream_dominant,maximum,off,A,21,128.000000
downstream_dominant__a_maximum__b_off,downstream_dominant,maximum,off,A,22,128.000000
downstream_dominant__a_maximum__b_off,downstream_dominant,maximum,off,A,23,128.000000
downstream_dominant__a_maximum__b_off,downstream_dominant,maximum,off,B,0,0.000000
downstream_dominant__a_maximum__b_off,downstream_dominant,maximum,off,B,1,0.000000
downstream_dominant__a_maximum__b_off,downstream_dominant,maximum,off,B,2,0.000000
downstream_dominant__a_maximum__b_off,downstream_dominant,maximum,off,B,3,0.000000
downstream_dominant__a_maximum__b_off,downstream_dominant,maximum,off,B,4,0.000000
downstream_dominant__a_maximum__b_off,downstream_dominant,maximum,off,B,5,0.000000
downstream_dominant__a_maximum__b_off,downstream_dominant,maximum,off,B,6,0.000000
downstream_dominant__a_maximum__b_off,downstream_dominant,maximum,off,B,7,0.000000
downstream_dominant__a_maximum__b_off,downstream_dominant,maximum,off,B,8,0.000000
downstream_dominant__a_maximum__b_off,downstream_dominant,maximum,off,B,9,0.000000
downstream_dominant__a_maximum__b_off,downstream_dominant,maximum,off,B,10,0.000000
downstream_dominant__a_maximum__b_off,downstream_dominant,maximum,off,B,11,0.000000
downstream_dominant__a_maximum__b_off,downstream_dominant,maximum,off,B,12,0.000000
downstream_dominant__a_maximum__b_off,downstream_dominant,maximum,off,B,13,0.000000
downstream_dominant__a_maximum__b_off,downstream_dominant,maximum,off,B,14,0.000000
downstream_dominant__a_maximum__b_off,downstream_dominant,maximum,off,B,15,0.000000
downstream_dominant__a_maximum__b_off,downstream_dominant,maximum,off,B,16,0.000000
downstream_dominant__a_maximum__b_off,downstream_dominant,maximum,off,B,17,0.000000
downstream_dominant__a_maximum__b_off,downstream_dominant,maximum,off,B,18,0.000000
downstream_dominant__a_maximum__b_off,downstream_dominant,maximum,off,B,19,0.000000
downstream_dominant__a_maximum__b_off,downstream_dominant,maximum,off,B,20,0.000000
downstream_dominant__a_maximum__b_off,downstream_dominant,maximum,off,B,21,0.000000
downstream_dominant__a_maximum__b_off,downstream_dominant,maximum,off,B,22,0.000000
downstream_dominant__a_maximum__b_off,downstream_dominant,maximum,off,B,23,0.000000
downstream_dominant__a_maximum__b_minimum,downstream_dominant,maximum,minimum,A,0,128.000000
downstream_dominant__a_maximum__b_minimum,downstream_dominant,maximum,minimum,A,1,128.000000
downstream_dominant__a_maximum__b_minimum,downstream_dominant,maximum,minimum,A,2,128.000000
downstream_dominant__a_maximum__b_minimum,downstream_dominant,maximum,minimum,A,3,128.000000
downstream_dominant__a_maximum__b_minimum,downstream_dominant,maximum,minimum,A,4,128.000000
downstream_dominant__a_maximum__b_minimum,downstream_dominant,maximum,minimum,A,5,128.000000
downstream_dominant__a_maximum__b_minimum,downstream_dominant,maximum,minimum,A,6,128.000000
downstream_dominant__a_maximum__b_minimum,downstream_dominant,maximum,minimum,A,7,128.000000
downstream_dominant__a_maximum__b_minimum,downstream_dominant,maximum,minimum,A,8,128.000000
downstream_dominant__a_maximum__b_minimum,downstream_dominant,maximum,minimum,A,9,128.000000
downstream_dominant__a_maximum__b_minimum,downstream_dominant,maximum,minimum,A,10,128.000000
downstream_dominant__a_maximum__b_minimum,downstream_dominant,maximum,minimum,A,11,128.000000
downstream_dominant__a_maximum__b_minimum,downstream_dominant,maximum,minimum,A,12,128.000000
downstream_dominant__a_maximum__b_minimum,downstream_dominant,maximum,minimum,A,13,128.000000
downstream_dominant__a_maximum__b_minimum,downstream_dominant,maximum,minimum,A,14,128.000000
downstream_dominant__a_maximum__b_minimum,downstream_dominant,maximum,minimum,A,15,128.000000
downstream_dominant__a_maximum__b_minimum,downstream_dominant,maximum,minimum,A,16,128.000000
downstream_dominant__a_maximum__b_minimum,downstream_dominant,maximum,minimum,A,17,128.000000
downstream_dominant__a_maximum__b_minimum,downstream_dominant,maximum,minimum,A,18,128.000000
downstream_dominant__a_maximum__b_minimum,downstream_dominant,maximum,minimum,A,19,128.000000
downstream_dominant__a_maximum__b_minimum,downstream_dominant,maximum,minimum,A,20,128.000000
downstream_dominant__a_maximum__b_minimum,downstream_dominant,maximum,minimum,A,21,128.000000
downstream_dominant__a_maximum__b_minimum,downstream_dominant,maximum,minimum,A,22,128.000000
downstream_dominant__a_maximum__b_minimum,downstream_dominant,maximum,minimum,A,23,128.000000
downstream_dominant__a_maximum__b_minimum,downstream_dominant,maximum,minimum,B,0,32.000000
downstream_dominant__a_maximum__b_minimum,downstream_dominant,maximum,minimum,B,1,32.000000
downstream_dominant__a_maximum__b_minimum,downstream_dominant,maximum,minimum,B,2,32.000000
downstream_dominant__a_maximum__b_minimum,downstream_dominant,maximum,minimum,B,3,32.000000
downstream_dominant__a_maximum__b_minimum,downstream_dominant,maximum,minimum,B,4,32.000000
downstream_dominant__a_maximum__b_minimum,downstream_dominant,maximum,minimum,B,5,32.000000
downstream_dominant__a_maximum__b_minimum,downstream_dominant,maximum,minimum,B,6,32.000000
downstream_dominant__a_maximum__b_minimum,downstream_dominant,maximum,minimum,B,7,32.000000
downstream_dominant__a_maximum__b_minimum,downstream_dominant,maximum,minimum,B,8,32.000000
downstream_dominant__a_maximum__b_minimum,downstream_dominant,maximum,minimum,B,9,32.000000
downstream_dominant__a_maximum__b_minimum,downstream_dominant,maximum,minimum,B,10,32.000000
downstream_dominant__a_maximum__b_minimum,downstream_dominant,maximum,minimum,B,11,32.000000
downstream_dominant__a_maximum__b_minimum,downstream_dominant,maximum,minimum,B,12,32.000000
downstream_dominant__a_maximum__b_minimum,downstream_dominant,maximum,minimum,B,13,32.000000
downstream_dominant__a_maximum__b_minimum,downstream_dominant,maximum,minimum,B,14,32.000000
downstream_dominant__a_maximum__b_minimum,downstream_dominant,maximum,minimum,B,15,32.000000
downstream_dominant__a_maximum__b_minimum,downstream_dominant,maximum,minimum,B,16,32.000000
downstream_dominant__a_maximum__b_minimum,downstream_dominant,maximum,minimum,B,17,32.000000
downstream_dominant__a_maximum__b_minimum,downstream_dominant,maximum,minimum,B,18,32.000000
downstream_dominant__a_maximum__b_minimum,downstream_dominant,maximum,minimum,B,19,32.000000
downstream_dominant__a_maximum__b_minimum,downstream_dominant,maximum,minimum,B,20,32.000000
downstream_dominant__a_maximum__b_minimum,downstream_dominant,maximum,minimum,B,21,32.000000
downstream_dominant__a_maximum__b_minimum,downstream_dominant,maximum,minimum,B,22,32.000000
downstream_dominant__a_maximum__b_minimum,downstream_dominant,maximum,minimum,B,23,32.000000
downstream_dominant__a_maximum__b_quarter,downstream_dominant,maximum,quarter,A,0,128.000000
downstream_dominant__a_maximum__b_quarter,downstream_dominant,maximum,quarter,A,1,128.000000
downstream_dominant__a_maximum__b_quarter,downstream_dominant,maximum,quarter,A,2,128.000000
downstream_dominant__a_maximum__b_quarter,downstream_dominant,maximum,quarter,A,3,128.000000
downstream_dominant__a_maximum__b_quarter,downstream_dominant,maximum,quarter,A,4,128.000000
downstream_dominant__a_maximum__b_quarter,downstream_dominant,maximum,quarter,A,5,128.000000
downstream_dominant__a_maximum__b_quarter,downstream_dominant,maximum,quarter,A,6,128.000000
downstream_dominant__a_maximum__b_quarter,downstream_dominant,maximum,quarter,A,7,128.000000
downstream_dominant__a_maximum__b_quarter,downstream_dominant,maximum,quarter,A,8,128.000000
downstream_dominant__a_maximum__b_quarter,downstream_dominant,maximum,quarter,A,9,128.000000
downstream_dominant__a_maximum__b_quarter,downstream_dominant,maximum,quarter,A,10,128.000000
downstream_dominant__a_maximum__b_quarter,downstream_dominant,maximum,quarter,A,11,128.000000
downstream_dominant__a_maximum__b_quarter,downstream_dominant,maximum,quarter,A,12,128.000000
downstream_dominant__a_maximum__b_quarter,downstream_dominant,maximum,quarter,A,13,128.000000
downstream_dominant__a_maximum__b_quarter,downstream_dominant,maximum,quarter,A,14,128.000000
downstream_dominant__a_maximum__b_quarter,downstream_dominant,maximum,quarter,A,15,128.000000
downstream_dominant__a_maximum__b_quarter,downstream_dominant,maximum,quarter,A,16,128.000000
downstream_dominant__a_maximum__b_quarter,downstream_dominant,maximum,quarter,A,17,128.000000
downstream_dominant__a_maximum__b_quarter,downstream_dominant,maximum,quarter,A,18,128.000000
downstream_dominant__a_maximum__b_quarter,downstream_dominant,maximum,quarter,A,19,128.000000
downstream_dominant__a_maximum__b_quarter,downstream_dominant,maximum,quarter,A,20,128.000000
downstream_dominant__a_maximum__b_quarter,downstream_dominant,maximum,quarter,A,21,128.000000
downstream_dominant__a_maximum__b_quarter,downstream_dominant,maximum,quarter,A,22,128.000000
downstream_dominant__a_maximum__b_quarter,downstream_dominant,maximum,quarter,A,23,128.000000
downstream_dominant__a_maximum__b_quarter,downstream_dominant,maximum,quarter,B,0,48.500000
downstream_dominant__a_maximum__b_quarter,downstream_dominant,maximum,quarter,B,1,48.500000
downstream_dominant__a_maximum__b_quarter,downstream_dominant,maximum,quarter,B,2,48.500000
downstream_dominant__a_maximum__b_quarter,downstream_dominant,maximum,quarter,B,3,48.500000
downstream_dominant__a_maximum__b_quarter,downstream_dominant,maximum,quarter,B,4,48.500000
downstream_dominant__a_maximum__b_quarter,downstream_dominant,maximum,quarter,B,5,48.500000
downstream_dominant__a_maximum__b_quarter,downstream_dominant,maximum,quarter,B,6,48.500000
downstream_dominant__a_maximum__b_quarter,downstream_dominant,maximum,quarter,B,7,48.500000
downstream_dominant__a_maximum__b_quarter,downstream_dominant,maximum,quarter,B,8,48.500000
downstream_dominant__a_maximum__b_quarter,downstream_dominant,maximum,quarter,B,9,48.500000
downstream_dominant__a_maximum__b_quarter,downstream_dominant,maximum,quarter,B,10,48.500000
downstream_dominant__a_maximum__b_quarter,downstream_dominant,maximum,quarter,B,11,48.500000
downstream_dominant__a_maximum__b_quarter,downstream_dominant,maximum,quarter,B,12,48.500000
downstream_dominant__a_maximum__b_quarter,downstream_dominant,maximum,quarter,B,13,48.500000
downstream_dominant__a_maximum__b_quarter,downstream_dominant,maximum,quarter,B,14,48.500000
downstream_dominant__a_maximum__b_quarter,downstream_dominant,maximum,quarter,B,15,48.500000
downstream_dominant__a_maximum__b_quarter,downstream_dominant,maximum,quarter,B,16,48.500000
downstream_dominant__a_maximum__b_quarter,downstream_dominant,maximum,quarter,B,17,48.500000
downstream_dominant__a_maximum__b_quarter,downstream_dominant,maximum,quarter,B,18,48.500000
downstream_dominant__a_maximum__b_quarter,downstream_dominant,maximum,quarter,B,19,48.500000
downstream_dominant__a_maximum__b_quarter,downstream_dominant,maximum,quarter,B,20,48.500000
downstream_dominant__a_maximum__b_quarter,downstream_dominant,maximum,quarter,B,21,48.500000
downstream_dominant__a_maximum__b_quarter,downstream_dominant,maximum,quarter,B,22,48.500000
downstream_dominant__a_maximum__b_quarter,downstream_dominant,maximum,quarter,B,23,48.500000
downstream_dominant__a_maximum__b_half,downstream_dominant,maximum,half,A,0,128.000000
downstream_dominant__a_maximum__b_half,downstream_dominant,maximum,half,A,1,128.000000
downstream_dominant__a_maximum__b_half,downstream_dominant,maximum,half,A,2,128.000000
downstream_dominant__a_maximum__b_half,downstream_dominant,maximum,half,A,3,128.000000
downstream_dominant__a_maximum__b_half,downstream_dominant,maximum,half,A,4,128.000000
downstream_dominant__a_maximum__b_half,downstream_dominant,maximum,half,A,5,128.000000
downstream_dominant__a_maximum__b_half,downstream_dominant,maximum,half,A,6,128.000000
downstream_dominant__a_maximum__b_half,downstream_dominant,maximum,half,A,7,128.000000
downstream_dominant__a_maximum__b_half,downstream_dominant,maximum,half,A,8,128.000000
downstream_dominant__a_maximum__b_half,downstream_dominant,maximum,half,A,9,128.000000
downstream_dominant__a_maximum__b_half,downstream_dominant,maximum,half,A,10,128.000000
downstream_dominant__a_maximum__b_half,downstream_dominant,maximum,half,A,11,128.000000
downstream_dominant__a_maximum__b_half,downstream_dominant,maximum,half,A,12,128.000000
downstream_dominant__a_maximum__b_half,downstream_dominant,maximum,half,A,13,128.000000
downstream_dominant__a_maximum__b_half,downstream_dominant,maximum,half,A,14,128.000000
downstream_dominant__a_maximum__b_half,downstream_dominant,maximum,half,A,15,128.000000
downstream_dominant__a_maximum__b_half,downstream_dominant,maximum,half,A,16,128.000000
downstream_dominant__a_maximum__b_half,downstream_dominant,maximum,half,A,17,128.000000
downstream_dominant__a_maximum__b_half,downstream_dominant,maximum,half,A,18,128.000000
downstream_dominant__a_maximum__b_half,downstream_dominant,maximum,half,A,19,128.000000
downstream_dominant__a_maximum__b_half,downstream_dominant,maximum,half,A,20,128.000000
downstream_dominant__a_maximum__b_half,downstream_dominant,maximum,half,A,21,128.000000
downstream_dominant__a_maximum__b_half,downstream_dominant,maximum,half,A,22,128.000000
downstream_dominant__a_maximum__b_half,downstream_dominant,maximum,half,A,23,128.000000
downstream_dominant__a_maximum__b_half,downstream_dominant,maximum,half,B,0,65.000000
downstream_dominant__a_maximum__b_half,downstream_dominant,maximum,half,B,1,65.000000
downstream_dominant__a_maximum__b_half,downstream_dominant,maximum,half,B,2,65.000000
downstream_dominant__a_maximum__b_half,downstream_dominant,maximum,half,B,3,65.000000
downstream_dominant__a_maximum__b_half,downstream_dominant,maximum,half,B,4,65.000000
downstream_dominant__a_maximum__b_half,downstream_dominant,maximum,half,B,5,65.000000
downstream_dominant__a_maximum__b_half,downstream_dominant,maximum,half,B,6,65.000000
downstream_dominant__a_maximum__b_half,downstream_dominant,maximum,half,B,7,65.000000
downstream_dominant__a_maximum__b_half,downstream_dominant,maximum,half,B,8,65.000000
downstream_dominant__a_maximum__b_half,downstream_dominant,maximum,half,B,9,65.000000
downstream_dominant__a_maximum__b_half,downstream_dominant,maximum,half,B,10,65.000000
downstream_dominant__a_maximum__b_half,downstream_dominant,maximum,half,B,11,65.000000
downstream_dominant__a_maximum__b_half,downstream_dominant,maximum,half,B,12,65.000000
downstream_dominant__a_maximum__b_half,downstream_dominant,maximum,half,B,13,65.000000
downstream_dominant__a_maximum__b_half,downstream_dominant,maximum,half,B,14,65.000000
downstream_dominant__a_maximum__b_half,downstream_dominant,maximum,half,B,15,65.000000
downstream_dominant__a_maximum__b_half,downstream_dominant,maximum,half,B,16,65.000000
downstream_dominant__a_maximum__b_half,downstream_dominant,maximum,half,B,17,65.000000
downstream_dominant__a_maximum__b_half,downstream_dominant,maximum,half,B,18,65.000000
downstream_dominant__a_maximum__b_half,downstream_dominant,maximum,half,B,19,65.000000
downstream_dominant__a_maximum__b_half,downstream_dominant,maximum,half,B,20,65.000000
downstream_dominant__a_maximum__b_half,downstream_dominant,maximum,half,B,21,65.000000
downstream_dominant__a_maximum__b_half,downstream_dominant,maximum,half,B,22,65.000000
downstream_dominant__a_maximum__b_half,downstream_dominant,maximum,half,B,23,65.000000
downstream_dominant__a_maximum__b_three_quarters,downstream_dominant,maximum,three_quarters,A,0,128.000000
downstream_dominant__a_maximum__b_three_quarters,downstream_dominant,maximum,three_quarters,A,1,128.000000
downstream_dominant__a_maximum__b_three_quarters,downstream_dominant,maximum,three_quarters,A,2,128.000000
downstream_dominant__a_maximum__b_three_quarters,downstream_dominant,maximum,three_quarters,A,3,128.000000
downstream_dominant__a_maximum__b_three_quarters,downstream_dominant,maximum,three_quarters,A,4,128.000000
downstream_dominant__a_maximum__b_three_quarters,downstream_dominant,maximum,three_quarters,A,5,128.000000
downstream_dominant__a_maximum__b_three_quarters,downstream_dominant,maximum,three_quarters,A,6,128.000000
downstream_dominant__a_maximum__b_three_quarters,downstream_dominant,maximum,three_quarters,A,7,128.000000
downstream_dominant__a_maximum__b_three_quarters,downstream_dominant,maximum,three_quarters,A,8,128.000000
downstream_dominant__a_maximum__b_three_quarters,downstream_dominant,maximum,three_quarters,A,9,128.000000
downstream_dominant__a_maximum__b_three_quarters,downstream_dominant,maximum,three_quarters,A,10,128.000000
downstream_dominant__a_maximum__b_three_quarters,downstream_dominant,maximum,three_quarters,A,11,128.000000
downstream_dominant__a_maximum__b_three_quarters,downstream_dominant,maximum,three_quarters,A,12,128.000000
downstream_dominant__a_maximum__b_three_quarters,downstream_dominant,maximum,three_quarters,A,13,128.000000
downstream_dominant__a_maximum__b_three_quarters,downstream_dominant,maximum,three_quarters,A,14,128.000000
downstream_dominant__a_maximum__b_three_quarters,downstream_dominant,maximum,three_quarters,A,15,128.000000
downstream_dominant__a_maximum__b_three_quarters,downstream_dominant,maximum,three_quarters,A,16,128.000000
downstream_dominant__a_maximum__b_three_quarters,downstream_dominant,maximum,three_quarters,A,17,128.000000
downstream_dominant__a_maximum__b_three_quarters,downstream_dominant,maximum,three_quarters,A,18,128.000000
downstream_dominant__a_maximum__b_three_quarters,downstream_dominant,maximum,three_quarters,A,19,128.000000
downstream_dominant__a_maximum__b_three_quarters,downstream_dominant,maximum,three_quarters,A,20,128.000000
downstream_dominant__a_maximum__b_three_quarters,downstream_dominant,maximum,three_quarters,A,21,128.000000
downstream_dominant__a_maximum__b_three_quarters,downstream_dominant,maximum,three_quarters,A,22,128.000000
downstream_dominant__a_maximum__b_three_quarters,downstream_dominant,maximum,three_quarters,A,23,128.000000
downstream_dominant__a_maximum__b_three_quarters,downstream_dominant,maximum,three_quarters,B,0,81.500000
downstream_dominant__a_maximum__b_three_quarters,downstream_dominant,maximum,three_quarters,B,1,81.500000
downstream_dominant__a_maximum__b_three_quarters,downstream_dominant,maximum,three_quarters,B,2,81.500000
downstream_dominant__a_maximum__b_three_quarters,downstream_dominant,maximum,three_quarters,B,3,81.500000
downstream_dominant__a_maximum__b_three_quarters,downstream_dominant,maximum,three_quarters,B,4,81.500000
downstream_dominant__a_maximum__b_three_quarters,downstream_dominant,maximum,three_quarters,B,5,81.500000
downstream_dominant__a_maximum__b_three_quarters,downstream_dominant,maximum,three_quarters,B,6,81.500000
downstream_dominant__a_maximum__b_three_quarters,downstream_dominant,maximum,three_quarters,B,7,81.500000
downstream_dominant__a_maximum__b_three_quarters,downstream_dominant,maximum,three_quarters,B,8,81.500000
downstream_dominant__a_maximum__b_three_quarters,downstream_dominant,maximum,three_quarters,B,9,81.500000
downstream_dominant__a_maximum__b_three_quarters,downstream_dominant,maximum,three_quarters,B,10,81.500000
downstream_dominant__a_maximum__b_three_quarters,downstream_dominant,maximum,three_quarters,B,11,81.500000
downstream_dominant__a_maximum__b_three_quarters,downstream_dominant,maximum,three_quarters,B,12,81.500000
downstream_dominant__a_maximum__b_three_quarters,downstream_dominant,maximum,three_quarters,B,13,81.500000
downstream_dominant__a_maximum__b_three_quarters,downstream_dominant,maximum,three_quarters,B,14,81.500000
downstream_dominant__a_maximum__b_three_quarters,downstream_dominant,maximum,three_quarters,B,15,81.500000
downstream_dominant__a_maximum__b_three_quarters,downstream_dominant,maximum,three_quarters,B,16,81.500000
downstream_dominant__a_maximum__b_three_quarters,downstream_dominant,maximum,three_quarters,B,17,81.500000
downstream_dominant__a_maximum__b_three_quarters,downstream_dominant,maximum,three_quarters,B,18,81.500000
downstream_dominant__a_maximum__b_three_quarters,downstream_dominant,maximum,three_quarters,B,19,81.500000
downstream_dominant__a_maximum__b_three_quarters,downstream_dominant,maximum,three_quarters,B,20,81.500000
downstream_dominant__a_maximum__b_three_quarters,downstream_dominant,maximum,three_quarters,B,21,81.500000
downstream_dominant__a_maximum__b_three_quarters,downstream_dominant,maximum,three_quarters,B,22,81.500000
downstream_dominant__a_maximum__b_three_quarters,downstream_dominant,maximum,three_quarters,B,23,81.500000
downstream_dominant__a_maximum__b_maximum,downstream_dominant,maximum,maximum,A,0,128.000000
downstream_dominant__a_maximum__b_maximum,downstream_dominant,maximum,maximum,A,1,128.000000
downstream_dominant__a_maximum__b_maximum,downstream_dominant,maximum,maximum,A,2,128.000000
downstream_dominant__a_maximum__b_maximum,downstream_dominant,maximum,maximum,A,3,128.000000
downstream_dominant__a_maximum__b_maximum,downstream_dominant,maximum,maximum,A,4,128.000000
downstream_dominant__a_maximum__b_maximum,downstream_dominant,maximum,maximum,A,5,128.000000
downstream_dominant__a_maximum__b_maximum,downstream_dominant,maximum,maximum,A,6,128.000000
downstream_dominant__a_maximum__b_maximum,downstream_dominant,maximum,maximum,A,7,128.000000
downstream_dominant__a_maximum__b_maximum,downstream_dominant,maximum,maximum,A,8,128.000000
downstream_dominant__a_maximum__b_maximum,downstream_dominant,maximum,maximum,A,9,128.000000
downstream_dominant__a_maximum__b_maximum,downstream_dominant,maximum,maximum,A,10,128.000000
downstream_dominant__a_maximum__b_maximum,downstream_dominant,maximum,maximum,A,11,128.000000
downstream_dominant__a_maximum__b_maximum,downstream_dominant,maximum,maximum,A,12,128.000000
downstream_dominant__a_maximum__b_maximum,downstream_dominant,maximum,maximum,A,13,128.000000
downstream_dominant__a_maximum__b_maximum,downstream_dominant,maximum,maximum,A,14,128.000000
downstream_dominant__a_maximum__b_maximum,downstream_dominant,maximum,maximum,A,15,128.000000
downstream_dominant__a_maximum__b_maximum,downstream_dominant,maximum,maximum,A,16,128.000000
downstream_dominant__a_maximum__b_maximum,downstream_dominant,maximum,maximum,A,17,128.000000
downstream_dominant__a_maximum__b_maximum,downstream_dominant,maximum,maximum,A,18,128.000000
downstream_dominant__a_maximum__b_maximum,downstream_dominant,maximum,maximum,A,19,128.000000
downstream_dominant__a_maximum__b_maximum,downstream_dominant,maximum,maximum,A,20,128.000000
downstream_dominant__a_maximum__b_maximum,downstream_dominant,maximum,maximum,A,21,128.000000
downstream_dominant__a_maximum__b_maximum,downstream_dominant,maximum,maximum,A,22,128.000000
downstream_dominant__a_maximum__b_maximum,downstream_dominant,maximum,maximum,A,23,128.000000
downstream_dominant__a_maximum__b_maximum,downstream_dominant,maximum,maximum,B,0,98.000000
downstream_dominant__a_maximum__b_maximum,downstream_dominant,maximum,maximum,B,1,98.000000
downstream_dominant__a_maximum__b_maximum,downstream_dominant,maximum,maximum,B,2,98.000000
downstream_dominant__a_maximum__b_maximum,downstream_dominant,maximum,maximum,B,3,98.000000
downstream_dominant__a_maximum__b_maximum,downstream_dominant,maximum,maximum,B,4,98.000000
downstream_dominant__a_maximum__b_maximum,downstream_dominant,maximum,maximum,B,5,98.000000
downstream_dominant__a_maximum__b_maximum,downstream_dominant,maximum,maximum,B,6,98.000000
downstream_dominant__a_maximum__b_maximum,downstream_dominant,maximum,maximum,B,7,98.000000
downstream_dominant__a_maximum__b_maximum,downstream_dominant,maximum,maximum,B,8,98.000000
downstream_dominant__a_maximum__b_maximum,downstream_dominant,maximum,maximum,B,9,98.000000
downstream_dominant__a_maximum__b_maximum,downstream_dominant,maximum,maximum,B,10,98.000000
downstream_dominant__a_maximum__b_maximum,downstream_dominant,maximum,maximum,B,11,98.000000
downstream_dominant__a_maximum__b_maximum,downstream_dominant,maximum,maximum,B,12,98.000000
downstream_dominant__a_maximum__b_maximum,downstream_dominant,maximum,maximum,B,13,98.000000
downstream_dominant__a_maximum__b_maximum,downstream_dominant,maximum,maximum,B,14,98.000000
downstream_dominant__a_maximum__b_maximum,downstream_dominant,maximum,maximum,B,15,98.000000
downstream_dominant__a_maximum__b_maximum,downstream_dominant,maximum,maximum,B,16,98.000000
downstream_dominant__a_maximum__b_maximum,downstream_dominant,maximum,maximum,B,17,98.000000
downstream_dominant__a_maximum__b_maximum,downstream_dominant,maximum,maximum,B,18,98.000000
downstream_dominant__a_maximum__b_maximum,downstream_dominant,maximum,maximum,B,19,98.000000
downstream_dominant__a_maximum__b_maximum,downstream_dominant,maximum,maximum,B,20,98.000000
downstream_dominant__a_maximum__b_maximum,downstream_dominant,maximum,maximum,B,21,98.000000
downstream_dominant__a_maximum__b_maximum,downstream_dominant,maximum,maximum,B,22,98.000000
downstream_dominant__a_maximum__b_maximum,downstream_dominant,maximum,maximum,B,23,98.000000
wet_rising__a_off__b_off,wet_rising,off,off,A,0,0.000000
wet_rising__a_off__b_off,wet_rising,off,off,A,1,0.000000
wet_rising__a_off__b_off,wet_rising,off,off,A,2,0.000000
wet_rising__a_off__b_off,wet_rising,off,off,A,3,0.000000
wet_rising__a_off__b_off,wet_rising,off,off,A,4,0.000000
wet_rising__a_off__b_off,wet_rising,off,off,A,5,0.000000
wet_rising__a_off__b_off,wet_rising,off,off,A,6,0.000000
wet_rising__a_off__b_off,wet_rising,off,off,A,7,0.000000
wet_rising__a_off__b_off,wet_rising,off,off,A,8,0.000000
wet_rising__a_off__b_off,wet_rising,off,off,A,9,0.000000
wet_rising__a_off__b_off,wet_rising,off,off,A,10,0.000000
wet_rising__a_off__b_off,wet_rising,off,off,A,11,0.000000
wet_rising__a_off__b_off,wet_rising,off,off,A,12,0.000000
wet_rising__a_off__b_off,wet_rising,off,off,A,13,0.000000
wet_rising__a_off__b_off,wet_rising,off,off,A,14,0.000000
wet_rising__a_off__b_off,wet_rising,off,off,A,15,0.000000
wet_rising__a_off__b_off,wet_rising,off,off,A,16,0.000000
wet_rising__a_off__b_off,wet_rising,off,off,A,17,0.000000
wet_rising__a_off__b_off,wet_rising,off,off,A,18,0.000000
wet_rising__a_off__b_off,wet_rising,off,off,A,19,0.000000
wet_rising__a_off__b_off,wet_rising,off,off,A,20,0.000000
wet_rising__a_off__b_off,wet_rising,off,off,A,21,0.000000
wet_rising__a_off__b_off,wet_rising,off,off,A,22,0.000000
wet_rising__a_off__b_off,wet_rising,off,off,A,23,0.000000
wet_rising__a_off__b_off,wet_rising,off,off,B,0,0.000000
wet_rising__a_off__b_off,wet_rising,off,off,B,1,0.000000
wet_rising__a_off__b_off,wet_rising,off,off,B,2,0.000000
wet_rising__a_off__b_off,wet_rising,off,off,B,3,0.000000
wet_rising__a_off__b_off,wet_rising,off,off,B,4,0.000000
wet_rising__a_off__b_off,wet_rising,off,off,B,5,0.000000
wet_rising__a_off__b_off,wet_rising,off,off,B,6,0.000000
wet_rising__a_off__b_off,wet_rising,off,off,B,7,0.000000
wet_rising__a_off__b_off,wet_rising,off,off,B,8,0.000000
wet_rising__a_off__b_off,wet_rising,off,off,B,9,0.000000
wet_rising__a_off__b_off,wet_rising,off,off,B,10,0.000000
wet_rising__a_off__b_off,wet_rising,off,off,B,11,0.000000
wet_rising__a_off__b_off,wet_rising,off,off,B,12,0.000000
wet_rising__a_off__b_off,wet_rising,off,off,B,13,0.000000
wet_rising__a_off__b_off,wet_rising,off,off,B,14,0.000000
wet_rising__a_off__b_off,wet_rising,off,off,B,15,0.000000
wet_rising__a_off__b_off,wet_rising,off,off,B,16,0.000000
wet_rising__a_off__b_off,wet_rising,off,off,B,17,0.000000
wet_rising__a_off__b_off,wet_rising,off,off,B,18,0.000000
wet_rising__a_off__b_off,wet_rising,off,off,B,19,0.000000
wet_rising__a_off__b_off,wet_rising,off,off,B,20,0.000000
wet_rising__a_off__b_off,wet_rising,off,off,B,21,0.000000
wet_rising__a_off__b_off,wet_rising,off,off,B,22,0.000000
wet_rising__a_off__b_off,wet_rising,off,off,B,23,0.000000
wet_rising__a_off__b_minimum,wet_rising,off,minimum,A,0,0.000000
wet_rising__a_off__b_minimum,wet_rising,off,minimum,A,1,0.000000
wet_rising__a_off__b_minimum,wet_rising,off,minimum,A,2,0.000000
wet_rising__a_off__b_minimum,wet_rising,off,minimum,A,3,0.000000
wet_rising__a_off__b_minimum,wet_rising,off,minimum,A,4,0.000000
wet_rising__a_off__b_minimum,wet_rising,off,minimum,A,5,0.000000
wet_rising__a_off__b_minimum,wet_rising,off,minimum,A,6,0.000000
wet_rising__a_off__b_minimum,wet_rising,off,minimum,A,7,0.000000
wet_rising__a_off__b_minimum,wet_rising,off,minimum,A,8,0.000000
wet_rising__a_off__b_minimum,wet_rising,off,minimum,A,9,0.000000
wet_rising__a_off__b_minimum,wet_rising,off,minimum,A,10,0.000000
wet_rising__a_off__b_minimum,wet_rising,off,minimum,A,11,0.000000
wet_rising__a_off__b_minimum,wet_rising,off,minimum,A,12,0.000000
wet_rising__a_off__b_minimum,wet_rising,off,minimum,A,13,0.000000
wet_rising__a_off__b_minimum,wet_rising,off,minimum,A,14,0.000000
wet_rising__a_off__b_minimum,wet_rising,off,minimum,A,15,0.000000
wet_rising__a_off__b_minimum,wet_rising,off,minimum,A,16,0.000000
wet_rising__a_off__b_minimum,wet_rising,off,minimum,A,17,0.000000
wet_rising__a_off__b_minimum,wet_rising,off,minimum,A,18,0.000000
wet_rising__a_off__b_minimum,wet_rising,off,minimum,A,19,0.000000
wet_rising__a_off__b_minimum,wet_rising,off,minimum,A,20,0.000000
wet_rising__a_off__b_minimum,wet_rising,off,minimum,A,21,0.000000
wet_rising__a_off__b_minimum,wet_rising,off,minimum,A,22,0.000000
wet_rising__a_off__b_minimum,wet_rising,off,minimum,A,23,0.000000
wet_rising__a_off__b_minimum,wet_rising,off,minimum,B,0,32.000000
wet_rising__a_off__b_minimum,wet_rising,off,minimum,B,1,32.000000
wet_rising__a_off__b_minimum,wet_rising,off,minimum,B,2,32.000000
wet_rising__a_off__b_minimum,wet_rising,off,minimum,B,3,32.000000
wet_rising__a_off__b_minimum,wet_rising,off,minimum,B,4,32.000000
wet_rising__a_off__b_minimum,wet_rising,off,minimum,B,5,32.000000
wet_rising__a_off__b_minimum,wet_rising,off,minimum,B,6,32.000000
wet_rising__a_off__b_minimum,wet_rising,off,minimum,B,7,32.000000
wet_rising__a_off__b_minimum,wet_rising,off,minimum,B,8,32.000000
wet_rising__a_off__b_minimum,wet_rising,off,minimum,B,9,32.000000
wet_rising__a_off__b_minimum,wet_rising,off,minimum,B,10,32.000000
wet_rising__a_off__b_minimum,wet_rising,off,minimum,B,11,32.000000
wet_rising__a_off__b_minimum,wet_rising,off,minimum,B,12,32.000000
wet_rising__a_off__b_minimum,wet_rising,off,minimum,B,13,32.000000
wet_rising__a_off__b_minimum,wet_rising,off,minimum,B,14,32.000000
wet_rising__a_off__b_minimum,wet_rising,off,minimum,B,15,32.000000
wet_rising__a_off__b_minimum,wet_rising,off,minimum,B,16,32.000000
wet_rising__a_off__b_minimum,wet_rising,off,minimum,B,17,32.000000
wet_rising__a_off__b_minimum,wet_rising,off,minimum,B,18,32.000000
wet_rising__a_off__b_minimum,wet_rising,off,minimum,B,19,32.000000
wet_rising__a_off__b_minimum,wet_rising,off,minimum,B,20,32.000000
wet_rising__a_off__b_minimum,wet_rising,off,minimum,B,21,32.000000
wet_rising__a_off__b_minimum,wet_rising,off,minimum,B,22,32.000000
wet_rising__a_off__b_minimum,wet_rising,off,minimum,B,23,32.000000
wet_rising__a_off__b_quarter,wet_rising,off,quarter,A,0,0.000000
wet_rising__a_off__b_quarter,wet_rising,off,quarter,A,1,0.000000
wet_rising__a_off__b_quarter,wet_rising,off,quarter,A,2,0.000000
wet_rising__a_off__b_quarter,wet_rising,off,quarter,A,3,0.000000
wet_rising__a_off__b_quarter,wet_rising,off,quarter,A,4,0.000000
wet_rising__a_off__b_quarter,wet_rising,off,quarter,A,5,0.000000
wet_rising__a_off__b_quarter,wet_rising,off,quarter,A,6,0.000000
wet_rising__a_off__b_quarter,wet_rising,off,quarter,A,7,0.000000
wet_rising__a_off__b_quarter,wet_rising,off,quarter,A,8,0.000000
wet_rising__a_off__b_quarter,wet_rising,off,quarter,A,9,0.000000
wet_rising__a_off__b_quarter,wet_rising,off,quarter,A,10,0.000000
wet_rising__a_off__b_quarter,wet_rising,off,quarter,A,11,0.000000
wet_rising__a_off__b_quarter,wet_rising,off,quarter,A,12,0.000000
wet_rising__a_off__b_quarter,wet_rising,off,quarter,A,13,0.000000
wet_rising__a_off__b_quarter,wet_rising,off,quarter,A,14,0.000000
wet_rising__a_off__b_quarter,wet_rising,off,quarter,A,15,0.000000
wet_rising__a_off__b_quarter,wet_rising,off,quarter,A,16,0.000000
wet_rising__a_off__b_quarter,wet_rising,off,quarter,A,17,0.000000
wet_rising__a_off__b_quarter,wet_rising,off,quarter,A,18,0.000000
wet_rising__a_off__b_quarter,wet_rising,off,quarter,A,19,0.000000
wet_rising__a_off__b_quarter,wet_rising,off,quarter,A,20,0.000000
wet_rising__a_off__b_quarter,wet_rising,off,quarter,A,21,0.000000
wet_rising__a_off__b_quarter,wet_rising,off,quarter,A,22,0.000000
wet_rising__a_off__b_quarter,wet_rising,off,quarter,A,23,0.000000
wet_rising__a_off__b_quarter,wet_rising,off,quarter,B,0,48.500000
wet_rising__a_off__b_quarter,wet_rising,off,quarter,B,1,48.500000
wet_rising__a_off__b_quarter,wet_rising,off,quarter,B,2,48.500000
wet_rising__a_off__b_quarter,wet_rising,off,quarter,B,3,48.500000
wet_rising__a_off__b_quarter,wet_rising,off,quarter,B,4,48.500000
wet_rising__a_off__b_quarter,wet_rising,off,quarter,B,5,48.500000
wet_rising__a_off__b_quarter,wet_rising,off,quarter,B,6,48.500000
wet_rising__a_off__b_quarter,wet_rising,off,quarter,B,7,48.500000
wet_rising__a_off__b_quarter,wet_rising,off,quarter,B,8,48.500000
wet_rising__a_off__b_quarter,wet_rising,off,quarter,B,9,48.500000
wet_rising__a_off__b_quarter,wet_rising,off,quarter,B,10,48.500000
wet_rising__a_off__b_quarter,wet_rising,off,quarter,B,11,48.500000
wet_rising__a_off__b_quarter,wet_rising,off,quarter,B,12,48.500000
wet_rising__a_off__b_quarter,wet_rising,off,quarter,B,13,48.500000
wet_rising__a_off__b_quarter,wet_rising,off,quarter,B,14,48.500000
wet_rising__a_off__b_quarter,wet_rising,off,quarter,B,15,48.500000
wet_rising__a_off__b_quarter,wet_rising,off,quarter,B,16,48.500000
wet_rising__a_off__b_quarter,wet_rising,off,quarter,B,17,48.500000
wet_rising__a_off__b_quarter,wet_rising,off,quarter,B,18,48.500000
wet_rising__a_off__b_quarter,wet_rising,off,quarter,B,19,48.500000
wet_rising__a_off__b_quarter,wet_rising,off,quarter,B,20,48.500000
wet_rising__a_off__b_quarter,wet_rising,off,quarter,B,21,48.500000
wet_rising__a_off__b_quarter,wet_rising,off,quarter,B,22,48.500000
wet_rising__a_off__b_quarter,wet_rising,off,quarter,B,23,48.500000
wet_rising__a_off__b_half,wet_rising,off,half,A,0,0.000000
wet_rising__a_off__b_half,wet_rising,off,half,A,1,0.000000
wet_rising__a_off__b_half,wet_rising,off,half,A,2,0.000000
wet_rising__a_off__b_half,wet_rising,off,half,A,3,0.000000
wet_rising__a_off__b_half,wet_rising,off,half,A,4,0.000000
wet_rising__a_off__b_half,wet_rising,off,half,A,5,0.000000
wet_rising__a_off__b_half,wet_rising,off,half,A,6,0.000000
wet_rising__a_off__b_half,wet_rising,off,half,A,7,0.000000
wet_rising__a_off__b_half,wet_rising,off,half,A,8,0.000000
wet_rising__a_off__b_half,wet_rising,off,half,A,9,0.000000
wet_rising__a_off__b_half,wet_rising,off,half,A,10,0.000000
wet_rising__a_off__b_half,wet_rising,off,half,A,11,0.000000
wet_rising__a_off__b_half,wet_rising,off,half,A,12,0.000000
wet_rising__a_off__b_half,wet_rising,off,half,A,13,0.000000
wet_rising__a_off__b_half,wet_rising,off,half,A,14,0.000000
wet_rising__a_off__b_half,wet_rising,off,half,A,15,0.000000
wet_rising__a_off__b_half,wet_rising,off,half,A,16,0.000000
wet_rising__a_off__b_half,wet_rising,off,half,A,17,0.000000
wet_rising__a_off__b_half,wet_rising,off,half,A,18,0.000000
wet_rising__a_off__b_half,wet_rising,off,half,A,19,0.000000
wet_rising__a_off__b_half,wet_rising,off,half,A,20,0.000000
wet_rising__a_off__b_half,wet_rising,off,half,A,21,0.000000
wet_rising__a_off__b_half,wet_rising,off,half,A,22,0.000000
wet_rising__a_off__b_half,wet_rising,off,half,A,23,0.000000
wet_rising__a_off__b_half,wet_rising,off,half,B,0,65.000000
wet_rising__a_off__b_half,wet_rising,off,half,B,1,65.000000
wet_rising__a_off__b_half,wet_rising,off,half,B,2,65.000000
wet_rising__a_off__b_half,wet_rising,off,half,B,3,65.000000
wet_rising__a_off__b_half,wet_rising,off,half,B,4,65.000000
wet_rising__a_off__b_half,wet_rising,off,half,B,5,65.000000
wet_rising__a_off__b_half,wet_rising,off,half,B,6,65.000000
wet_rising__a_off__b_half,wet_rising,off,half,B,7,65.000000
wet_rising__a_off__b_half,wet_rising,off,half,B,8,65.000000
wet_rising__a_off__b_half,wet_rising,off,half,B,9,65.000000
wet_rising__a_off__b_half,wet_rising,off,half,B,10,65.000000
wet_rising__a_off__b_half,wet_rising,off,half,B,11,65.000000
wet_rising__a_off__b_half,wet_rising,off,half,B,12,65.000000
wet_rising__a_off__b_half,wet_rising,off,half,B,13,65.000000
wet_rising__a_off__b_half,wet_rising,off,half,B,14,65.000000
wet_rising__a_off__b_half,wet_rising,off,half,B,15,65.000000
wet_rising__a_off__b_half,wet_rising,off,half,B,16,65.000000
wet_rising__a_off__b_half,wet_rising,off,half,B,17,65.000000
wet_rising__a_off__b_half,wet_rising,off,half,B,18,65.000000
wet_rising__a_off__b_half,wet_rising,off,half,B,19,65.000000
wet_rising__a_off__b_half,wet_rising,off,half,B,20,65.000000
wet_rising__a_off__b_half,wet_rising,off,half,B,21,65.000000
wet_rising__a_off__b_half,wet_rising,off,half,B,22,65.000000
wet_rising__a_off__b_half,wet_rising,off,half,B,23,65.000000
wet_rising__a_off__b_three_quarters,wet_rising,off,three_quarters,A,0,0.000000
wet_rising__a_off__b_three_quarters,wet_rising,off,three_quarters,A,1,0.000000
wet_rising__a_off__b_three_quarters,wet_rising,off,three_quarters,A,2,0.000000
wet_rising__a_off__b_three_quarters,wet_rising,off,three_quarters,A,3,0.000000
wet_rising__a_off__b_three_quarters,wet_rising,off,three_quarters,A,4,0.000000
wet_rising__a_off__b_three_quarters,wet_rising,off,three_quarters,A,5,0.000000
wet_rising__a_off__b_three_quarters,wet_rising,off,three_quarters,A,6,0.000000
wet_rising__a_off__b_three_quarters,wet_rising,off,three_quarters,A,7,0.000000
wet_rising__a_off__b_three_quarters,wet_rising,off,three_quarters,A,8,0.000000
wet_rising__a_off__b_three_quarters,wet_rising,off,three_quarters,A,9,0.000000
wet_rising__a_off__b_three_quarters,wet_rising,off,three_quarters,A,10,0.000000
wet_rising__a_off__b_three_quarters,wet_rising,off,three_quarters,A,11,0.000000
wet_rising__a_off__b_three_quarters,wet_rising,off,three_quarters,A,12,0.000000
wet_rising__a_off__b_three_quarters,wet_rising,off,three_quarters,A,13,0.000000
wet_rising__a_off__b_three_quarters,wet_rising,off,three_quarters,A,14,0.000000
wet_rising__a_off__b_three_quarters,wet_rising,off,three_quarters,A,15,0.000000
wet_rising__a_off__b_three_quarters,wet_rising,off,three_quarters,A,16,0.000000
wet_rising__a_off__b_three_quarters,wet_rising,off,three_quarters,A,17,0.000000
wet_rising__a_off__b_three_quarters,wet_rising,off,three_quarters,A,18,0.000000
wet_rising__a_off__b_three_quarters,wet_rising,off,three_quarters,A,19,0.000000
wet_rising__a_off__b_three_quarters,wet_rising,off,three_quarters,A,20,0.000000
wet_rising__a_off__b_three_quarters,wet_rising,off,three_quarters,A,21,0.000000
wet_rising__a_off__b_three_quarters,wet_rising,off,three_quarters,A,22,0.000000
wet_rising__a_off__b_three_quarters,wet_rising,off,three_quarters,A,23,0.000000
wet_rising__a_off__b_three_quarters,wet_rising,off,three_quarters,B,0,81.500000
wet_rising__a_off__b_three_quarters,wet_rising,off,three_quarters,B,1,81.500000
wet_rising__a_off__b_three_quarters,wet_rising,off,three_quarters,B,2,81.500000
wet_rising__a_off__b_three_quarters,wet_rising,off,three_quarters,B,3,81.500000
wet_rising__a_off__b_three_quarters,wet_rising,off,three_quarters,B,4,81.500000
wet_rising__a_off__b_three_quarters,wet_rising,off,three_quarters,B,5,81.500000
wet_rising__a_off__b_three_quarters,wet_rising,off,three_quarters,B,6,81.500000
wet_rising__a_off__b_three_quarters,wet_rising,off,three_quarters,B,7,81.500000
wet_rising__a_off__b_three_quarters,wet_rising,off,three_quarters,B,8,81.500000
wet_rising__a_off__b_three_quarters,wet_rising,off,three_quarters,B,9,81.500000
wet_rising__a_off__b_three_quarters,wet_rising,off,three_quarters,B,10,81.500000
wet_rising__a_off__b_three_quarters,wet_rising,off,three_quarters,B,11,81.500000
wet_rising__a_off__b_three_quarters,wet_rising,off,three_quarters,B,12,81.500000
wet_rising__a_off__b_three_quarters,wet_rising,off,three_quarters,B,13,81.500000
wet_rising__a_off__b_three_quarters,wet_rising,off,three_quarters,B,14,81.500000
wet_rising__a_off__b_three_quarters,wet_rising,off,three_quarters,B,15,81.500000
wet_rising__a_off__b_three_quarters,wet_rising,off,three_quarters,B,16,81.500000
wet_rising__a_off__b_three_quarters,wet_rising,off,three_quarters,B,17,81.500000
wet_rising__a_off__b_three_quarters,wet_rising,off,three_quarters,B,18,81.500000
wet_rising__a_off__b_three_quarters,wet_rising,off,three_quarters,B,19,81.500000
wet_rising__a_off__b_three_quarters,wet_rising,off,three_quarters,B,20,81.500000
wet_rising__a_off__b_three_quarters,wet_rising,off,three_quarters,B,21,81.500000
wet_rising__a_off__b_three_quarters,wet_rising,off,three_quarters,B,22,81.500000
wet_rising__a_off__b_three_quarters,wet_rising,off,three_quarters,B,23,81.500000
wet_rising__a_off__b_maximum,wet_rising,off,maximum,A,0,0.000000
wet_rising__a_off__b_maximum,wet_rising,off,maximum,A,1,0.000000
wet_rising__a_off__b_maximum,wet_rising,off,maximum,A,2,0.000000
wet_rising__a_off__b_maximum,wet_rising,off,maximum,A,3,0.000000
wet_rising__a_off__b_maximum,wet_rising,off,maximum,A,4,0.000000
wet_rising__a_off__b_maximum,wet_rising,off,maximum,A,5,0.000000
wet_rising__a_off__b_maximum,wet_rising,off,maximum,A,6,0.000000
wet_rising__a_off__b_maximum,wet_rising,off,maximum,A,7,0.000000
wet_rising__a_off__b_maximum,wet_rising,off,maximum,A,8,0.000000
wet_rising__a_off__b_maximum,wet_rising,off,maximum,A,9,0.000000
wet_rising__a_off__b_maximum,wet_rising,off,maximum,A,10,0.000000
wet_rising__a_off__b_maximum,wet_rising,off,maximum,A,11,0.000000
wet_rising__a_off__b_maximum,wet_rising,off,maximum,A,12,0.000000
wet_rising__a_off__b_maximum,wet_rising,off,maximum,A,13,0.000000
wet_rising__a_off__b_maximum,wet_rising,off,maximum,A,14,0.000000
wet_rising__a_off__b_maximum,wet_rising,off,maximum,A,15,0.000000
wet_rising__a_off__b_maximum,wet_rising,off,maximum,A,16,0.000000
wet_rising__a_off__b_maximum,wet_rising,off,maximum,A,17,0.000000
wet_rising__a_off__b_maximum,wet_rising,off,maximum,A,18,0.000000
wet_rising__a_off__b_maximum,wet_rising,off,maximum,A,19,0.000000
wet_rising__a_off__b_maximum,wet_rising,off,maximum,A,20,0.000000
wet_rising__a_off__b_maximum,wet_rising,off,maximum,A,21,0.000000
wet_rising__a_off__b_maximum,wet_rising,off,maximum,A,22,0.000000
wet_rising__a_off__b_maximum,wet_rising,off,maximum,A,23,0.000000
wet_rising__a_off__b_maximum,wet_rising,off,maximum,B,0,98.000000
wet_rising__a_off__b_maximum,wet_rising,off,maximum,B,1,98.000000
wet_rising__a_off__b_maximum,wet_rising,off,maximum,B,2,98.000000
wet_rising__a_off__b_maximum,wet_rising,off,maximum,B,3,98.000000
wet_rising__a_off__b_maximum,wet_rising,off,maximum,B,4,98.000000
wet_rising__a_off__b_maximum,wet_rising,off,maximum,B,5,98.000000
wet_rising__a_off__b_maximum,wet_rising,off,maximum,B,6,98.000000
wet_rising__a_off__b_maximum,wet_rising,off,maximum,B,7,98.000000
wet_rising__a_off__b_maximum,wet_rising,off,maximum,B,8,98.000000
wet_rising__a_off__b_maximum,wet_rising,off,maximum,B,9,98.000000
wet_rising__a_off__b_maximum,wet_rising,off,maximum,B,10,98.000000
wet_rising__a_off__b_maximum,wet_rising,off,maximum,B,11,98.000000
wet_rising__a_off__b_maximum,wet_rising,off,maximum,B,12,98.000000
wet_rising__a_off__b_maximum,wet_rising,off,maximum,B,13,98.000000
wet_rising__a_off__b_maximum,wet_rising,off,maximum,B,14,98.000000
wet_rising__a_off__b_maximum,wet_rising,off,maximum,B,15,98.000000
wet_rising__a_off__b_maximum,wet_rising,off,maximum,B,16,98.000000
wet_rising__a_off__b_maximum,wet_rising,off,maximum,B,17,98.000000
wet_rising__a_off__b_maximum,wet_rising,off,maximum,B,18,98.000000
wet_rising__a_off__b_maximum,wet_rising,off,maximum,B,19,98.000000
wet_rising__a_off__b_maximum,wet_rising,off,maximum,B,20,98.000000
wet_rising__a_off__b_maximum,wet_rising,off,maximum,B,21,98.000000
wet_rising__a_off__b_maximum,wet_rising,off,maximum,B,22,98.000000
wet_rising__a_off__b_maximum,wet_rising,off,maximum,B,23,98.000000
wet_rising__a_minimum__b_off,wet_rising,minimum,off,A,0,45.000000
wet_rising__a_minimum__b_off,wet_rising,minimum,off,A,1,45.000000
wet_rising__a_minimum__b_off,wet_rising,minimum,off,A,2,45.000000
wet_rising__a_minimum__b_off,wet_rising,minimum,off,A,3,45.000000
wet_rising__a_minimum__b_off,wet_rising,minimum,off,A,4,45.000000
wet_rising__a_minimum__b_off,wet_rising,minimum,off,A,5,45.000000
wet_rising__a_minimum__b_off,wet_rising,minimum,off,A,6,45.000000
wet_rising__a_minimum__b_off,wet_rising,minimum,off,A,7,45.000000
wet_rising__a_minimum__b_off,wet_rising,minimum,off,A,8,45.000000
wet_rising__a_minimum__b_off,wet_rising,minimum,off,A,9,45.000000
wet_rising__a_minimum__b_off,wet_rising,minimum,off,A,10,45.000000
wet_rising__a_minimum__b_off,wet_rising,minimum,off,A,11,45.000000
wet_rising__a_minimum__b_off,wet_rising,minimum,off,A,12,45.000000
wet_rising__a_minimum__b_off,wet_rising,minimum,off,A,13,45.000000
wet_rising__a_minimum__b_off,wet_rising,minimum,off,A,14,45.000000
wet_rising__a_minimum__b_off,wet_rising,minimum,off,A,15,45.000000
wet_rising__a_minimum__b_off,wet_rising,minimum,off,A,16,45.000000
wet_rising__a_minimum__b_off,wet_rising,minimum,off,A,17,45.000000
wet_rising__a_minimum__b_off,wet_rising,minimum,off,A,18,45.000000
wet_rising__a_minimum__b_off,wet_rising,minimum,off,A,19,45.000000
wet_rising__a_minimum__b_off,wet_rising,minimum,off,A,20,45.000000
wet_rising__a_minimum__b_off,wet_rising,minimum,off,A,21,45.000000
wet_rising__a_minimum__b_off,wet_rising,minimum,off,A,22,45.000000
wet_rising__a_minimum__b_off,wet_rising,minimum,off,A,23,45.000000
wet_rising__a_minimum__b_off,wet_rising,minimum,off,B,0,0.000000
wet_rising__a_minimum__b_off,wet_rising,minimum,off,B,1,0.000000
wet_rising__a_minimum__b_off,wet_rising,minimum,off,B,2,0.000000
wet_rising__a_minimum__b_off,wet_rising,minimum,off,B,3,0.000000
wet_rising__a_minimum__b_off,wet_rising,minimum,off,B,4,0.000000
wet_rising__a_minimum__b_off,wet_rising,minimum,off,B,5,0.000000
wet_rising__a_minimum__b_off,wet_rising,minimum,off,B,6,0.000000
wet_rising__a_minimum__b_off,wet_rising,minimum,off,B,7,0.000000
wet_rising__a_minimum__b_off,wet_rising,minimum,off,B,8,0.000000
wet_rising__a_minimum__b_off,wet_rising,minimum,off,B,9,0.000000
wet_rising__a_minimum__b_off,wet_rising,minimum,off,B,10,0.000000
wet_rising__a_minimum__b_off,wet_rising,minimum,off,B,11,0.000000
wet_rising__a_minimum__b_off,wet_rising,minimum,off,B,12,0.000000
wet_rising__a_minimum__b_off,wet_rising,minimum,off,B,13,0.000000
wet_rising__a_minimum__b_off,wet_rising,minimum,off,B,14,0.000000
wet_rising__a_minimum__b_off,wet_rising,minimum,off,B,15,0.000000
wet_rising__a_minimum__b_off,wet_rising,minimum,off,B,16,0.000000
wet_rising__a_minimum__b_off,wet_rising,minimum,off,B,17,0.000000
wet_rising__a_minimum__b_off,wet_rising,minimum,off,B,18,0.000000
wet_rising__a_minimum__b_off,wet_rising,minimum,off,B,19,0.000000
wet_rising__a_minimum__b_off,wet_rising,minimum,off,B,20,0.000000
wet_rising__a_minimum__b_off,wet_rising,minimum,off,B,21,0.000000
wet_rising__a_minimum__b_off,wet_rising,minimum,off,B,22,0.000000
wet_rising__a_minimum__b_off,wet_rising,minimum,off,B,23,0.000000
wet_rising__a_minimum__b_minimum,wet_rising,minimum,minimum,A,0,45.000000
wet_rising__a_minimum__b_minimum,wet_rising,minimum,minimum,A,1,45.000000
wet_rising__a_minimum__b_minimum,wet_rising,minimum,minimum,A,2,45.000000
wet_rising__a_minimum__b_minimum,wet_rising,minimum,minimum,A,3,45.000000
wet_rising__a_minimum__b_minimum,wet_rising,minimum,minimum,A,4,45.000000
wet_rising__a_minimum__b_minimum,wet_rising,minimum,minimum,A,5,45.000000
wet_rising__a_minimum__b_minimum,wet_rising,minimum,minimum,A,6,45.000000
wet_rising__a_minimum__b_minimum,wet_rising,minimum,minimum,A,7,45.000000
wet_rising__a_minimum__b_minimum,wet_rising,minimum,minimum,A,8,45.000000
wet_rising__a_minimum__b_minimum,wet_rising,minimum,minimum,A,9,45.000000
wet_rising__a_minimum__b_minimum,wet_rising,minimum,minimum,A,10,45.000000
wet_rising__a_minimum__b_minimum,wet_rising,minimum,minimum,A,11,45.000000
wet_rising__a_minimum__b_minimum,wet_rising,minimum,minimum,A,12,45.000000
wet_rising__a_minimum__b_minimum,wet_rising,minimum,minimum,A,13,45.000000
wet_rising__a_minimum__b_minimum,wet_rising,minimum,minimum,A,14,45.000000
wet_rising__a_minimum__b_minimum,wet_rising,minimum,minimum,A,15,45.000000
wet_rising__a_minimum__b_minimum,wet_rising,minimum,minimum,A,16,45.000000
wet_rising__a_minimum__b_minimum,wet_rising,minimum,minimum,A,17,45.000000
wet_rising__a_minimum__b_minimum,wet_rising,minimum,minimum,A,18,45.000000
wet_rising__a_minimum__b_minimum,wet_rising,minimum,minimum,A,19,45.000000
wet_rising__a_minimum__b_minimum,wet_rising,minimum,minimum,A,20,45.000000
wet_rising__a_minimum__b_minimum,wet_rising,minimum,minimum,A,21,45.000000
wet_rising__a_minimum__b_minimum,wet_rising,minimum,minimum,A,22,45.000000
wet_rising__a_minimum__b_minimum,wet_rising,minimum,minimum,A,23,45.000000
wet_rising__a_minimum__b_minimum,wet_rising,minimum,minimum,B,0,32.000000
wet_rising__a_minimum__b_minimum,wet_rising,minimum,minimum,B,1,32.000000
wet_rising__a_minimum__b_minimum,wet_rising,minimum,minimum,B,2,32.000000
wet_rising__a_minimum__b_minimum,wet_rising,minimum,minimum,B,3,32.000000
wet_rising__a_minimum__b_minimum,wet_rising,minimum,minimum,B,4,32.000000
wet_rising__a_minimum__b_minimum,wet_rising,minimum,minimum,B,5,32.000000
wet_rising__a_minimum__b_minimum,wet_rising,minimum,minimum,B,6,32.000000
wet_rising__a_minimum__b_minimum,wet_rising,minimum,minimum,B,7,32.000000
wet_rising__a_minimum__b_minimum,wet_rising,minimum,minimum,B,8,32.000000
wet_rising__a_minimum__b_minimum,wet_rising,minimum,minimum,B,9,32.000000
wet_rising__a_minimum__b_minimum,wet_rising,minimum,minimum,B,10,32.000000
wet_rising__a_minimum__b_minimum,wet_rising,minimum,minimum,B,11,32.000000
wet_rising__a_minimum__b_minimum,wet_rising,minimum,minimum,B,12,32.000000
wet_rising__a_minimum__b_minimum,wet_rising,minimum,minimum,B,13,32.000000
wet_rising__a_minimum__b_minimum,wet_rising,minimum,minimum,B,14,32.000000
wet_rising__a_minimum__b_minimum,wet_rising,minimum,minimum,B,15,32.000000
wet_rising__a_minimum__b_minimum,wet_rising,minimum,minimum,B,16,32.000000
wet_rising__a_minimum__b_minimum,wet_rising,minimum,minimum,B,17,32.000000
wet_rising__a_minimum__b_minimum,wet_rising,minimum,minimum,B,18,32.000000
wet_rising__a_minimum__b_minimum,wet_rising,minimum,minimum,B,19,32.000000
wet_rising__a_minimum__b_minimum,wet_rising,minimum,minimum,B,20,32.000000
wet_rising__a_minimum__b_minimum,wet_rising,minimum,minimum,B,21,32.000000
wet_rising__a_minimum__b_minimum,wet_rising,minimum,minimum,B,22,32.000000
wet_rising__a_minimum__b_minimum,wet_rising,minimum,minimum,B,23,32.000000
wet_rising__a_minimum__b_quarter,wet_rising,minimum,quarter,A,0,45.000000
wet_rising__a_minimum__b_quarter,wet_rising,minimum,quarter,A,1,45.000000
wet_rising__a_minimum__b_quarter,wet_rising,minimum,quarter,A,2,45.000000
wet_rising__a_minimum__b_quarter,wet_rising,minimum,quarter,A,3,45.000000
wet_rising__a_minimum__b_quarter,wet_rising,minimum,quarter,A,4,45.000000
wet_rising__a_minimum__b_quarter,wet_rising,minimum,quarter,A,5,45.000000
wet_rising__a_minimum__b_quarter,wet_rising,minimum,quarter,A,6,45.000000
wet_rising__a_minimum__b_quarter,wet_rising,minimum,quarter,A,7,45.000000
wet_rising__a_minimum__b_quarter,wet_rising,minimum,quarter,A,8,45.000000
wet_rising__a_minimum__b_quarter,wet_rising,minimum,quarter,A,9,45.000000
wet_rising__a_minimum__b_quarter,wet_rising,minimum,quarter,A,10,45.000000
wet_rising__a_minimum__b_quarter,wet_rising,minimum,quarter,A,11,45.000000
wet_rising__a_minimum__b_quarter,wet_rising,minimum,quarter,A,12,45.000000
wet_rising__a_minimum__b_quarter,wet_rising,minimum,quarter,A,13,45.000000
wet_rising__a_minimum__b_quarter,wet_rising,minimum,quarter,A,14,45.000000
wet_rising__a_minimum__b_quarter,wet_rising,minimum,quarter,A,15,45.000000
wet_rising__a_minimum__b_quarter,wet_rising,minimum,quarter,A,16,45.000000
wet_rising__a_minimum__b_quarter,wet_rising,minimum,quarter,A,17,45.000000
wet_rising__a_minimum__b_quarter,wet_rising,minimum,quarter,A,18,45.000000
wet_rising__a_minimum__b_quarter,wet_rising,minimum,quarter,A,19,45.000000
wet_rising__a_minimum__b_quarter,wet_rising,minimum,quarter,A,20,45.000000
wet_rising__a_minimum__b_quarter,wet_rising,minimum,quarter,A,21,45.000000
wet_rising__a_minimum__b_quarter,wet_rising,minimum,quarter,A,22,45.000000
wet_rising__a_minimum__b_quarter,wet_rising,minimum,quarter,A,23,45.000000
wet_rising__a_minimum__b_quarter,wet_rising,minimum,quarter,B,0,48.500000
wet_rising__a_minimum__b_quarter,wet_rising,minimum,quarter,B,1,48.500000
wet_rising__a_minimum__b_quarter,wet_rising,minimum,quarter,B,2,48.500000
wet_rising__a_minimum__b_quarter,wet_rising,minimum,quarter,B,3,48.500000
wet_rising__a_minimum__b_quarter,wet_rising,minimum,quarter,B,4,48.500000
wet_rising__a_minimum__b_quarter,wet_rising,minimum,quarter,B,5,48.500000
wet_rising__a_minimum__b_quarter,wet_rising,minimum,quarter,B,6,48.500000
wet_rising__a_minimum__b_quarter,wet_rising,minimum,quarter,B,7,48.500000
wet_rising__a_minimum__b_quarter,wet_rising,minimum,quarter,B,8,48.500000
wet_rising__a_minimum__b_quarter,wet_rising,minimum,quarter,B,9,48.500000
wet_rising__a_minimum__b_quarter,wet_rising,minimum,quarter,B,10,48.500000
wet_rising__a_minimum__b_quarter,wet_rising,minimum,quarter,B,11,48.500000
wet_rising__a_minimum__b_quarter,wet_rising,minimum,quarter,B,12,48.500000
wet_rising__a_minimum__b_quarter,wet_rising,minimum,quarter,B,13,48.500000
wet_rising__a_minimum__b_quarter,wet_rising,minimum,quarter,B,14,48.500000
wet_rising__a_minimum__b_quarter,wet_rising,minimum,quarter,B,15,48.500000
wet_rising__a_minimum__b_quarter,wet_rising,minimum,quarter,B,16,48.500000
wet_rising__a_minimum__b_quarter,wet_rising,minimum,quarter,B,17,48.500000
wet_rising__a_minimum__b_quarter,wet_rising,minimum,quarter,B,18,48.500000
wet_rising__a_minimum__b_quarter,wet_rising,minimum,quarter,B,19,48.500000
wet_rising__a_minimum__b_quarter,wet_rising,minimum,quarter,B,20,48.500000
wet_rising__a_minimum__b_quarter,wet_rising,minimum,quarter,B,21,48.500000
wet_rising__a_minimum__b_quarter,wet_rising,minimum,quarter,B,22,48.500000
wet_rising__a_minimum__b_quarter,wet_rising,minimum,quarter,B,23,48.500000
wet_rising__a_minimum__b_half,wet_rising,minimum,half,A,0,45.000000
wet_rising__a_minimum__b_half,wet_rising,minimum,half,A,1,45.000000
wet_rising__a_minimum__b_half,wet_rising,minimum,half,A,2,45.000000
wet_rising__a_minimum__b_half,wet_rising,minimum,half,A,3,45.000000
wet_rising__a_minimum__b_half,wet_rising,minimum,half,A,4,45.000000
wet_rising__a_minimum__b_half,wet_rising,minimum,half,A,5,45.000000
wet_rising__a_minimum__b_half,wet_rising,minimum,half,A,6,45.000000
wet_rising__a_minimum__b_half,wet_rising,minimum,half,A,7,45.000000
wet_rising__a_minimum__b_half,wet_rising,minimum,half,A,8,45.000000
wet_rising__a_minimum__b_half,wet_rising,minimum,half,A,9,45.000000
wet_rising__a_minimum__b_half,wet_rising,minimum,half,A,10,45.000000
wet_rising__a_minimum__b_half,wet_rising,minimum,half,A,11,45.000000
wet_rising__a_minimum__b_half,wet_rising,minimum,half,A,12,45.000000
wet_rising__a_minimum__b_half,wet_rising,minimum,half,A,13,45.000000
wet_rising__a_minimum__b_half,wet_rising,minimum,half,A,14,45.000000
wet_rising__a_minimum__b_half,wet_rising,minimum,half,A,15,45.000000
wet_rising__a_minimum__b_half,wet_rising,minimum,half,A,16,45.000000
wet_rising__a_minimum__b_half,wet_rising,minimum,half,A,17,45.000000
wet_rising__a_minimum__b_half,wet_rising,minimum,half,A,18,45.000000
wet_rising__a_minimum__b_half,wet_rising,minimum,half,A,19,45.000000
wet_rising__a_minimum__b_half,wet_rising,minimum,half,A,20,45.000000
wet_rising__a_minimum__b_half,wet_rising,minimum,half,A,21,45.000000
wet_rising__a_minimum__b_half,wet_rising,minimum,half,A,22,45.000000
wet_rising__a_minimum__b_half,wet_rising,minimum,half,A,23,45.000000
wet_rising__a_minimum__b_half,wet_rising,minimum,half,B,0,65.000000
wet_rising__a_minimum__b_half,wet_rising,minimum,half,B,1,65.000000
wet_rising__a_minimum__b_half,wet_rising,minimum,half,B,2,65.000000
wet_rising__a_minimum__b_half,wet_rising,minimum,half,B,3,65.000000
wet_rising__a_minimum__b_half,wet_rising,minimum,half,B,4,65.000000
wet_rising__a_minimum__b_half,wet_rising,minimum,half,B,5,65.000000
wet_rising__a_minimum__b_half,wet_rising,minimum,half,B,6,65.000000
wet_rising__a_minimum__b_half,wet_rising,minimum,half,B,7,65.000000
wet_rising__a_minimum__b_half,wet_rising,minimum,half,B,8,65.000000
wet_rising__a_minimum__b_half,wet_rising,minimum,half,B,9,65.000000
wet_rising__a_minimum__b_half,wet_rising,minimum,half,B,10,65.000000
wet_rising__a_minimum__b_half,wet_rising,minimum,half,B,11,65.000000
wet_rising__a_minimum__b_half,wet_rising,minimum,half,B,12,65.000000
wet_rising__a_minimum__b_half,wet_rising,minimum,half,B,13,65.000000
wet_rising__a_minimum__b_half,wet_rising,minimum,half,B,14,65.000000
wet_rising__a_minimum__b_half,wet_rising,minimum,half,B,15,65.000000
wet_rising__a_minimum__b_half,wet_rising,minimum,half,B,16,65.000000
wet_rising__a_minimum__b_half,wet_rising,minimum,half,B,17,65.000000
wet_rising__a_minimum__b_half,wet_rising,minimum,half,B,18,65.000000
wet_rising__a_minimum__b_half,wet_rising,minimum,half,B,19,65.000000
wet_rising__a_minimum__b_half,wet_rising,minimum,half,B,20,65.000000
wet_rising__a_minimum__b_half,wet_rising,minimum,half,B,21,65.000000
wet_rising__a_minimum__b_half,wet_rising,minimum,half,B,22,65.000000
wet_rising__a_minimum__b_half,wet_rising,minimum,half,B,23,65.000000
wet_rising__a_minimum__b_three_quarters,wet_rising,minimum,three_quarters,A,0,45.000000
wet_rising__a_minimum__b_three_quarters,wet_rising,minimum,three_quarters,A,1,45.000000
wet_rising__a_minimum__b_three_quarters,wet_rising,minimum,three_quarters,A,2,45.000000
wet_rising__a_minimum__b_three_quarters,wet_rising,minimum,three_quarters,A,3,45.000000
wet_rising__a_minimum__b_three_quarters,wet_rising,minimum,three_quarters,A,4,45.000000
wet_rising__a_minimum__b_three_quarters,wet_rising,minimum,three_quarters,A,5,45.000000
wet_rising__a_minimum__b_three_quarters,wet_rising,minimum,three_quarters,A,6,45.000000
wet_rising__a_minimum__b_three_quarters,wet_rising,minimum,three_quarters,A,7,45.000000
wet_rising__a_minimum__b_three_quarters,wet_rising,minimum,three_quarters,A,8,45.000000
wet_rising__a_minimum__b_three_quarters,wet_rising,minimum,three_quarters,A,9,45.000000
wet_rising__a_minimum__b_three_quarters,wet_rising,minimum,three_quarters,A,10,45.000000
wet_rising__a_minimum__b_three_quarters,wet_rising,minimum,three_quarters,A,11,45.000000
wet_rising__a_minimum__b_three_quarters,wet_rising,minimum,three_quarters,A,12,45.000000
wet_rising__a_minimum__b_three_quarters,wet_rising,minimum,three_quarters,A,13,45.000000
wet_rising__a_minimum__b_three_quarters,wet_rising,minimum,three_quarters,A,14,45.000000
wet_rising__a_minimum__b_three_quarters,wet_rising,minimum,three_quarters,A,15,45.000000
wet_rising__a_minimum__b_three_quarters,wet_rising,minimum,three_quarters,A,16,45.000000
wet_rising__a_minimum__b_three_quarters,wet_rising,minimum,three_quarters,A,17,45.000000
wet_rising__a_minimum__b_three_quarters,wet_rising,minimum,three_quarters,A,18,45.000000
wet_rising__a_minimum__b_three_quarters,wet_rising,minimum,three_quarters,A,19,45.000000
wet_rising__a_minimum__b_three_quarters,wet_rising,minimum,three_quarters,A,20,45.000000
wet_rising__a_minimum__b_three_quarters,wet_rising,minimum,three_quarters,A,21,45.000000
wet_rising__a_minimum__b_three_quarters,wet_rising,minimum,three_quarters,A,22,45.000000
wet_rising__a_minimum__b_three_quarters,wet_rising,minimum,three_quarters,A,23,45.000000
wet_rising__a_minimum__b_three_quarters,wet_rising,minimum,three_quarters,B,0,81.500000
wet_rising__a_minimum__b_three_quarters,wet_rising,minimum,three_quarters,B,1,81.500000
wet_rising__a_minimum__b_three_quarters,wet_rising,minimum,three_quarters,B,2,81.500000
wet_rising__a_minimum__b_three_quarters,wet_rising,minimum,three_quarters,B,3,81.500000
wet_rising__a_minimum__b_three_quarters,wet_rising,minimum,three_quarters,B,4,81.500000
wet_rising__a_minimum__b_three_quarters,wet_rising,minimum,three_quarters,B,5,81.500000
wet_rising__a_minimum__b_three_quarters,wet_rising,minimum,three_quarters,B,6,81.500000
wet_rising__a_minimum__b_three_quarters,wet_rising,minimum,three_quarters,B,7,81.500000
wet_rising__a_minimum__b_three_quarters,wet_rising,minimum,three_quarters,B,8,81.500000
wet_rising__a_minimum__b_three_quarters,wet_rising,minimum,three_quarters,B,9,81.500000
wet_rising__a_minimum__b_three_quarters,wet_rising,minimum,three_quarters,B,10,81.500000
wet_rising__a_minimum__b_three_quarters,wet_rising,minimum,three_quarters,B,11,81.500000
wet_rising__a_minimum__b_three_quarters,wet_rising,minimum,three_quarters,B,12,81.500000
wet_rising__a_minimum__b_three_quarters,wet_rising,minimum,three_quarters,B,13,81.500000
wet_rising__a_minimum__b_three_quarters,wet_rising,minimum,three_quarters,B,14,81.500000
wet_rising__a_minimum__b_three_quarters,wet_rising,minimum,three_quarters,B,15,81.500000
wet_rising__a_minimum__b_three_quarters,wet_rising,minimum,three_quarters,B,16,81.500000
wet_rising__a_minimum__b_three_quarters,wet_rising,minimum,three_quarters,B,17,81.500000
wet_rising__a_minimum__b_three_quarters,wet_rising,minimum,three_quarters,B,18,81.500000
wet_rising__a_minimum__b_three_quarters,wet_rising,minimum,three_quarters,B,19,81.500000
wet_rising__a_minimum__b_three_quarters,wet_rising,minimum,three_quarters,B,20,81.500000
wet_rising__a_minimum__b_three_quarters,wet_rising,minimum,three_quarters,B,21,81.500000
wet_rising__a_minimum__b_three_quarters,wet_rising,minimum,three_quarters,B,22,81.500000
wet_rising__a_minimum__b_three_quarters,wet_rising,minimum,three_quarters,B,23,81.500000
wet_rising__a_minimum__b_maximum,wet_rising,minimum,maximum,A,0,45.000000
wet_rising__a_minimum__b_maximum,wet_rising,minimum,maximum,A,1,45.000000
wet_rising__a_minimum__b_maximum,wet_rising,minimum,maximum,A,2,45.000000
wet_rising__a_minimum__b_maximum,wet_rising,minimum,maximum,A,3,45.000000
wet_rising__a_minimum__b_maximum,wet_rising,minimum,maximum,A,4,45.000000
wet_rising__a_minimum__b_maximum,wet_rising,minimum,maximum,A,5,45.000000
wet_rising__a_minimum__b_maximum,wet_rising,minimum,maximum,A,6,45.000000
wet_rising__a_minimum__b_maximum,wet_rising,minimum,maximum,A,7,45.000000
wet_rising__a_minimum__b_maximum,wet_rising,minimum,maximum,A,8,45.000000
wet_rising__a_minimum__b_maximum,wet_rising,minimum,maximum,A,9,45.000000
wet_rising__a_minimum__b_maximum,wet_rising,minimum,maximum,A,10,45.000000
wet_rising__a_minimum__b_maximum,wet_rising,minimum,maximum,A,11,45.000000
wet_rising__a_minimum__b_maximum,wet_rising,minimum,maximum,A,12,45.000000
wet_rising__a_minimum__b_maximum,wet_rising,minimum,maximum,A,13,45.000000
wet_rising__a_minimum__b_maximum,wet_rising,minimum,maximum,A,14,45.000000
wet_rising__a_minimum__b_maximum,wet_rising,minimum,maximum,A,15,45.000000
wet_rising__a_minimum__b_maximum,wet_rising,minimum,maximum,A,16,45.000000
wet_rising__a_minimum__b_maximum,wet_rising,minimum,maximum,A,17,45.000000
wet_rising__a_minimum__b_maximum,wet_rising,minimum,maximum,A,18,45.000000
wet_rising__a_minimum__b_maximum,wet_rising,minimum,maximum,A,19,45.000000
wet_rising__a_minimum__b_maximum,wet_rising,minimum,maximum,A,20,45.000000
wet_rising__a_minimum__b_maximum,wet_rising,minimum,maximum,A,21,45.000000
wet_rising__a_minimum__b_maximum,wet_rising,minimum,maximum,A,22,45.000000
wet_rising__a_minimum__b_maximum,wet_rising,minimum,maximum,A,23,45.000000
wet_rising__a_minimum__b_maximum,wet_rising,minimum,maximum,B,0,98.000000
wet_rising__a_minimum__b_maximum,wet_rising,minimum,maximum,B,1,98.000000
wet_rising__a_minimum__b_maximum,wet_rising,minimum,maximum,B,2,98.000000
wet_rising__a_minimum__b_maximum,wet_rising,minimum,maximum,B,3,98.000000
wet_rising__a_minimum__b_maximum,wet_rising,minimum,maximum,B,4,98.000000
wet_rising__a_minimum__b_maximum,wet_rising,minimum,maximum,B,5,98.000000
wet_rising__a_minimum__b_maximum,wet_rising,minimum,maximum,B,6,98.000000
wet_rising__a_minimum__b_maximum,wet_rising,minimum,maximum,B,7,98.000000
wet_rising__a_minimum__b_maximum,wet_rising,minimum,maximum,B,8,98.000000
wet_rising__a_minimum__b_maximum,wet_rising,minimum,maximum,B,9,98.000000
wet_rising__a_minimum__b_maximum,wet_rising,minimum,maximum,B,10,98.000000
wet_rising__a_minimum__b_maximum,wet_rising,minimum,maximum,B,11,98.000000
wet_rising__a_minimum__b_maximum,wet_rising,minimum,maximum,B,12,98.000000
wet_rising__a_minimum__b_maximum,wet_rising,minimum,maximum,B,13,98.000000
wet_rising__a_minimum__b_maximum,wet_rising,minimum,maximum,B,14,98.000000
wet_rising__a_minimum__b_maximum,wet_rising,minimum,maximum,B,15,98.000000
wet_rising__a_minimum__b_maximum,wet_rising,minimum,maximum,B,16,98.000000
wet_rising__a_minimum__b_maximum,wet_rising,minimum,maximum,B,17,98.000000
wet_rising__a_minimum__b_maximum,wet_rising,minimum,maximum,B,18,98.000000
wet_rising__a_minimum__b_maximum,wet_rising,minimum,maximum,B,19,98.000000
wet_rising__a_minimum__b_maximum,wet_rising,minimum,maximum,B,20,98.000000
wet_rising__a_minimum__b_maximum,wet_rising,minimum,maximum,B,21,98.000000
wet_rising__a_minimum__b_maximum,wet_rising,minimum,maximum,B,22,98.000000
wet_rising__a_minimum__b_maximum,wet_rising,minimum,maximum,B,23,98.000000
wet_rising__a_quarter__b_off,wet_rising,quarter,off,A,0,65.750000
wet_rising__a_quarter__b_off,wet_rising,quarter,off,A,1,65.750000
wet_rising__a_quarter__b_off,wet_rising,quarter,off,A,2,65.750000
wet_rising__a_quarter__b_off,wet_rising,quarter,off,A,3,65.750000
wet_rising__a_quarter__b_off,wet_rising,quarter,off,A,4,65.750000
wet_rising__a_quarter__b_off,wet_rising,quarter,off,A,5,65.750000
wet_rising__a_quarter__b_off,wet_rising,quarter,off,A,6,65.750000
wet_rising__a_quarter__b_off,wet_rising,quarter,off,A,7,65.750000
wet_rising__a_quarter__b_off,wet_rising,quarter,off,A,8,65.750000
wet_rising__a_quarter__b_off,wet_rising,quarter,off,A,9,65.750000
wet_rising__a_quarter__b_off,wet_rising,quarter,off,A,10,65.750000
wet_rising__a_quarter__b_off,wet_rising,quarter,off,A,11,65.750000
wet_rising__a_quarter__b_off,wet_rising,quarter,off,A,12,65.750000
wet_rising__a_quarter__b_off,wet_rising,quarter,off,A,13,65.750000
wet_rising__a_quarter__b_off,wet_rising,quarter,off,A,14,65.750000
wet_rising__a_quarter__b_off,wet_rising,quarter,off,A,15,65.750000
wet_rising__a_quarter__b_off,wet_rising,quarter,off,A,16,65.750000
wet_rising__a_quarter__b_off,wet_rising,quarter,off,A,17,65.750000
wet_rising__a_quarter__b_off,wet_rising,quarter,off,A,18,65.750000
wet_rising__a_quarter__b_off,wet_rising,quarter,off,A,19,65.750000
wet_rising__a_quarter__b_off,wet_rising,quarter,off,A,20,65.750000
wet_rising__a_quarter__b_off,wet_rising,quarter,off,A,21,65.750000
wet_rising__a_quarter__b_off,wet_rising,quarter,off,A,22,65.750000
wet_rising__a_quarter__b_off,wet_rising,quarter,off,A,23,65.750000
wet_rising__a_quarter__b_off,wet_rising,quarter,off,B,0,0.000000
wet_rising__a_quarter__b_off,wet_rising,quarter,off,B,1,0.000000
wet_rising__a_quarter__b_off,wet_rising,quarter,off,B,2,0.000000
wet_rising__a_quarter__b_off,wet_rising,quarter,off,B,3,0.000000
wet_rising__a_quarter__b_off,wet_rising,quarter,off,B,4,0.000000
wet_rising__a_quarter__b_off,wet_rising,quarter,off,B,5,0.000000
wet_rising__a_quarter__b_off,wet_rising,quarter,off,B,6,0.000000
wet_rising__a_quarter__b_off,wet_rising,quarter,off,B,7,0.000000
wet_rising__a_quarter__b_off,wet_rising,quarter,off,B,8,0.000000
wet_rising__a_quarter__b_off,wet_rising,quarter,off,B,9,0.000000
wet_rising__a_quarter__b_off,wet_rising,quarter,off,B,10,0.000000
wet_rising__a_quarter__b_off,wet_rising,quarter,off,B,11,0.000000
wet_rising__a_quarter__b_off,wet_rising,quarter,off,B,12,0.000000
wet_rising__a_quarter__b_off,wet_rising,quarter,off,B,13,0.000000
wet_rising__a_quarter__b_off,wet_rising,quarter,off,B,14,0.000000
wet_rising__a_quarter__b_off,wet_rising,quarter,off,B,15,0.000000
wet_rising__a_quarter__b_off,wet_rising,quarter,off,B,16,0.000000
wet_rising__a_quarter__b_off,wet_rising,quarter,off,B,17,0.000000
wet_rising__a_quarter__b_off,wet_rising,quarter,off,B,18,0.000000
wet_rising__a_quarter__b_off,wet_rising,quarter,off,B,19,0.000000
wet_rising__a_quarter__b_off,wet_rising,quarter,off,B,20,0.000000
wet_rising__a_quarter__b_off,wet_rising,quarter,off,B,21,0.000000
wet_rising__a_quarter__b_off,wet_rising,quarter,off,B,22,0.000000
wet_rising__a_quarter__b_off,wet_rising,quarter,off,B,23,0.000000
wet_rising__a_quarter__b_minimum,wet_rising,quarter,minimum,A,0,65.750000
wet_rising__a_quarter__b_minimum,wet_rising,quarter,minimum,A,1,65.750000
wet_rising__a_quarter__b_minimum,wet_rising,quarter,minimum,A,2,65.750000
wet_rising__a_quarter__b_minimum,wet_rising,quarter,minimum,A,3,65.750000
wet_rising__a_quarter__b_minimum,wet_rising,quarter,minimum,A,4,65.750000
wet_rising__a_quarter__b_minimum,wet_rising,quarter,minimum,A,5,65.750000
wet_rising__a_quarter__b_minimum,wet_rising,quarter,minimum,A,6,65.750000
wet_rising__a_quarter__b_minimum,wet_rising,quarter,minimum,A,7,65.750000
wet_rising__a_quarter__b_minimum,wet_rising,quarter,minimum,A,8,65.750000
wet_rising__a_quarter__b_minimum,wet_rising,quarter,minimum,A,9,65.750000
wet_rising__a_quarter__b_minimum,wet_rising,quarter,minimum,A,10,65.750000
wet_rising__a_quarter__b_minimum,wet_rising,quarter,minimum,A,11,65.750000
wet_rising__a_quarter__b_minimum,wet_rising,quarter,minimum,A,12,65.750000
wet_rising__a_quarter__b_minimum,wet_rising,quarter,minimum,A,13,65.750000
wet_rising__a_quarter__b_minimum,wet_rising,quarter,minimum,A,14,65.750000
wet_rising__a_quarter__b_minimum,wet_rising,quarter,minimum,A,15,65.750000
wet_rising__a_quarter__b_minimum,wet_rising,quarter,minimum,A,16,65.750000
wet_rising__a_quarter__b_minimum,wet_rising,quarter,minimum,A,17,65.750000
wet_rising__a_quarter__b_minimum,wet_rising,quarter,minimum,A,18,65.750000
wet_rising__a_quarter__b_minimum,wet_rising,quarter,minimum,A,19,65.750000
wet_rising__a_quarter__b_minimum,wet_rising,quarter,minimum,A,20,65.750000
wet_rising__a_quarter__b_minimum,wet_rising,quarter,minimum,A,21,65.750000
wet_rising__a_quarter__b_minimum,wet_rising,quarter,minimum,A,22,65.750000
wet_rising__a_quarter__b_minimum,wet_rising,quarter,minimum,A,23,65.750000
wet_rising__a_quarter__b_minimum,wet_rising,quarter,minimum,B,0,32.000000
wet_rising__a_quarter__b_minimum,wet_rising,quarter,minimum,B,1,32.000000
wet_rising__a_quarter__b_minimum,wet_rising,quarter,minimum,B,2,32.000000
wet_rising__a_quarter__b_minimum,wet_rising,quarter,minimum,B,3,32.000000
wet_rising__a_quarter__b_minimum,wet_rising,quarter,minimum,B,4,32.000000
wet_rising__a_quarter__b_minimum,wet_rising,quarter,minimum,B,5,32.000000
wet_rising__a_quarter__b_minimum,wet_rising,quarter,minimum,B,6,32.000000
wet_rising__a_quarter__b_minimum,wet_rising,quarter,minimum,B,7,32.000000
wet_rising__a_quarter__b_minimum,wet_rising,quarter,minimum,B,8,32.000000
wet_rising__a_quarter__b_minimum,wet_rising,quarter,minimum,B,9,32.000000
wet_rising__a_quarter__b_minimum,wet_rising,quarter,minimum,B,10,32.000000
wet_rising__a_quarter__b_minimum,wet_rising,quarter,minimum,B,11,32.000000
wet_rising__a_quarter__b_minimum,wet_rising,quarter,minimum,B,12,32.000000
wet_rising__a_quarter__b_minimum,wet_rising,quarter,minimum,B,13,32.000000
wet_rising__a_quarter__b_minimum,wet_rising,quarter,minimum,B,14,32.000000
wet_rising__a_quarter__b_minimum,wet_rising,quarter,minimum,B,15,32.000000
wet_rising__a_quarter__b_minimum,wet_rising,quarter,minimum,B,16,32.000000
wet_rising__a_quarter__b_minimum,wet_rising,quarter,minimum,B,17,32.000000
wet_rising__a_quarter__b_minimum,wet_rising,quarter,minimum,B,18,32.000000
wet_rising__a_quarter__b_minimum,wet_rising,quarter,minimum,B,19,32.000000
wet_rising__a_quarter__b_minimum,wet_rising,quarter,minimum,B,20,32.000000
wet_rising__a_quarter__b_minimum,wet_rising,quarter,minimum,B,21,32.000000
wet_rising__a_quarter__b_minimum,wet_rising,quarter,minimum,B,22,32.000000
wet_rising__a_quarter__b_minimum,wet_rising,quarter,minimum,B,23,32.000000
wet_rising__a_quarter__b_quarter,wet_rising,quarter,quarter,A,0,65.750000
wet_rising__a_quarter__b_quarter,wet_rising,quarter,quarter,A,1,65.750000
wet_rising__a_quarter__b_quarter,wet_rising,quarter,quarter,A,2,65.750000
wet_rising__a_quarter__b_quarter,wet_rising,quarter,quarter,A,3,65.750000
wet_rising__a_quarter__b_quarter,wet_rising,quarter,quarter,A,4,65.750000
wet_rising__a_quarter__b_quarter,wet_rising,quarter,quarter,A,5,65.750000
wet_rising__a_quarter__b_quarter,wet_rising,quarter,quarter,A,6,65.750000
wet_rising__a_quarter__b_quarter,wet_rising,quarter,quarter,A,7,65.750000
wet_rising__a_quarter__b_quarter,wet_rising,quarter,quarter,A,8,65.750000
wet_rising__a_quarter__b_quarter,wet_rising,quarter,quarter,A,9,65.750000
wet_rising__a_quarter__b_quarter,wet_rising,quarter,quarter,A,10,65.750000
wet_rising__a_quarter__b_quarter,wet_rising,quarter,quarter,A,11,65.750000
wet_rising__a_quarter__b_quarter,wet_rising,quarter,quarter,A,12,65.750000
wet_rising__a_quarter__b_quarter,wet_rising,quarter,quarter,A,13,65.750000
wet_rising__a_quarter__b_quarter,wet_rising,quarter,quarter,A,14,65.750000
wet_rising__a_quarter__b_quarter,wet_rising,quarter,quarter,A,15,65.750000
wet_rising__a_quarter__b_quarter,wet_rising,quarter,quarter,A,16,65.750000
wet_rising__a_quarter__b_quarter,wet_rising,quarter,quarter,A,17,65.750000
wet_rising__a_quarter__b_quarter,wet_rising,quarter,quarter,A,18,65.750000
wet_rising__a_quarter__b_quarter,wet_rising,quarter,quarter,A,19,65.750000
wet_rising__a_quarter__b_quarter,wet_rising,quarter,quarter,A,20,65.750000
wet_rising__a_quarter__b_quarter,wet_rising,quarter,quarter,A,21,65.750000
wet_rising__a_quarter__b_quarter,wet_rising,quarter,quarter,A,22,65.750000
wet_rising__a_quarter__b_quarter,wet_rising,quarter,quarter,A,23,65.750000
wet_rising__a_quarter__b_quarter,wet_rising,quarter,quarter,B,0,48.500000
wet_rising__a_quarter__b_quarter,wet_rising,quarter,quarter,B,1,48.500000
wet_rising__a_quarter__b_quarter,wet_rising,quarter,quarter,B,2,48.500000
wet_rising__a_quarter__b_quarter,wet_rising,quarter,quarter,B,3,48.500000
wet_rising__a_quarter__b_quarter,wet_rising,quarter,quarter,B,4,48.500000
wet_rising__a_quarter__b_quarter,wet_rising,quarter,quarter,B,5,48.500000
wet_rising__a_quarter__b_quarter,wet_rising,quarter,quarter,B,6,48.500000
wet_rising__a_quarter__b_quarter,wet_rising,quarter,quarter,B,7,48.500000
wet_rising__a_quarter__b_quarter,wet_rising,quarter,quarter,B,8,48.500000
wet_rising__a_quarter__b_quarter,wet_rising,quarter,quarter,B,9,48.500000
wet_rising__a_quarter__b_quarter,wet_rising,quarter,quarter,B,10,48.500000
wet_rising__a_quarter__b_quarter,wet_rising,quarter,quarter,B,11,48.500000
wet_rising__a_quarter__b_quarter,wet_rising,quarter,quarter,B,12,48.500000
wet_rising__a_quarter__b_quarter,wet_rising,quarter,quarter,B,13,48.500000
wet_rising__a_quarter__b_quarter,wet_rising,quarter,quarter,B,14,48.500000
wet_rising__a_quarter__b_quarter,wet_rising,quarter,quarter,B,15,48.500000
wet_rising__a_quarter__b_quarter,wet_rising,quarter,quarter,B,16,48.500000
wet_rising__a_quarter__b_quarter,wet_rising,quarter,quarter,B,17,48.500000
wet_rising__a_quarter__b_quarter,wet_rising,quarter,quarter,B,18,48.500000
wet_rising__a_quarter__b_quarter,wet_rising,quarter,quarter,B,19,48.500000
wet_rising__a_quarter__b_quarter,wet_rising,quarter,quarter,B,20,48.500000
wet_rising__a_quarter__b_quarter,wet_rising,quarter,quarter,B,21,48.500000
wet_rising__a_quarter__b_quarter,wet_rising,quarter,quarter,B,22,48.500000
wet_rising__a_quarter__b_quarter,wet_rising,quarter,quarter,B,23,48.500000
wet_rising__a_quarter__b_half,wet_rising,quarter,half,A,0,65.750000
wet_rising__a_quarter__b_half,wet_rising,quarter,half,A,1,65.750000
wet_rising__a_quarter__b_half,wet_rising,quarter,half,A,2,65.750000
wet_rising__a_quarter__b_half,wet_rising,quarter,half,A,3,65.750000
wet_rising__a_quarter__b_half,wet_rising,quarter,half,A,4,65.750000
wet_rising__a_quarter__b_half,wet_rising,quarter,half,A,5,65.750000
wet_rising__a_quarter__b_half,wet_rising,quarter,half,A,6,65.750000
wet_rising__a_quarter__b_half,wet_rising,quarter,half,A,7,65.750000
wet_rising__a_quarter__b_half,wet_rising,quarter,half,A,8,65.750000
wet_rising__a_quarter__b_half,wet_rising,quarter,half,A,9,65.750000
wet_rising__a_quarter__b_half,wet_rising,quarter,half,A,10,65.750000
wet_rising__a_quarter__b_half,wet_rising,quarter,half,A,11,65.750000
wet_rising__a_quarter__b_half,wet_rising,quarter,half,A,12,65.750000
wet_rising__a_quarter__b_half,wet_rising,quarter,half,A,13,65.750000
wet_rising__a_quarter__b_half,wet_rising,quarter,half,A,14,65.750000
wet_rising__a_quarter__b_half,wet_rising,quarter,half,A,15,65.750000
wet_rising__a_quarter__b_half,wet_rising,quarter,half,A,16,65.750000
wet_rising__a_quarter__b_half,wet_rising,quarter,half,A,17,65.750000
wet_rising__a_quarter__b_half,wet_rising,quarter,half,A,18,65.750000
wet_rising__a_quarter__b_half,wet_rising,quarter,half,A,19,65.750000
wet_rising__a_quarter__b_half,wet_rising,quarter,half,A,20,65.750000
wet_rising__a_quarter__b_half,wet_rising,quarter,half,A,21,65.750000
wet_rising__a_quarter__b_half,wet_rising,quarter,half,A,22,65.750000
wet_rising__a_quarter__b_half,wet_rising,quarter,half,A,23,65.750000
wet_rising__a_quarter__b_half,wet_rising,quarter,half,B,0,65.000000
wet_rising__a_quarter__b_half,wet_rising,quarter,half,B,1,65.000000
wet_rising__a_quarter__b_half,wet_rising,quarter,half,B,2,65.000000
wet_rising__a_quarter__b_half,wet_rising,quarter,half,B,3,65.000000
wet_rising__a_quarter__b_half,wet_rising,quarter,half,B,4,65.000000
wet_rising__a_quarter__b_half,wet_rising,quarter,half,B,5,65.000000
wet_rising__a_quarter__b_half,wet_rising,quarter,half,B,6,65.000000
wet_rising__a_quarter__b_half,wet_rising,quarter,half,B,7,65.000000
wet_rising__a_quarter__b_half,wet_rising,quarter,half,B,8,65.000000
wet_rising__a_quarter__b_half,wet_rising,quarter,half,B,9,65.000000
wet_rising__a_quarter__b_half,wet_rising,quarter,half,B,10,65.000000
wet_rising__a_quarter__b_half,wet_rising,quarter,half,B,11,65.000000
wet_rising__a_quarter__b_half,wet_rising,quarter,half,B,12,65.000000
wet_rising__a_quarter__b_half,wet_rising,quarter,half,B,13,65.000000
wet_rising__a_quarter__b_half,wet_rising,quarter,half,B,14,65.000000
wet_rising__a_quarter__b_half,wet_rising,quarter,half,B,15,65.000000
wet_rising__a_quarter__b_half,wet_rising,quarter,half,B,16,65.000000
wet_rising__a_quarter__b_half,wet_rising,quarter,half,B,17,65.000000
wet_rising__a_quarter__b_half,wet_rising,quarter,half,B,18,65.000000
wet_rising__a_quarter__b_half,wet_rising,quarter,half,B,19,65.000000
wet_rising__a_quarter__b_half,wet_rising,quarter,half,B,20,65.000000
wet_rising__a_quarter__b_half,wet_rising,quarter,half,B,21,65.000000
wet_rising__a_quarter__b_half,wet_rising,quarter,half,B,22,65.000000
wet_rising__a_quarter__b_half,wet_rising,quarter,half,B,23,65.000000
wet_rising__a_quarter__b_three_quarters,wet_rising,quarter,three_quarters,A,0,65.750000
wet_rising__a_quarter__b_three_quarters,wet_rising,quarter,three_quarters,A,1,65.750000
wet_rising__a_quarter__b_three_quarters,wet_rising,quarter,three_quarters,A,2,65.750000
wet_rising__a_quarter__b_three_quarters,wet_rising,quarter,three_quarters,A,3,65.750000
wet_rising__a_quarter__b_three_quarters,wet_rising,quarter,three_quarters,A,4,65.750000
wet_rising__a_quarter__b_three_quarters,wet_rising,quarter,three_quarters,A,5,65.750000
wet_rising__a_quarter__b_three_quarters,wet_rising,quarter,three_quarters,A,6,65.750000
wet_rising__a_quarter__b_three_quarters,wet_rising,quarter,three_quarters,A,7,65.750000
wet_rising__a_quarter__b_three_quarters,wet_rising,quarter,three_quarters,A,8,65.750000
wet_rising__a_quarter__b_three_quarters,wet_rising,quarter,three_quarters,A,9,65.750000
wet_rising__a_quarter__b_three_quarters,wet_rising,quarter,three_quarters,A,10,65.750000
wet_rising__a_quarter__b_three_quarters,wet_rising,quarter,three_quarters,A,11,65.750000
wet_rising__a_quarter__b_three_quarters,wet_rising,quarter,three_quarters,A,12,65.750000
wet_rising__a_quarter__b_three_quarters,wet_rising,quarter,three_quarters,A,13,65.750000
wet_rising__a_quarter__b_three_quarters,wet_rising,quarter,three_quarters,A,14,65.750000
wet_rising__a_quarter__b_three_quarters,wet_rising,quarter,three_quarters,A,15,65.750000
wet_rising__a_quarter__b_three_quarters,wet_rising,quarter,three_quarters,A,16,65.750000
wet_rising__a_quarter__b_three_quarters,wet_rising,quarter,three_quarters,A,17,65.750000
wet_rising__a_quarter__b_three_quarters,wet_rising,quarter,three_quarters,A,18,65.750000
wet_rising__a_quarter__b_three_quarters,wet_rising,quarter,three_quarters,A,19,65.750000
wet_rising__a_quarter__b_three_quarters,wet_rising,quarter,three_quarters,A,20,65.750000
wet_rising__a_quarter__b_three_quarters,wet_rising,quarter,three_quarters,A,21,65.750000
wet_rising__a_quarter__b_three_quarters,wet_rising,quarter,three_quarters,A,22,65.750000
wet_rising__a_quarter__b_three_quarters,wet_rising,quarter,three_quarters,A,23,65.750000
wet_rising__a_quarter__b_three_quarters,wet_rising,quarter,three_quarters,B,0,81.500000
wet_rising__a_quarter__b_three_quarters,wet_rising,quarter,three_quarters,B,1,81.500000
wet_rising__a_quarter__b_three_quarters,wet_rising,quarter,three_quarters,B,2,81.500000
wet_rising__a_quarter__b_three_quarters,wet_rising,quarter,three_quarters,B,3,81.500000
wet_rising__a_quarter__b_three_quarters,wet_rising,quarter,three_quarters,B,4,81.500000
wet_rising__a_quarter__b_three_quarters,wet_rising,quarter,three_quarters,B,5,81.500000
wet_rising__a_quarter__b_three_quarters,wet_rising,quarter,three_quarters,B,6,81.500000
wet_rising__a_quarter__b_three_quarters,wet_rising,quarter,three_quarters,B,7,81.500000
wet_rising__a_quarter__b_three_quarters,wet_rising,quarter,three_quarters,B,8,81.500000
wet_rising__a_quarter__b_three_quarters,wet_rising,quarter,three_quarters,B,9,81.500000
wet_rising__a_quarter__b_three_quarters,wet_rising,quarter,three_quarters,B,10,81.500000
wet_rising__a_quarter__b_three_quarters,wet_rising,quarter,three_quarters,B,11,81.500000
wet_rising__a_quarter__b_three_quarters,wet_rising,quarter,three_quarters,B,12,81.500000
wet_rising__a_quarter__b_three_quarters,wet_rising,quarter,three_quarters,B,13,81.500000
wet_rising__a_quarter__b_three_quarters,wet_rising,quarter,three_quarters,B,14,81.500000
wet_rising__a_quarter__b_three_quarters,wet_rising,quarter,three_quarters,B,15,81.500000
wet_rising__a_quarter__b_three_quarters,wet_rising,quarter,three_quarters,B,16,81.500000
wet_rising__a_quarter__b_three_quarters,wet_rising,quarter,three_quarters,B,17,81.500000
wet_rising__a_quarter__b_three_quarters,wet_rising,quarter,three_quarters,B,18,81.500000
wet_rising__a_quarter__b_three_quarters,wet_rising,quarter,three_quarters,B,19,81.500000
wet_rising__a_quarter__b_three_quarters,wet_rising,quarter,three_quarters,B,20,81.500000
wet_rising__a_quarter__b_three_quarters,wet_rising,quarter,three_quarters,B,21,81.500000
wet_rising__a_quarter__b_three_quarters,wet_rising,quarter,three_quarters,B,22,81.500000
wet_rising__a_quarter__b_three_quarters,wet_rising,quarter,three_quarters,B,23,81.500000
wet_rising__a_quarter__b_maximum,wet_rising,quarter,maximum,A,0,65.750000
wet_rising__a_quarter__b_maximum,wet_rising,quarter,maximum,A,1,65.750000
wet_rising__a_quarter__b_maximum,wet_rising,quarter,maximum,A,2,65.750000
wet_rising__a_quarter__b_maximum,wet_rising,quarter,maximum,A,3,65.750000
wet_rising__a_quarter__b_maximum,wet_rising,quarter,maximum,A,4,65.750000
wet_rising__a_quarter__b_maximum,wet_rising,quarter,maximum,A,5,65.750000
wet_rising__a_quarter__b_maximum,wet_rising,quarter,maximum,A,6,65.750000
wet_rising__a_quarter__b_maximum,wet_rising,quarter,maximum,A,7,65.750000
wet_rising__a_quarter__b_maximum,wet_rising,quarter,maximum,A,8,65.750000
wet_rising__a_quarter__b_maximum,wet_rising,quarter,maximum,A,9,65.750000
wet_rising__a_quarter__b_maximum,wet_rising,quarter,maximum,A,10,65.750000
wet_rising__a_quarter__b_maximum,wet_rising,quarter,maximum,A,11,65.750000
wet_rising__a_quarter__b_maximum,wet_rising,quarter,maximum,A,12,65.750000
wet_rising__a_quarter__b_maximum,wet_rising,quarter,maximum,A,13,65.750000
wet_rising__a_quarter__b_maximum,wet_rising,quarter,maximum,A,14,65.750000
wet_rising__a_quarter__b_maximum,wet_rising,quarter,maximum,A,15,65.750000
wet_rising__a_quarter__b_maximum,wet_rising,quarter,maximum,A,16,65.750000
wet_rising__a_quarter__b_maximum,wet_rising,quarter,maximum,A,17,65.750000
wet_rising__a_quarter__b_maximum,wet_rising,quarter,maximum,A,18,65.750000
wet_rising__a_quarter__b_maximum,wet_rising,quarter,maximum,A,19,65.750000
wet_rising__a_quarter__b_maximum,wet_rising,quarter,maximum,A,20,65.750000
wet_rising__a_quarter__b_maximum,wet_rising,quarter,maximum,A,21,65.750000
wet_rising__a_quarter__b_maximum,wet_rising,quarter,maximum,A,22,65.750000
wet_rising__a_quarter__b_maximum,wet_rising,quarter,maximum,A,23,65.750000
wet_rising__a_quarter__b_maximum,wet_rising,quarter,maximum,B,0,98.000000
wet_rising__a_quarter__b_maximum,wet_rising,quarter,maximum,B,1,98.000000
wet_rising__a_quarter__b_maximum,wet_rising,quarter,maximum,B,2,98.000000
wet_rising__a_quarter__b_maximum,wet_rising,quarter,maximum,B,3,98.000000
wet_rising__a_quarter__b_maximum,wet_rising,quarter,maximum,B,4,98.000000
wet_rising__a_quarter__b_maximum,wet_rising,quarter,maximum,B,5,98.000000
wet_rising__a_quarter__b_maximum,wet_rising,quarter,maximum,B,6,98.000000
wet_rising__a_quarter__b_maximum,wet_rising,quarter,maximum,B,7,98.000000
wet_rising__a_quarter__b_maximum,wet_rising,quarter,maximum,B,8,98.000000
wet_rising__a_quarter__b_maximum,wet_rising,quarter,maximum,B,9,98.000000
wet_rising__a_quarter__b_maximum,wet_rising,quarter,maximum,B,10,98.000000
wet_rising__a_quarter__b_maximum,wet_rising,quarter,maximum,B,11,98.000000
wet_rising__a_quarter__b_maximum,wet_rising,quarter,maximum,B,12,98.000000
wet_rising__a_quarter__b_maximum,wet_rising,quarter,maximum,B,13,98.000000
wet_rising__a_quarter__b_maximum,wet_rising,quarter,maximum,B,14,98.000000
wet_rising__a_quarter__b_maximum,wet_rising,quarter,maximum,B,15,98.000000
wet_rising__a_quarter__b_maximum,wet_rising,quarter,maximum,B,16,98.000000
wet_rising__a_quarter__b_maximum,wet_rising,quarter,maximum,B,17,98.000000
wet_rising__a_quarter__b_maximum,wet_rising,quarter,maximum,B,18,98.000000
wet_rising__a_quarter__b_maximum,wet_rising,quarter,maximum,B,19,98.000000
wet_rising__a_quarter__b_maximum,wet_rising,quarter,maximum,B,20,98.000000
wet_rising__a_quarter__b_maximum,wet_rising,quarter,maximum,B,21,98.000000
wet_rising__a_quarter__b_maximum,wet_rising,quarter,maximum,B,22,98.000000
wet_rising__a_quarter__b_maximum,wet_rising,quarter,maximum,B,23,98.000000
wet_rising__a_half__b_off,wet_rising,half,off,A,0,86.500000
wet_rising__a_half__b_off,wet_rising,half,off,A,1,86.500000
wet_rising__a_half__b_off,wet_rising,half,off,A,2,86.500000
wet_rising__a_half__b_off,wet_rising,half,off,A,3,86.500000
wet_rising__a_half__b_off,wet_rising,half,off,A,4,86.500000
wet_rising__a_half__b_off,wet_rising,half,off,A,5,86.500000
wet_rising__a_half__b_off,wet_rising,half,off,A,6,86.500000
wet_rising__a_half__b_off,wet_rising,half,off,A,7,86.500000
wet_rising__a_half__b_off,wet_rising,half,off,A,8,86.500000
wet_rising__a_half__b_off,wet_rising,half,off,A,9,86.500000
wet_rising__a_half__b_off,wet_rising,half,off,A,10,86.500000
wet_rising__a_half__b_off,wet_rising,half,off,A,11,86.500000
wet_rising__a_half__b_off,wet_rising,half,off,A,12,86.500000
wet_rising__a_half__b_off,wet_rising,half,off,A,13,86.500000
wet_rising__a_half__b_off,wet_rising,half,off,A,14,86.500000
wet_rising__a_half__b_off,wet_rising,half,off,A,15,86.500000
wet_rising__a_half__b_off,wet_rising,half,off,A,16,86.500000
wet_rising__a_half__b_off,wet_rising,half,off,A,17,86.500000
wet_rising__a_half__b_off,wet_rising,half,off,A,18,86.500000
wet_rising__a_half__b_off,wet_rising,half,off,A,19,86.500000
wet_rising__a_half__b_off,wet_rising,half,off,A,20,86.500000
wet_rising__a_half__b_off,wet_rising,half,off,A,21,86.500000
wet_rising__a_half__b_off,wet_rising,half,off,A,22,86.500000
wet_rising__a_half__b_off,wet_rising,half,off,A,23,86.500000
wet_rising__a_half__b_off,wet_rising,half,off,B,0,0.000000
wet_rising__a_half__b_off,wet_rising,half,off,B,1,0.000000
wet_rising__a_half__b_off,wet_rising,half,off,B,2,0.000000
wet_rising__a_half__b_off,wet_rising,half,off,B,3,0.000000
wet_rising__a_half__b_off,wet_rising,half,off,B,4,0.000000
wet_rising__a_half__b_off,wet_rising,half,off,B,5,0.000000
wet_rising__a_half__b_off,wet_rising,half,off,B,6,0.000000
wet_rising__a_half__b_off,wet_rising,half,off,B,7,0.000000
wet_rising__a_half__b_off,wet_rising,half,off,B,8,0.000000
wet_rising__a_half__b_off,wet_rising,half,off,B,9,0.000000
wet_rising__a_half__b_off,wet_rising,half,off,B,10,0.000000
wet_rising__a_half__b_off,wet_rising,half,off,B,11,0.000000
wet_rising__a_half__b_off,wet_rising,half,off,B,12,0.000000
wet_rising__a_half__b_off,wet_rising,half,off,B,13,0.000000
wet_rising__a_half__b_off,wet_rising,half,off,B,14,0.000000
wet_rising__a_half__b_off,wet_rising,half,off,B,15,0.000000
wet_rising__a_half__b_off,wet_rising,half,off,B,16,0.000000
wet_rising__a_half__b_off,wet_rising,half,off,B,17,0.000000
wet_rising__a_half__b_off,wet_rising,half,off,B,18,0.000000
wet_rising__a_half__b_off,wet_rising,half,off,B,19,0.000000
wet_rising__a_half__b_off,wet_rising,half,off,B,20,0.000000
wet_rising__a_half__b_off,wet_rising,half,off,B,21,0.000000
wet_rising__a_half__b_off,wet_rising,half,off,B,22,0.000000
wet_rising__a_half__b_off,wet_rising,half,off,B,23,0.000000
wet_rising__a_half__b_minimum,wet_rising,half,minimum,A,0,86.500000
wet_rising__a_half__b_minimum,wet_rising,half,minimum,A,1,86.500000
wet_rising__a_half__b_minimum,wet_rising,half,minimum,A,2,86.500000
wet_rising__a_half__b_minimum,wet_rising,half,minimum,A,3,86.500000
wet_rising__a_half__b_minimum,wet_rising,half,minimum,A,4,86.500000
wet_rising__a_half__b_minimum,wet_rising,half,minimum,A,5,86.500000
wet_rising__a_half__b_minimum,wet_rising,half,minimum,A,6,86.500000
wet_rising__a_half__b_minimum,wet_rising,half,minimum,A,7,86.500000
wet_rising__a_half__b_minimum,wet_rising,half,minimum,A,8,86.500000
wet_rising__a_half__b_minimum,wet_rising,half,minimum,A,9,86.500000
wet_rising__a_half__b_minimum,wet_rising,half,minimum,A,10,86.500000
wet_rising__a_half__b_minimum,wet_rising,half,minimum,A,11,86.500000
wet_rising__a_half__b_minimum,wet_rising,half,minimum,A,12,86.500000
wet_rising__a_half__b_minimum,wet_rising,half,minimum,A,13,86.500000
wet_rising__a_half__b_minimum,wet_rising,half,minimum,A,14,86.500000
wet_rising__a_half__b_minimum,wet_rising,half,minimum,A,15,86.500000
wet_rising__a_half__b_minimum,wet_rising,half,minimum,A,16,86.500000
wet_rising__a_half__b_minimum,wet_rising,half,minimum,A,17,86.500000
wet_rising__a_half__b_minimum,wet_rising,half,minimum,A,18,86.500000
wet_rising__a_half__b_minimum,wet_rising,half,minimum,A,19,86.500000
wet_rising__a_half__b_minimum,wet_rising,half,minimum,A,20,86.500000
wet_rising__a_half__b_minimum,wet_rising,half,minimum,A,21,86.500000
wet_rising__a_half__b_minimum,wet_rising,half,minimum,A,22,86.500000
wet_rising__a_half__b_minimum,wet_rising,half,minimum,A,23,86.500000
wet_rising__a_half__b_minimum,wet_rising,half,minimum,B,0,32.000000
wet_rising__a_half__b_minimum,wet_rising,half,minimum,B,1,32.000000
wet_rising__a_half__b_minimum,wet_rising,half,minimum,B,2,32.000000
wet_rising__a_half__b_minimum,wet_rising,half,minimum,B,3,32.000000
wet_rising__a_half__b_minimum,wet_rising,half,minimum,B,4,32.000000
wet_rising__a_half__b_minimum,wet_rising,half,minimum,B,5,32.000000
wet_rising__a_half__b_minimum,wet_rising,half,minimum,B,6,32.000000
wet_rising__a_half__b_minimum,wet_rising,half,minimum,B,7,32.000000
wet_rising__a_half__b_minimum,wet_rising,half,minimum,B,8,32.000000
wet_rising__a_half__b_minimum,wet_rising,half,minimum,B,9,32.000000
wet_rising__a_half__b_minimum,wet_rising,half,minimum,B,10,32.000000
wet_rising__a_half__b_minimum,wet_rising,half,minimum,B,11,32.000000
wet_rising__a_half__b_minimum,wet_rising,half,minimum,B,12,32.000000
wet_rising__a_half__b_minimum,wet_rising,half,minimum,B,13,32.000000
wet_rising__a_half__b_minimum,wet_rising,half,minimum,B,14,32.000000
wet_rising__a_half__b_minimum,wet_rising,half,minimum,B,15,32.000000
wet_rising__a_half__b_minimum,wet_rising,half,minimum,B,16,32.000000
wet_rising__a_half__b_minimum,wet_rising,half,minimum,B,17,32.000000
wet_rising__a_half__b_minimum,wet_rising,half,minimum,B,18,32.000000
wet_rising__a_half__b_minimum,wet_rising,half,minimum,B,19,32.000000
wet_rising__a_half__b_minimum,wet_rising,half,minimum,B,20,32.000000
wet_rising__a_half__b_minimum,wet_rising,half,minimum,B,21,32.000000
wet_rising__a_half__b_minimum,wet_rising,half,minimum,B,22,32.000000
wet_rising__a_half__b_minimum,wet_rising,half,minimum,B,23,32.000000
wet_rising__a_half__b_quarter,wet_rising,half,quarter,A,0,86.500000
wet_rising__a_half__b_quarter,wet_rising,half,quarter,A,1,86.500000
wet_rising__a_half__b_quarter,wet_rising,half,quarter,A,2,86.500000
wet_rising__a_half__b_quarter,wet_rising,half,quarter,A,3,86.500000
wet_rising__a_half__b_quarter,wet_rising,half,quarter,A,4,86.500000
wet_rising__a_half__b_quarter,wet_rising,half,quarter,A,5,86.500000
wet_rising__a_half__b_quarter,wet_rising,half,quarter,A,6,86.500000
wet_rising__a_half__b_quarter,wet_rising,half,quarter,A,7,86.500000
wet_rising__a_half__b_quarter,wet_rising,half,quarter,A,8,86.500000
wet_rising__a_half__b_quarter,wet_rising,half,quarter,A,9,86.500000
wet_rising__a_half__b_quarter,wet_rising,half,quarter,A,10,86.500000
wet_rising__a_half__b_quarter,wet_rising,half,quarter,A,11,86.500000
wet_rising__a_half__b_quarter,wet_rising,half,quarter,A,12,86.500000
wet_rising__a_half__b_quarter,wet_rising,half,quarter,A,13,86.500000
wet_rising__a_half__b_quarter,wet_rising,half,quarter,A,14,86.500000
wet_rising__a_half__b_quarter,wet_rising,half,quarter,A,15,86.500000
wet_rising__a_half__b_quarter,wet_rising,half,quarter,A,16,86.500000
wet_rising__a_half__b_quarter,wet_rising,half,quarter,A,17,86.500000
wet_rising__a_half__b_quarter,wet_rising,half,quarter,A,18,86.500000
wet_rising__a_half__b_quarter,wet_rising,half,quarter,A,19,86.500000
wet_rising__a_half__b_quarter,wet_rising,half,quarter,A,20,86.500000
wet_rising__a_half__b_quarter,wet_rising,half,quarter,A,21,86.500000
wet_rising__a_half__b_quarter,wet_rising,half,quarter,A,22,86.500000
wet_rising__a_half__b_quarter,wet_rising,half,quarter,A,23,86.500000
wet_rising__a_half__b_quarter,wet_rising,half,quarter,B,0,48.500000
wet_rising__a_half__b_quarter,wet_rising,half,quarter,B,1,48.500000
wet_rising__a_half__b_quarter,wet_rising,half,quarter,B,2,48.500000
wet_rising__a_half__b_quarter,wet_rising,half,quarter,B,3,48.500000
wet_rising__a_half__b_quarter,wet_rising,half,quarter,B,4,48.500000
wet_rising__a_half__b_quarter,wet_rising,half,quarter,B,5,48.500000
wet_rising__a_half__b_quarter,wet_rising,half,quarter,B,6,48.500000
wet_rising__a_half__b_quarter,wet_rising,half,quarter,B,7,48.500000
wet_rising__a_half__b_quarter,wet_rising,half,quarter,B,8,48.500000
wet_rising__a_half__b_quarter,wet_rising,half,quarter,B,9,48.500000
wet_rising__a_half__b_quarter,wet_rising,half,quarter,B,10,48.500000
wet_rising__a_half__b_quarter,wet_rising,half,quarter,B,11,48.500000
wet_rising__a_half__b_quarter,wet_rising,half,quarter,B,12,48.500000
wet_rising__a_half__b_quarter,wet_rising,half,quarter,B,13,48.500000
wet_rising__a_half__b_quarter,wet_rising,half,quarter,B,14,48.500000
wet_rising__a_half__b_quarter,wet_rising,half,quarter,B,15,48.500000
wet_rising__a_half__b_quarter,wet_rising,half,quarter,B,16,48.500000
wet_rising__a_half__b_quarter,wet_rising,half,quarter,B,17,48.500000
wet_rising__a_half__b_quarter,wet_rising,half,quarter,B,18,48.500000
wet_rising__a_half__b_quarter,wet_rising,half,quarter,B,19,48.500000
wet_rising__a_half__b_quarter,wet_rising,half,quarter,B,20,48.500000
wet_rising__a_half__b_quarter,wet_rising,half,quarter,B,21,48.500000
wet_rising__a_half__b_quarter,wet_rising,half,quarter,B,22,48.500000
wet_rising__a_half__b_quarter,wet_rising,half,quarter,B,23,48.500000
wet_rising__a_half__b_half,wet_rising,half,half,A,0,86.500000
wet_rising__a_half__b_half,wet_rising,half,half,A,1,86.500000
wet_rising__a_half__b_half,wet_rising,half,half,A,2,86.500000
wet_rising__a_half__b_half,wet_rising,half,half,A,3,86.500000
wet_rising__a_half__b_half,wet_rising,half,half,A,4,86.500000
wet_rising__a_half__b_half,wet_rising,half,half,A,5,86.500000
wet_rising__a_half__b_half,wet_rising,half,half,A,6,86.500000
wet_rising__a_half__b_half,wet_rising,half,half,A,7,86.500000
wet_rising__a_half__b_half,wet_rising,half,half,A,8,86.500000
wet_rising__a_half__b_half,wet_rising,half,half,A,9,86.500000
wet_rising__a_half__b_half,wet_rising,half,half,A,10,86.500000
wet_rising__a_half__b_half,wet_rising,half,half,A,11,86.500000
wet_rising__a_half__b_half,wet_rising,half,half,A,12,86.500000
wet_rising__a_half__b_half,wet_rising,half,half,A,13,86.500000
wet_rising__a_half__b_half,wet_rising,half,half,A,14,86.500000
wet_rising__a_half__b_half,wet_rising,half,half,A,15,86.500000
wet_rising__a_half__b_half,wet_rising,half,half,A,16,86.500000
wet_rising__a_half__b_half,wet_rising,half,half,A,17,86.500000
wet_rising__a_half__b_half,wet_rising,half,half,A,18,86.500000
wet_rising__a_half__b_half,wet_rising,half,half,A,19,86.500000
wet_rising__a_half__b_half,wet_rising,half,half,A,20,86.500000
wet_rising__a_half__b_half,wet_rising,half,half,A,21,86.500000
wet_rising__a_half__b_half,wet_rising,half,half,A,22,86.500000
wet_rising__a_half__b_half,wet_rising,half,half,A,23,86.500000
wet_rising__a_half__b_half,wet_rising,half,half,B,0,65.000000
wet_rising__a_half__b_half,wet_rising,half,half,B,1,65.000000
wet_rising__a_half__b_half,wet_rising,half,half,B,2,65.000000
wet_rising__a_half__b_half,wet_rising,half,half,B,3,65.000000
wet_rising__a_half__b_half,wet_rising,half,half,B,4,65.000000
wet_rising__a_half__b_half,wet_rising,half,half,B,5,65.000000
wet_rising__a_half__b_half,wet_rising,half,half,B,6,65.000000
wet_rising__a_half__b_half,wet_rising,half,half,B,7,65.000000
wet_rising__a_half__b_half,wet_rising,half,half,B,8,65.000000
wet_rising__a_half__b_half,wet_rising,half,half,B,9,65.000000
wet_rising__a_half__b_half,wet_rising,half,half,B,10,65.000000
wet_rising__a_half__b_half,wet_rising,half,half,B,11,65.000000
wet_rising__a_half__b_half,wet_rising,half,half,B,12,65.000000
wet_rising__a_half__b_half,wet_rising,half,half,B,13,65.000000
wet_rising__a_half__b_half,wet_rising,half,half,B,14,65.000000
wet_rising__a_half__b_half,wet_rising,half,half,B,15,65.000000
wet_rising__a_half__b_half,wet_rising,half,half,B,16,65.000000
wet_rising__a_half__b_half,wet_rising,half,half,B,17,65.000000
wet_rising__a_half__b_half,wet_rising,half,half,B,18,65.000000
wet_rising__a_half__b_half,wet_rising,half,half,B,19,65.000000
wet_rising__a_half__b_half,wet_rising,half,half,B,20,65.000000
wet_rising__a_half__b_half,wet_rising,half,half,B,21,65.000000
wet_rising__a_half__b_half,wet_rising,half,half,B,22,65.000000
wet_rising__a_half__b_half,wet_rising,half,half,B,23,65.000000
wet_rising__a_half__b_three_quarters,wet_rising,half,three_quarters,A,0,86.500000
wet_rising__a_half__b_three_quarters,wet_rising,half,three_quarters,A,1,86.500000
wet_rising__a_half__b_three_quarters,wet_rising,half,three_quarters,A,2,86.500000
wet_rising__a_half__b_three_quarters,wet_rising,half,three_quarters,A,3,86.500000
wet_rising__a_half__b_three_quarters,wet_rising,half,three_quarters,A,4,86.500000
wet_rising__a_half__b_three_quarters,wet_rising,half,three_quarters,A,5,86.500000
wet_rising__a_half__b_three_quarters,wet_rising,half,three_quarters,A,6,86.500000
wet_rising__a_half__b_three_quarters,wet_rising,half,three_quarters,A,7,86.500000
wet_rising__a_half__b_three_quarters,wet_rising,half,three_quarters,A,8,86.500000
wet_rising__a_half__b_three_quarters,wet_rising,half,three_quarters,A,9,86.500000
wet_rising__a_half__b_three_quarters,wet_rising,half,three_quarters,A,10,86.500000
wet_rising__a_half__b_three_quarters,wet_rising,half,three_quarters,A,11,86.500000
wet_rising__a_half__b_three_quarters,wet_rising,half,three_quarters,A,12,86.500000
wet_rising__a_half__b_three_quarters,wet_rising,half,three_quarters,A,13,86.500000
wet_rising__a_half__b_three_quarters,wet_rising,half,three_quarters,A,14,86.500000
wet_rising__a_half__b_three_quarters,wet_rising,half,three_quarters,A,15,86.500000
wet_rising__a_half__b_three_quarters,wet_rising,half,three_quarters,A,16,86.500000
wet_rising__a_half__b_three_quarters,wet_rising,half,three_quarters,A,17,86.500000
wet_rising__a_half__b_three_quarters,wet_rising,half,three_quarters,A,18,86.500000
wet_rising__a_half__b_three_quarters,wet_rising,half,three_quarters,A,19,86.500000
wet_rising__a_half__b_three_quarters,wet_rising,half,three_quarters,A,20,86.500000
wet_rising__a_half__b_three_quarters,wet_rising,half,three_quarters,A,21,86.500000
wet_rising__a_half__b_three_quarters,wet_rising,half,three_quarters,A,22,86.500000
wet_rising__a_half__b_three_quarters,wet_rising,half,three_quarters,A,23,86.500000
wet_rising__a_half__b_three_quarters,wet_rising,half,three_quarters,B,0,81.500000
wet_rising__a_half__b_three_quarters,wet_rising,half,three_quarters,B,1,81.500000
wet_rising__a_half__b_three_quarters,wet_rising,half,three_quarters,B,2,81.500000
wet_rising__a_half__b_three_quarters,wet_rising,half,three_quarters,B,3,81.500000
wet_rising__a_half__b_three_quarters,wet_rising,half,three_quarters,B,4,81.500000
wet_rising__a_half__b_three_quarters,wet_rising,half,three_quarters,B,5,81.500000
wet_rising__a_half__b_three_quarters,wet_rising,half,three_quarters,B,6,81.500000
wet_rising__a_half__b_three_quarters,wet_rising,half,three_quarters,B,7,81.500000
wet_rising__a_half__b_three_quarters,wet_rising,half,three_quarters,B,8,81.500000
wet_rising__a_half__b_three_quarters,wet_rising,half,three_quarters,B,9,81.500000
wet_rising__a_half__b_three_quarters,wet_rising,half,three_quarters,B,10,81.500000
wet_rising__a_half__b_three_quarters,wet_rising,half,three_quarters,B,11,81.500000
wet_rising__a_half__b_three_quarters,wet_rising,half,three_quarters,B,12,81.500000
wet_rising__a_half__b_three_quarters,wet_rising,half,three_quarters,B,13,81.500000
wet_rising__a_half__b_three_quarters,wet_rising,half,three_quarters,B,14,81.500000
wet_rising__a_half__b_three_quarters,wet_rising,half,three_quarters,B,15,81.500000
wet_rising__a_half__b_three_quarters,wet_rising,half,three_quarters,B,16,81.500000
wet_rising__a_half__b_three_quarters,wet_rising,half,three_quarters,B,17,81.500000
wet_rising__a_half__b_three_quarters,wet_rising,half,three_quarters,B,18,81.500000
wet_rising__a_half__b_three_quarters,wet_rising,half,three_quarters,B,19,81.500000
wet_rising__a_half__b_three_quarters,wet_rising,half,three_quarters,B,20,81.500000
wet_rising__a_half__b_three_quarters,wet_rising,half,three_quarters,B,21,81.500000
wet_rising__a_half__b_three_quarters,wet_rising,half,three_quarters,B,22,81.500000
wet_rising__a_half__b_three_quarters,wet_rising,half,three_quarters,B,23,81.500000
wet_rising__a_half__b_maximum,wet_rising,half,maximum,A,0,86.500000
wet_rising__a_half__b_maximum,wet_rising,half,maximum,A,1,86.500000
wet_rising__a_half__b_maximum,wet_rising,half,maximum,A,2,86.500000
wet_rising__a_half__b_maximum,wet_rising,half,maximum,A,3,86.500000
wet_rising__a_half__b_maximum,wet_rising,half,maximum,A,4,86.500000
wet_rising__a_half__b_maximum,wet_rising,half,maximum,A,5,86.500000
wet_rising__a_half__b_maximum,wet_rising,half,maximum,A,6,86.500000
wet_rising__a_half__b_maximum,wet_rising,half,maximum,A,7,86.500000
wet_rising__a_half__b_maximum,wet_rising,half,maximum,A,8,86.500000
wet_rising__a_half__b_maximum,wet_rising,half,maximum,A,9,86.500000
wet_rising__a_half__b_maximum,wet_rising,half,maximum,A,10,86.500000
wet_rising__a_half__b_maximum,wet_rising,half,maximum,A,11,86.500000
wet_rising__a_half__b_maximum,wet_rising,half,maximum,A,12,86.500000
wet_rising__a_half__b_maximum,wet_rising,half,maximum,A,13,86.500000
wet_rising__a_half__b_maximum,wet_rising,half,maximum,A,14,86.500000
wet_rising__a_half__b_maximum,wet_rising,half,maximum,A,15,86.500000
wet_rising__a_half__b_maximum,wet_rising,half,maximum,A,16,86.500000
wet_rising__a_half__b_maximum,wet_rising,half,maximum,A,17,86.500000
wet_rising__a_half__b_maximum,wet_rising,half,maximum,A,18,86.500000
wet_rising__a_half__b_maximum,wet_rising,half,maximum,A,19,86.500000
wet_rising__a_half__b_maximum,wet_rising,half,maximum,A,20,86.500000
wet_rising__a_half__b_maximum,wet_rising,half,maximum,A,21,86.500000
wet_rising__a_half__b_maximum,wet_rising,half,maximum,A,22,86.500000
wet_rising__a_half__b_maximum,wet_rising,half,maximum,A,23,86.500000
wet_rising__a_half__b_maximum,wet_rising,half,maximum,B,0,98.000000
wet_rising__a_half__b_maximum,wet_rising,half,maximum,B,1,98.000000
wet_rising__a_half__b_maximum,wet_rising,half,maximum,B,2,98.000000
wet_rising__a_half__b_maximum,wet_rising,half,maximum,B,3,98.000000
wet_rising__a_half__b_maximum,wet_rising,half,maximum,B,4,98.000000
wet_rising__a_half__b_maximum,wet_rising,half,maximum,B,5,98.000000
wet_rising__a_half__b_maximum,wet_rising,half,maximum,B,6,98.000000
wet_rising__a_half__b_maximum,wet_rising,half,maximum,B,7,98.000000
wet_rising__a_half__b_maximum,wet_rising,half,maximum,B,8,98.000000
wet_rising__a_half__b_maximum,wet_rising,half,maximum,B,9,98.000000
wet_rising__a_half__b_maximum,wet_rising,half,maximum,B,10,98.000000
wet_rising__a_half__b_maximum,wet_rising,half,maximum,B,11,98.000000
wet_rising__a_half__b_maximum,wet_rising,half,maximum,B,12,98.000000
wet_rising__a_half__b_maximum,wet_rising,half,maximum,B,13,98.000000
wet_rising__a_half__b_maximum,wet_rising,half,maximum,B,14,98.000000
wet_rising__a_half__b_maximum,wet_rising,half,maximum,B,15,98.000000
wet_rising__a_half__b_maximum,wet_rising,half,maximum,B,16,98.000000
wet_rising__a_half__b_maximum,wet_rising,half,maximum,B,17,98.000000
wet_rising__a_half__b_maximum,wet_rising,half,maximum,B,18,98.000000
wet_rising__a_half__b_maximum,wet_rising,half,maximum,B,19,98.000000
wet_rising__a_half__b_maximum,wet_rising,half,maximum,B,20,98.000000
wet_rising__a_half__b_maximum,wet_rising,half,maximum,B,21,98.000000
wet_rising__a_half__b_maximum,wet_rising,half,maximum,B,22,98.000000
wet_rising__a_half__b_maximum,wet_rising,half,maximum,B,23,98.000000
wet_rising__a_three_quarters__b_off,wet_rising,three_quarters,off,A,0,107.250000
wet_rising__a_three_quarters__b_off,wet_rising,three_quarters,off,A,1,107.250000
wet_rising__a_three_quarters__b_off,wet_rising,three_quarters,off,A,2,107.250000
wet_rising__a_three_quarters__b_off,wet_rising,three_quarters,off,A,3,107.250000
wet_rising__a_three_quarters__b_off,wet_rising,three_quarters,off,A,4,107.250000
wet_rising__a_three_quarters__b_off,wet_rising,three_quarters,off,A,5,107.250000
wet_rising__a_three_quarters__b_off,wet_rising,three_quarters,off,A,6,107.250000
wet_rising__a_three_quarters__b_off,wet_rising,three_quarters,off,A,7,107.250000
wet_rising__a_three_quarters__b_off,wet_rising,three_quarters,off,A,8,107.250000
wet_rising__a_three_quarters__b_off,wet_rising,three_quarters,off,A,9,107.250000
wet_rising__a_three_quarters__b_off,wet_rising,three_quarters,off,A,10,107.250000
wet_rising__a_three_quarters__b_off,wet_rising,three_quarters,off,A,11,107.250000
wet_rising__a_three_quarters__b_off,wet_rising,three_quarters,off,A,12,107.250000
wet_rising__a_three_quarters__b_off,wet_rising,three_quarters,off,A,13,107.250000
wet_rising__a_three_quarters__b_off,wet_rising,three_quarters,off,A,14,107.250000
wet_rising__a_three_quarters__b_off,wet_rising,three_quarters,off,A,15,107.250000
wet_rising__a_three_quarters__b_off,wet_rising,three_quarters,off,A,16,107.250000
wet_rising__a_three_quarters__b_off,wet_rising,three_quarters,off,A,17,107.250000
wet_rising__a_three_quarters__b_off,wet_rising,three_quarters,off,A,18,107.250000
wet_rising__a_three_quarters__b_off,wet_rising,three_quarters,off,A,19,107.250000
wet_rising__a_three_quarters__b_off,wet_rising,three_quarters,off,A,20,107.250000
wet_rising__a_three_quarters__b_off,wet_rising,three_quarters,off,A,21,107.250000
wet_rising__a_three_quarters__b_off,wet_rising,three_quarters,off,A,22,107.250000
wet_rising__a_three_quarters__b_off,wet_rising,three_quarters,off,A,23,107.250000
wet_rising__a_three_quarters__b_off,wet_rising,three_quarters,off,B,0,0.000000
wet_rising__a_three_quarters__b_off,wet_rising,three_quarters,off,B,1,0.000000
wet_rising__a_three_quarters__b_off,wet_rising,three_quarters,off,B,2,0.000000
wet_rising__a_three_quarters__b_off,wet_rising,three_quarters,off,B,3,0.000000
wet_rising__a_three_quarters__b_off,wet_rising,three_quarters,off,B,4,0.000000
wet_rising__a_three_quarters__b_off,wet_rising,three_quarters,off,B,5,0.000000
wet_rising__a_three_quarters__b_off,wet_rising,three_quarters,off,B,6,0.000000
wet_rising__a_three_quarters__b_off,wet_rising,three_quarters,off,B,7,0.000000
wet_rising__a_three_quarters__b_off,wet_rising,three_quarters,off,B,8,0.000000
wet_rising__a_three_quarters__b_off,wet_rising,three_quarters,off,B,9,0.000000
wet_rising__a_three_quarters__b_off,wet_rising,three_quarters,off,B,10,0.000000
wet_rising__a_three_quarters__b_off,wet_rising,three_quarters,off,B,11,0.000000
wet_rising__a_three_quarters__b_off,wet_rising,three_quarters,off,B,12,0.000000
wet_rising__a_three_quarters__b_off,wet_rising,three_quarters,off,B,13,0.000000
wet_rising__a_three_quarters__b_off,wet_rising,three_quarters,off,B,14,0.000000
wet_rising__a_three_quarters__b_off,wet_rising,three_quarters,off,B,15,0.000000
wet_rising__a_three_quarters__b_off,wet_rising,three_quarters,off,B,16,0.000000
wet_rising__a_three_quarters__b_off,wet_rising,three_quarters,off,B,17,0.000000
wet_rising__a_three_quarters__b_off,wet_rising,three_quarters,off,B,18,0.000000
wet_rising__a_three_quarters__b_off,wet_rising,three_quarters,off,B,19,0.000000
wet_rising__a_three_quarters__b_off,wet_rising,three_quarters,off,B,20,0.000000
wet_rising__a_three_quarters__b_off,wet_rising,three_quarters,off,B,21,0.000000
wet_rising__a_three_quarters__b_off,wet_rising,three_quarters,off,B,22,0.000000
wet_rising__a_three_quarters__b_off,wet_rising,three_quarters,off,B,23,0.000000
wet_rising__a_three_quarters__b_minimum,wet_rising,three_quarters,minimum,A,0,107.250000
wet_rising__a_three_quarters__b_minimum,wet_rising,three_quarters,minimum,A,1,107.250000
wet_rising__a_three_quarters__b_minimum,wet_rising,three_quarters,minimum,A,2,107.250000
wet_rising__a_three_quarters__b_minimum,wet_rising,three_quarters,minimum,A,3,107.250000
wet_rising__a_three_quarters__b_minimum,wet_rising,three_quarters,minimum,A,4,107.250000
wet_rising__a_three_quarters__b_minimum,wet_rising,three_quarters,minimum,A,5,107.250000
wet_rising__a_three_quarters__b_minimum,wet_rising,three_quarters,minimum,A,6,107.250000
wet_rising__a_three_quarters__b_minimum,wet_rising,three_quarters,minimum,A,7,107.250000
wet_rising__a_three_quarters__b_minimum,wet_rising,three_quarters,minimum,A,8,107.250000
wet_rising__a_three_quarters__b_minimum,wet_rising,three_quarters,minimum,A,9,107.250000
wet_rising__a_three_quarters__b_minimum,wet_rising,three_quarters,minimum,A,10,107.250000
wet_rising__a_three_quarters__b_minimum,wet_rising,three_quarters,minimum,A,11,107.250000
wet_rising__a_three_quarters__b_minimum,wet_rising,three_quarters,minimum,A,12,107.250000
wet_rising__a_three_quarters__b_minimum,wet_rising,three_quarters,minimum,A,13,107.250000
wet_rising__a_three_quarters__b_minimum,wet_rising,three_quarters,minimum,A,14,107.250000
wet_rising__a_three_quarters__b_minimum,wet_rising,three_quarters,minimum,A,15,107.250000
wet_rising__a_three_quarters__b_minimum,wet_rising,three_quarters,minimum,A,16,107.250000
wet_rising__a_three_quarters__b_minimum,wet_rising,three_quarters,minimum,A,17,107.250000
wet_rising__a_three_quarters__b_minimum,wet_rising,three_quarters,minimum,A,18,107.250000
wet_rising__a_three_quarters__b_minimum,wet_rising,three_quarters,minimum,A,19,107.250000
wet_rising__a_three_quarters__b_minimum,wet_rising,three_quarters,minimum,A,20,107.250000
wet_rising__a_three_quarters__b_minimum,wet_rising,three_quarters,minimum,A,21,107.250000
wet_rising__a_three_quarters__b_minimum,wet_rising,three_quarters,minimum,A,22,107.250000
wet_rising__a_three_quarters__b_minimum,wet_rising,three_quarters,minimum,A,23,107.250000
wet_rising__a_three_quarters__b_minimum,wet_rising,three_quarters,minimum,B,0,32.000000
wet_rising__a_three_quarters__b_minimum,wet_rising,three_quarters,minimum,B,1,32.000000
wet_rising__a_three_quarters__b_minimum,wet_rising,three_quarters,minimum,B,2,32.000000
wet_rising__a_three_quarters__b_minimum,wet_rising,three_quarters,minimum,B,3,32.000000
wet_rising__a_three_quarters__b_minimum,wet_rising,three_quarters,minimum,B,4,32.000000
wet_rising__a_three_quarters__b_minimum,wet_rising,three_quarters,minimum,B,5,32.000000
wet_rising__a_three_quarters__b_minimum,wet_rising,three_quarters,minimum,B,6,32.000000
wet_rising__a_three_quarters__b_minimum,wet_rising,three_quarters,minimum,B,7,32.000000
wet_rising__a_three_quarters__b_minimum,wet_rising,three_quarters,minimum,B,8,32.000000
wet_rising__a_three_quarters__b_minimum,wet_rising,three_quarters,minimum,B,9,32.000000
wet_rising__a_three_quarters__b_minimum,wet_rising,three_quarters,minimum,B,10,32.000000
wet_rising__a_three_quarters__b_minimum,wet_rising,three_quarters,minimum,B,11,32.000000
wet_rising__a_three_quarters__b_minimum,wet_rising,three_quarters,minimum,B,12,32.000000
wet_rising__a_three_quarters__b_minimum,wet_rising,three_quarters,minimum,B,13,32.000000
wet_rising__a_three_quarters__b_minimum,wet_rising,three_quarters,minimum,B,14,32.000000
wet_rising__a_three_quarters__b_minimum,wet_rising,three_quarters,minimum,B,15,32.000000
wet_rising__a_three_quarters__b_minimum,wet_rising,three_quarters,minimum,B,16,32.000000
wet_rising__a_three_quarters__b_minimum,wet_rising,three_quarters,minimum,B,17,32.000000
wet_rising__a_three_quarters__b_minimum,wet_rising,three_quarters,minimum,B,18,32.000000
wet_rising__a_three_quarters__b_minimum,wet_rising,three_quarters,minimum,B,19,32.000000
wet_rising__a_three_quarters__b_minimum,wet_rising,three_quarters,minimum,B,20,32.000000
wet_rising__a_three_quarters__b_minimum,wet_rising,three_quarters,minimum,B,21,32.000000
wet_rising__a_three_quarters__b_minimum,wet_rising,three_quarters,minimum,B,22,32.000000
wet_rising__a_three_quarters__b_minimum,wet_rising,three_quarters,minimum,B,23,32.000000
wet_rising__a_three_quarters__b_quarter,wet_rising,three_quarters,quarter,A,0,107.250000
wet_rising__a_three_quarters__b_quarter,wet_rising,three_quarters,quarter,A,1,107.250000
wet_rising__a_three_quarters__b_quarter,wet_rising,three_quarters,quarter,A,2,107.250000
wet_rising__a_three_quarters__b_quarter,wet_rising,three_quarters,quarter,A,3,107.250000
wet_rising__a_three_quarters__b_quarter,wet_rising,three_quarters,quarter,A,4,107.250000
wet_rising__a_three_quarters__b_quarter,wet_rising,three_quarters,quarter,A,5,107.250000
wet_rising__a_three_quarters__b_quarter,wet_rising,three_quarters,quarter,A,6,107.250000
wet_rising__a_three_quarters__b_quarter,wet_rising,three_quarters,quarter,A,7,107.250000
wet_rising__a_three_quarters__b_quarter,wet_rising,three_quarters,quarter,A,8,107.250000
wet_rising__a_three_quarters__b_quarter,wet_rising,three_quarters,quarter,A,9,107.250000
wet_rising__a_three_quarters__b_quarter,wet_rising,three_quarters,quarter,A,10,107.250000
wet_rising__a_three_quarters__b_quarter,wet_rising,three_quarters,quarter,A,11,107.250000
wet_rising__a_three_quarters__b_quarter,wet_rising,three_quarters,quarter,A,12,107.250000
wet_rising__a_three_quarters__b_quarter,wet_rising,three_quarters,quarter,A,13,107.250000
wet_rising__a_three_quarters__b_quarter,wet_rising,three_quarters,quarter,A,14,107.250000
wet_rising__a_three_quarters__b_quarter,wet_rising,three_quarters,quarter,A,15,107.250000
wet_rising__a_three_quarters__b_quarter,wet_rising,three_quarters,quarter,A,16,107.250000
wet_rising__a_three_quarters__b_quarter,wet_rising,three_quarters,quarter,A,17,107.250000
wet_rising__a_three_quarters__b_quarter,wet_rising,three_quarters,quarter,A,18,107.250000
wet_rising__a_three_quarters__b_quarter,wet_rising,three_quarters,quarter,A,19,107.250000
wet_rising__a_three_quarters__b_quarter,wet_rising,three_quarters,quarter,A,20,107.250000
wet_rising__a_three_quarters__b_quarter,wet_rising,three_quarters,quarter,A,21,107.250000
wet_rising__a_three_quarters__b_quarter,wet_rising,three_quarters,quarter,A,22,107.250000
wet_rising__a_three_quarters__b_quarter,wet_rising,three_quarters,quarter,A,23,107.250000
wet_rising__a_three_quarters__b_quarter,wet_rising,three_quarters,quarter,B,0,48.500000
wet_rising__a_three_quarters__b_quarter,wet_rising,three_quarters,quarter,B,1,48.500000
wet_rising__a_three_quarters__b_quarter,wet_rising,three_quarters,quarter,B,2,48.500000
wet_rising__a_three_quarters__b_quarter,wet_rising,three_quarters,quarter,B,3,48.500000
wet_rising__a_three_quarters__b_quarter,wet_rising,three_quarters,quarter,B,4,48.500000
wet_rising__a_three_quarters__b_quarter,wet_rising,three_quarters,quarter,B,5,48.500000
wet_rising__a_three_quarters__b_quarter,wet_rising,three_quarters,quarter,B,6,48.500000
wet_rising__a_three_quarters__b_quarter,wet_rising,three_quarters,quarter,B,7,48.500000
wet_rising__a_three_quarters__b_quarter,wet_rising,three_quarters,quarter,B,8,48.500000
wet_rising__a_three_quarters__b_quarter,wet_rising,three_quarters,quarter,B,9,48.500000
wet_rising__a_three_quarters__b_quarter,wet_rising,three_quarters,quarter,B,10,48.500000
wet_rising__a_three_quarters__b_quarter,wet_rising,three_quarters,quarter,B,11,48.500000
wet_rising__a_three_quarters__b_quarter,wet_rising,three_quarters,quarter,B,12,48.500000
wet_rising__a_three_quarters__b_quarter,wet_rising,three_quarters,quarter,B,13,48.500000
wet_rising__a_three_quarters__b_quarter,wet_rising,three_quarters,quarter,B,14,48.500000
wet_rising__a_three_quarters__b_quarter,wet_rising,three_quarters,quarter,B,15,48.500000
wet_rising__a_three_quarters__b_quarter,wet_rising,three_quarters,quarter,B,16,48.500000
wet_rising__a_three_quarters__b_quarter,wet_rising,three_quarters,quarter,B,17,48.500000
wet_rising__a_three_quarters__b_quarter,wet_rising,three_quarters,quarter,B,18,48.500000
wet_rising__a_three_quarters__b_quarter,wet_rising,three_quarters,quarter,B,19,48.500000
wet_rising__a_three_quarters__b_quarter,wet_rising,three_quarters,quarter,B,20,48.500000
wet_rising__a_three_quarters__b_quarter,wet_rising,three_quarters,quarter,B,21,48.500000
wet_rising__a_three_quarters__b_quarter,wet_rising,three_quarters,quarter,B,22,48.500000
wet_rising__a_three_quarters__b_quarter,wet_rising,three_quarters,quarter,B,23,48.500000
wet_rising__a_three_quarters__b_half,wet_rising,three_quarters,half,A,0,107.250000
wet_rising__a_three_quarters__b_half,wet_rising,three_quarters,half,A,1,107.250000
wet_rising__a_three_quarters__b_half,wet_rising,three_quarters,half,A,2,107.250000
wet_rising__a_three_quarters__b_half,wet_rising,three_quarters,half,A,3,107.250000
wet_rising__a_three_quarters__b_half,wet_rising,three_quarters,half,A,4,107.250000
wet_rising__a_three_quarters__b_half,wet_rising,three_quarters,half,A,5,107.250000
wet_rising__a_three_quarters__b_half,wet_rising,three_quarters,half,A,6,107.250000
wet_rising__a_three_quarters__b_half,wet_rising,three_quarters,half,A,7,107.250000
wet_rising__a_three_quarters__b_half,wet_rising,three_quarters,half,A,8,107.250000
wet_rising__a_three_quarters__b_half,wet_rising,three_quarters,half,A,9,107.250000
wet_rising__a_three_quarters__b_half,wet_rising,three_quarters,half,A,10,107.250000
wet_rising__a_three_quarters__b_half,wet_rising,three_quarters,half,A,11,107.250000
wet_rising__a_three_quarters__b_half,wet_rising,three_quarters,half,A,12,107.250000
wet_rising__a_three_quarters__b_half,wet_rising,three_quarters,half,A,13,107.250000
wet_rising__a_three_quarters__b_half,wet_rising,three_quarters,half,A,14,107.250000
wet_rising__a_three_quarters__b_half,wet_rising,three_quarters,half,A,15,107.250000
wet_rising__a_three_quarters__b_half,wet_rising,three_quarters,half,A,16,107.250000
wet_rising__a_three_quarters__b_half,wet_rising,three_quarters,half,A,17,107.250000
wet_rising__a_three_quarters__b_half,wet_rising,three_quarters,half,A,18,107.250000
wet_rising__a_three_quarters__b_half,wet_rising,three_quarters,half,A,19,107.250000
wet_rising__a_three_quarters__b_half,wet_rising,three_quarters,half,A,20,107.250000
wet_rising__a_three_quarters__b_half,wet_rising,three_quarters,half,A,21,107.250000
wet_rising__a_three_quarters__b_half,wet_rising,three_quarters,half,A,22,107.250000
wet_rising__a_three_quarters__b_half,wet_rising,three_quarters,half,A,23,107.250000
wet_rising__a_three_quarters__b_half,wet_rising,three_quarters,half,B,0,65.000000
wet_rising__a_three_quarters__b_half,wet_rising,three_quarters,half,B,1,65.000000
wet_rising__a_three_quarters__b_half,wet_rising,three_quarters,half,B,2,65.000000
wet_rising__a_three_quarters__b_half,wet_rising,three_quarters,half,B,3,65.000000
wet_rising__a_three_quarters__b_half,wet_rising,three_quarters,half,B,4,65.000000
wet_rising__a_three_quarters__b_half,wet_rising,three_quarters,half,B,5,65.000000
wet_rising__a_three_quarters__b_half,wet_rising,three_quarters,half,B,6,65.000000
wet_rising__a_three_quarters__b_half,wet_rising,three_quarters,half,B,7,65.000000
wet_rising__a_three_quarters__b_half,wet_rising,three_quarters,half,B,8,65.000000
wet_rising__a_three_quarters__b_half,wet_rising,three_quarters,half,B,9,65.000000
wet_rising__a_three_quarters__b_half,wet_rising,three_quarters,half,B,10,65.000000
wet_rising__a_three_quarters__b_half,wet_rising,three_quarters,half,B,11,65.000000
wet_rising__a_three_quarters__b_half,wet_rising,three_quarters,half,B,12,65.000000
wet_rising__a_three_quarters__b_half,wet_rising,three_quarters,half,B,13,65.000000
wet_rising__a_three_quarters__b_half,wet_rising,three_quarters,half,B,14,65.000000
wet_rising__a_three_quarters__b_half,wet_rising,three_quarters,half,B,15,65.000000
wet_rising__a_three_quarters__b_half,wet_rising,three_quarters,half,B,16,65.000000
wet_rising__a_three_quarters__b_half,wet_rising,three_quarters,half,B,17,65.000000
wet_rising__a_three_quarters__b_half,wet_rising,three_quarters,half,B,18,65.000000
wet_rising__a_three_quarters__b_half,wet_rising,three_quarters,half,B,19,65.000000
wet_rising__a_three_quarters__b_half,wet_rising,three_quarters,half,B,20,65.000000
wet_rising__a_three_quarters__b_half,wet_rising,three_quarters,half,B,21,65.000000
wet_rising__a_three_quarters__b_half,wet_rising,three_quarters,half,B,22,65.000000
wet_rising__a_three_quarters__b_half,wet_rising,three_quarters,half,B,23,65.000000
wet_rising__a_three_quarters__b_three_quarters,wet_rising,three_quarters,three_quarters,A,0,107.250000
wet_rising__a_three_quarters__b_three_quarters,wet_rising,three_quarters,three_quarters,A,1,107.250000
wet_rising__a_three_quarters__b_three_quarters,wet_rising,three_quarters,three_quarters,A,2,107.250000
wet_rising__a_three_quarters__b_three_quarters,wet_rising,three_quarters,three_quarters,A,3,107.250000
wet_rising__a_three_quarters__b_three_quarters,wet_rising,three_quarters,three_quarters,A,4,107.250000
wet_rising__a_three_quarters__b_three_quarters,wet_rising,three_quarters,three_quarters,A,5,107.250000
wet_rising__a_three_quarters__b_three_quarters,wet_rising,three_quarters,three_quarters,A,6,107.250000
wet_rising__a_three_quarters__b_three_quarters,wet_rising,three_quarters,three_quarters,A,7,107.250000
wet_rising__a_three_quarters__b_three_quarters,wet_rising,three_quarters,three_quarters,A,8,107.250000
wet_rising__a_three_quarters__b_three_quarters,wet_rising,three_quarters,three_quarters,A,9,107.250000
wet_rising__a_three_quarters__b_three_quarters,wet_rising,three_quarters,three_quarters,A,10,107.250000
wet_rising__a_three_quarters__b_three_quarters,wet_rising,three_quarters,three_quarters,A,11,107.250000
wet_rising__a_three_quarters__b_three_quarters,wet_rising,three_quarters,three_quarters,A,12,107.250000
wet_rising__a_three_quarters__b_three_quarters,wet_rising,three_quarters,three_quarters,A,13,107.250000
wet_rising__a_three_quarters__b_three_quarters,wet_rising,three_quarters,three_quarters,A,14,107.250000
wet_rising__a_three_quarters__b_three_quarters,wet_rising,three_quarters,three_quarters,A,15,107.250000
wet_rising__a_three_quarters__b_three_quarters,wet_rising,three_quarters,three_quarters,A,16,107.250000
wet_rising__a_three_quarters__b_three_quarters,wet_rising,three_quarters,three_quarters,A,17,107.250000
wet_rising__a_three_quarters__b_three_quarters,wet_rising,three_quarters,three_quarters,A,18,107.250000
wet_rising__a_three_quarters__b_three_quarters,wet_rising,three_quarters,three_quarters,A,19,107.250000
wet_rising__a_three_quarters__b_three_quarters,wet_rising,three_quarters,three_quarters,A,20,107.250000
wet_rising__a_three_quarters__b_three_quarters,wet_rising,three_quarters,three_quarters,A,21,107.250000
wet_rising__a_three_quarters__b_three_quarters,wet_rising,three_quarters,three_quarters,A,22,107.250000
wet_rising__a_three_quarters__b_three_quarters,wet_rising,three_quarters,three_quarters,A,23,107.250000
wet_rising__a_three_quarters__b_three_quarters,wet_rising,three_quarters,three_quarters,B,0,81.500000
wet_rising__a_three_quarters__b_three_quarters,wet_rising,three_quarters,three_quarters,B,1,81.500000
wet_rising__a_three_quarters__b_three_quarters,wet_rising,three_quarters,three_quarters,B,2,81.500000
wet_rising__a_three_quarters__b_three_quarters,wet_rising,three_quarters,three_quarters,B,3,81.500000
wet_rising__a_three_quarters__b_three_quarters,wet_rising,three_quarters,three_quarters,B,4,81.500000
wet_rising__a_three_quarters__b_three_quarters,wet_rising,three_quarters,three_quarters,B,5,81.500000
wet_rising__a_three_quarters__b_three_quarters,wet_rising,three_quarters,three_quarters,B,6,81.500000
wet_rising__a_three_quarters__b_three_quarters,wet_rising,three_quarters,three_quarters,B,7,81.500000
wet_rising__a_three_quarters__b_three_quarters,wet_rising,three_quarters,three_quarters,B,8,81.500000
wet_rising__a_three_quarters__b_three_quarters,wet_rising,three_quarters,three_quarters,B,9,81.500000
wet_rising__a_three_quarters__b_three_quarters,wet_rising,three_quarters,three_quarters,B,10,81.500000
wet_rising__a_three_quarters__b_three_quarters,wet_rising,three_quarters,three_quarters,B,11,81.500000
wet_rising__a_three_quarters__b_three_quarters,wet_rising,three_quarters,three_quarters,B,12,81.500000
wet_rising__a_three_quarters__b_three_quarters,wet_rising,three_quarters,three_quarters,B,13,81.500000
wet_rising__a_three_quarters__b_three_quarters,wet_rising,three_quarters,three_quarters,B,14,81.500000
wet_rising__a_three_quarters__b_three_quarters,wet_rising,three_quarters,three_quarters,B,15,81.500000
wet_rising__a_three_quarters__b_three_quarters,wet_rising,three_quarters,three_quarters,B,16,81.500000
wet_rising__a_three_quarters__b_three_quarters,wet_rising,three_quarters,three_quarters,B,17,81.500000
wet_rising__a_three_quarters__b_three_quarters,wet_rising,three_quarters,three_quarters,B,18,81.500000
wet_rising__a_three_quarters__b_three_quarters,wet_rising,three_quarters,three_quarters,B,19,81.500000
wet_rising__a_three_quarters__b_three_quarters,wet_rising,three_quarters,three_quarters,B,20,81.500000
wet_rising__a_three_quarters__b_three_quarters,wet_rising,three_quarters,three_quarters,B,21,81.500000
wet_rising__a_three_quarters__b_three_quarters,wet_rising,three_quarters,three_quarters,B,22,81.500000
wet_rising__a_three_quarters__b_three_quarters,wet_rising,three_quarters,three_quarters,B,23,81.500000
wet_rising__a_three_quarters__b_maximum,wet_rising,three_quarters,maximum,A,0,107.250000
wet_rising__a_three_quarters__b_maximum,wet_rising,three_quarters,maximum,A,1,107.250000
wet_rising__a_three_quarters__b_maximum,wet_rising,three_quarters,maximum,A,2,107.250000
wet_rising__a_three_quarters__b_maximum,wet_rising,three_quarters,maximum,A,3,107.250000
wet_rising__a_three_quarters__b_maximum,wet_rising,three_quarters,maximum,A,4,107.250000
wet_rising__a_three_quarters__b_maximum,wet_rising,three_quarters,maximum,A,5,107.250000
wet_rising__a_three_quarters__b_maximum,wet_rising,three_quarters,maximum,A,6,107.250000
wet_rising__a_three_quarters__b_maximum,wet_rising,three_quarters,maximum,A,7,107.250000
wet_rising__a_three_quarters__b_maximum,wet_rising,three_quarters,maximum,A,8,107.250000
wet_rising__a_three_quarters__b_maximum,wet_rising,three_quarters,maximum,A,9,107.250000
wet_rising__a_three_quarters__b_maximum,wet_rising,three_quarters,maximum,A,10,107.250000
wet_rising__a_three_quarters__b_maximum,wet_rising,three_quarters,maximum,A,11,107.250000
wet_rising__a_three_quarters__b_maximum,wet_rising,three_quarters,maximum,A,12,107.250000
wet_rising__a_three_quarters__b_maximum,wet_rising,three_quarters,maximum,A,13,107.250000
wet_rising__a_three_quarters__b_maximum,wet_rising,three_quarters,maximum,A,14,107.250000
wet_rising__a_three_quarters__b_maximum,wet_rising,three_quarters,maximum,A,15,107.250000
wet_rising__a_three_quarters__b_maximum,wet_rising,three_quarters,maximum,A,16,107.250000
wet_rising__a_three_quarters__b_maximum,wet_rising,three_quarters,maximum,A,17,107.250000
wet_rising__a_three_quarters__b_maximum,wet_rising,three_quarters,maximum,A,18,107.250000
wet_rising__a_three_quarters__b_maximum,wet_rising,three_quarters,maximum,A,19,107.250000
wet_rising__a_three_quarters__b_maximum,wet_rising,three_quarters,maximum,A,20,107.250000
wet_rising__a_three_quarters__b_maximum,wet_rising,three_quarters,maximum,A,21,107.250000
wet_rising__a_three_quarters__b_maximum,wet_rising,three_quarters,maximum,A,22,107.250000
wet_rising__a_three_quarters__b_maximum,wet_rising,three_quarters,maximum,A,23,107.250000
wet_rising__a_three_quarters__b_maximum,wet_rising,three_quarters,maximum,B,0,98.000000
wet_rising__a_three_quarters__b_maximum,wet_rising,three_quarters,maximum,B,1,98.000000
wet_rising__a_three_quarters__b_maximum,wet_rising,three_quarters,maximum,B,2,98.000000
wet_rising__a_three_quarters__b_maximum,wet_rising,three_quarters,maximum,B,3,98.000000
wet_rising__a_three_quarters__b_maximum,wet_rising,three_quarters,maximum,B,4,98.000000
wet_rising__a_three_quarters__b_maximum,wet_rising,three_quarters,maximum,B,5,98.000000
wet_rising__a_three_quarters__b_maximum,wet_rising,three_quarters,maximum,B,6,98.000000
wet_rising__a_three_quarters__b_maximum,wet_rising,three_quarters,maximum,B,7,98.000000
wet_rising__a_three_quarters__b_maximum,wet_rising,three_quarters,maximum,B,8,98.000000
wet_rising__a_three_quarters__b_maximum,wet_rising,three_quarters,maximum,B,9,98.000000
wet_rising__a_three_quarters__b_maximum,wet_rising,three_quarters,maximum,B,10,98.000000
wet_rising__a_three_quarters__b_maximum,wet_rising,three_quarters,maximum,B,11,98.000000
wet_rising__a_three_quarters__b_maximum,wet_rising,three_quarters,maximum,B,12,98.000000
wet_rising__a_three_quarters__b_maximum,wet_rising,three_quarters,maximum,B,13,98.000000
wet_rising__a_three_quarters__b_maximum,wet_rising,three_quarters,maximum,B,14,98.000000
wet_rising__a_three_quarters__b_maximum,wet_rising,three_quarters,maximum,B,15,98.000000
wet_rising__a_three_quarters__b_maximum,wet_rising,three_quarters,maximum,B,16,98.000000
wet_rising__a_three_quarters__b_maximum,wet_rising,three_quarters,maximum,B,17,98.000000
wet_rising__a_three_quarters__b_maximum,wet_rising,three_quarters,maximum,B,18,98.000000
wet_rising__a_three_quarters__b_maximum,wet_rising,three_quarters,maximum,B,19,98.000000
wet_rising__a_three_quarters__b_maximum,wet_rising,three_quarters,maximum,B,20,98.000000
wet_rising__a_three_quarters__b_maximum,wet_rising,three_quarters,maximum,B,21,98.000000
wet_rising__a_three_quarters__b_maximum,wet_rising,three_quarters,maximum,B,22,98.000000
wet_rising__a_three_quarters__b_maximum,wet_rising,three_quarters,maximum,B,23,98.000000
wet_rising__a_maximum__b_off,wet_rising,maximum,off,A,0,128.000000
wet_rising__a_maximum__b_off,wet_rising,maximum,off,A,1,128.000000
wet_rising__a_maximum__b_off,wet_rising,maximum,off,A,2,128.000000
wet_rising__a_maximum__b_off,wet_rising,maximum,off,A,3,128.000000
wet_rising__a_maximum__b_off,wet_rising,maximum,off,A,4,128.000000
wet_rising__a_maximum__b_off,wet_rising,maximum,off,A,5,128.000000
wet_rising__a_maximum__b_off,wet_rising,maximum,off,A,6,128.000000
wet_rising__a_maximum__b_off,wet_rising,maximum,off,A,7,128.000000
wet_rising__a_maximum__b_off,wet_rising,maximum,off,A,8,128.000000
wet_rising__a_maximum__b_off,wet_rising,maximum,off,A,9,128.000000
wet_rising__a_maximum__b_off,wet_rising,maximum,off,A,10,128.000000
wet_rising__a_maximum__b_off,wet_rising,maximum,off,A,11,128.000000
wet_rising__a_maximum__b_off,wet_rising,maximum,off,A,12,128.000000
wet_rising__a_maximum__b_off,wet_rising,maximum,off,A,13,128.000000
wet_rising__a_maximum__b_off,wet_rising,maximum,off,A,14,128.000000
wet_rising__a_maximum__b_off,wet_rising,maximum,off,A,15,128.000000
wet_rising__a_maximum__b_off,wet_rising,maximum,off,A,16,128.000000
wet_rising__a_maximum__b_off,wet_rising,maximum,off,A,17,128.000000
wet_rising__a_maximum__b_off,wet_rising,maximum,off,A,18,128.000000
wet_rising__a_maximum__b_off,wet_rising,maximum,off,A,19,128.000000
wet_rising__a_maximum__b_off,wet_rising,maximum,off,A,20,128.000000
wet_rising__a_maximum__b_off,wet_rising,maximum,off,A,21,128.000000
wet_rising__a_maximum__b_off,wet_rising,maximum,off,A,22,128.000000
wet_rising__a_maximum__b_off,wet_rising,maximum,off,A,23,128.000000
wet_rising__a_maximum__b_off,wet_rising,maximum,off,B,0,0.000000
wet_rising__a_maximum__b_off,wet_rising,maximum,off,B,1,0.000000
wet_rising__a_maximum__b_off,wet_rising,maximum,off,B,2,0.000000
wet_rising__a_maximum__b_off,wet_rising,maximum,off,B,3,0.000000
wet_rising__a_maximum__b_off,wet_rising,maximum,off,B,4,0.000000
wet_rising__a_maximum__b_off,wet_rising,maximum,off,B,5,0.000000
wet_rising__a_maximum__b_off,wet_rising,maximum,off,B,6,0.000000
wet_rising__a_maximum__b_off,wet_rising,maximum,off,B,7,0.000000
wet_rising__a_maximum__b_off,wet_rising,maximum,off,B,8,0.000000
wet_rising__a_maximum__b_off,wet_rising,maximum,off,B,9,0.000000
wet_rising__a_maximum__b_off,wet_rising,maximum,off,B,10,0.000000
wet_rising__a_maximum__b_off,wet_rising,maximum,off,B,11,0.000000
wet_rising__a_maximum__b_off,wet_rising,maximum,off,B,12,0.000000
wet_rising__a_maximum__b_off,wet_rising,maximum,off,B,13,0.000000
wet_rising__a_maximum__b_off,wet_rising,maximum,off,B,14,0.000000
wet_rising__a_maximum__b_off,wet_rising,maximum,off,B,15,0.000000
wet_rising__a_maximum__b_off,wet_rising,maximum,off,B,16,0.000000
wet_rising__a_maximum__b_off,wet_rising,maximum,off,B,17,0.000000
wet_rising__a_maximum__b_off,wet_rising,maximum,off,B,18,0.000000
wet_rising__a_maximum__b_off,wet_rising,maximum,off,B,19,0.000000
wet_rising__a_maximum__b_off,wet_rising,maximum,off,B,20,0.000000
wet_rising__a_maximum__b_off,wet_rising,maximum,off,B,21,0.000000
wet_rising__a_maximum__b_off,wet_rising,maximum,off,B,22,0.000000
wet_rising__a_maximum__b_off,wet_rising,maximum,off,B,23,0.000000
wet_rising__a_maximum__b_minimum,wet_rising,maximum,minimum,A,0,128.000000
wet_rising__a_maximum__b_minimum,wet_rising,maximum,minimum,A,1,128.000000
wet_rising__a_maximum__b_minimum,wet_rising,maximum,minimum,A,2,128.000000
wet_rising__a_maximum__b_minimum,wet_rising,maximum,minimum,A,3,128.000000
wet_rising__a_maximum__b_minimum,wet_rising,maximum,minimum,A,4,128.000000
wet_rising__a_maximum__b_minimum,wet_rising,maximum,minimum,A,5,128.000000
wet_rising__a_maximum__b_minimum,wet_rising,maximum,minimum,A,6,128.000000
wet_rising__a_maximum__b_minimum,wet_rising,maximum,minimum,A,7,128.000000
wet_rising__a_maximum__b_minimum,wet_rising,maximum,minimum,A,8,128.000000
wet_rising__a_maximum__b_minimum,wet_rising,maximum,minimum,A,9,128.000000
wet_rising__a_maximum__b_minimum,wet_rising,maximum,minimum,A,10,128.000000
wet_rising__a_maximum__b_minimum,wet_rising,maximum,minimum,A,11,128.000000
wet_rising__a_maximum__b_minimum,wet_rising,maximum,minimum,A,12,128.000000
wet_rising__a_maximum__b_minimum,wet_rising,maximum,minimum,A,13,128.000000
wet_rising__a_maximum__b_minimum,wet_rising,maximum,minimum,A,14,128.000000
wet_rising__a_maximum__b_minimum,wet_rising,maximum,minimum,A,15,128.000000
wet_rising__a_maximum__b_minimum,wet_rising,maximum,minimum,A,16,128.000000
wet_rising__a_maximum__b_minimum,wet_rising,maximum,minimum,A,17,128.000000
wet_rising__a_maximum__b_minimum,wet_rising,maximum,minimum,A,18,128.000000
wet_rising__a_maximum__b_minimum,wet_rising,maximum,minimum,A,19,128.000000
wet_rising__a_maximum__b_minimum,wet_rising,maximum,minimum,A,20,128.000000
wet_rising__a_maximum__b_minimum,wet_rising,maximum,minimum,A,21,128.000000
wet_rising__a_maximum__b_minimum,wet_rising,maximum,minimum,A,22,128.000000
wet_rising__a_maximum__b_minimum,wet_rising,maximum,minimum,A,23,128.000000
wet_rising__a_maximum__b_minimum,wet_rising,maximum,minimum,B,0,32.000000
wet_rising__a_maximum__b_minimum,wet_rising,maximum,minimum,B,1,32.000000
wet_rising__a_maximum__b_minimum,wet_rising,maximum,minimum,B,2,32.000000
wet_rising__a_maximum__b_minimum,wet_rising,maximum,minimum,B,3,32.000000
wet_rising__a_maximum__b_minimum,wet_rising,maximum,minimum,B,4,32.000000
wet_rising__a_maximum__b_minimum,wet_rising,maximum,minimum,B,5,32.000000
wet_rising__a_maximum__b_minimum,wet_rising,maximum,minimum,B,6,32.000000
wet_rising__a_maximum__b_minimum,wet_rising,maximum,minimum,B,7,32.000000
wet_rising__a_maximum__b_minimum,wet_rising,maximum,minimum,B,8,32.000000
wet_rising__a_maximum__b_minimum,wet_rising,maximum,minimum,B,9,32.000000
wet_rising__a_maximum__b_minimum,wet_rising,maximum,minimum,B,10,32.000000
wet_rising__a_maximum__b_minimum,wet_rising,maximum,minimum,B,11,32.000000
wet_rising__a_maximum__b_minimum,wet_rising,maximum,minimum,B,12,32.000000
wet_rising__a_maximum__b_minimum,wet_rising,maximum,minimum,B,13,32.000000
wet_rising__a_maximum__b_minimum,wet_rising,maximum,minimum,B,14,32.000000
wet_rising__a_maximum__b_minimum,wet_rising,maximum,minimum,B,15,32.000000
wet_rising__a_maximum__b_minimum,wet_rising,maximum,minimum,B,16,32.000000
wet_rising__a_maximum__b_minimum,wet_rising,maximum,minimum,B,17,32.000000
wet_rising__a_maximum__b_minimum,wet_rising,maximum,minimum,B,18,32.000000
wet_rising__a_maximum__b_minimum,wet_rising,maximum,minimum,B,19,32.000000
wet_rising__a_maximum__b_minimum,wet_rising,maximum,minimum,B,20,32.000000
wet_rising__a_maximum__b_minimum,wet_rising,maximum,minimum,B,21,32.000000
wet_rising__a_maximum__b_minimum,wet_rising,maximum,minimum,B,22,32.000000
wet_rising__a_maximum__b_minimum,wet_rising,maximum,minimum,B,23,32.000000
wet_rising__a_maximum__b_quarter,wet_rising,maximum,quarter,A,0,128.000000
wet_rising__a_maximum__b_quarter,wet_rising,maximum,quarter,A,1,128.000000
wet_rising__a_maximum__b_quarter,wet_rising,maximum,quarter,A,2,128.000000
wet_rising__a_maximum__b_quarter,wet_rising,maximum,quarter,A,3,128.000000
wet_rising__a_maximum__b_quarter,wet_rising,maximum,quarter,A,4,128.000000
wet_rising__a_maximum__b_quarter,wet_rising,maximum,quarter,A,5,128.000000
wet_rising__a_maximum__b_quarter,wet_rising,maximum,quarter,A,6,128.000000
wet_rising__a_maximum__b_quarter,wet_rising,maximum,quarter,A,7,128.000000
wet_rising__a_maximum__b_quarter,wet_rising,maximum,quarter,A,8,128.000000
wet_rising__a_maximum__b_quarter,wet_rising,maximum,quarter,A,9,128.000000
wet_rising__a_maximum__b_quarter,wet_rising,maximum,quarter,A,10,128.000000
wet_rising__a_maximum__b_quarter,wet_rising,maximum,quarter,A,11,128.000000
wet_rising__a_maximum__b_quarter,wet_rising,maximum,quarter,A,12,128.000000
wet_rising__a_maximum__b_quarter,wet_rising,maximum,quarter,A,13,128.000000
wet_rising__a_maximum__b_quarter,wet_rising,maximum,quarter,A,14,128.000000
wet_rising__a_maximum__b_quarter,wet_rising,maximum,quarter,A,15,128.000000
wet_rising__a_maximum__b_quarter,wet_rising,maximum,quarter,A,16,128.000000
wet_rising__a_maximum__b_quarter,wet_rising,maximum,quarter,A,17,128.000000
wet_rising__a_maximum__b_quarter,wet_rising,maximum,quarter,A,18,128.000000
wet_rising__a_maximum__b_quarter,wet_rising,maximum,quarter,A,19,128.000000
wet_rising__a_maximum__b_quarter,wet_rising,maximum,quarter,A,20,128.000000
wet_rising__a_maximum__b_quarter,wet_rising,maximum,quarter,A,21,128.000000
wet_rising__a_maximum__b_quarter,wet_rising,maximum,quarter,A,22,128.000000
wet_rising__a_maximum__b_quarter,wet_rising,maximum,quarter,A,23,128.000000
wet_rising__a_maximum__b_quarter,wet_rising,maximum,quarter,B,0,48.500000
wet_rising__a_maximum__b_quarter,wet_rising,maximum,quarter,B,1,48.500000
wet_rising__a_maximum__b_quarter,wet_rising,maximum,quarter,B,2,48.500000
wet_rising__a_maximum__b_quarter,wet_rising,maximum,quarter,B,3,48.500000
wet_rising__a_maximum__b_quarter,wet_rising,maximum,quarter,B,4,48.500000
wet_rising__a_maximum__b_quarter,wet_rising,maximum,quarter,B,5,48.500000
wet_rising__a_maximum__b_quarter,wet_rising,maximum,quarter,B,6,48.500000
wet_rising__a_maximum__b_quarter,wet_rising,maximum,quarter,B,7,48.500000
wet_rising__a_maximum__b_quarter,wet_rising,maximum,quarter,B,8,48.500000
wet_rising__a_maximum__b_quarter,wet_rising,maximum,quarter,B,9,48.500000
wet_rising__a_maximum__b_quarter,wet_rising,maximum,quarter,B,10,48.500000
wet_rising__a_maximum__b_quarter,wet_rising,maximum,quarter,B,11,48.500000
wet_rising__a_maximum__b_quarter,wet_rising,maximum,quarter,B,12,48.500000
wet_rising__a_maximum__b_quarter,wet_rising,maximum,quarter,B,13,48.500000
wet_rising__a_maximum__b_quarter,wet_rising,maximum,quarter,B,14,48.500000
wet_rising__a_maximum__b_quarter,wet_rising,maximum,quarter,B,15,48.500000
wet_rising__a_maximum__b_quarter,wet_rising,maximum,quarter,B,16,48.500000
wet_rising__a_maximum__b_quarter,wet_rising,maximum,quarter,B,17,48.500000
wet_rising__a_maximum__b_quarter,wet_rising,maximum,quarter,B,18,48.500000
wet_rising__a_maximum__b_quarter,wet_rising,maximum,quarter,B,19,48.500000
wet_rising__a_maximum__b_quarter,wet_rising,maximum,quarter,B,20,48.500000
wet_rising__a_maximum__b_quarter,wet_rising,maximum,quarter,B,21,48.500000
wet_rising__a_maximum__b_quarter,wet_rising,maximum,quarter,B,22,48.500000
wet_rising__a_maximum__b_quarter,wet_rising,maximum,quarter,B,23,48.500000
wet_rising__a_maximum__b_half,wet_rising,maximum,half,A,0,128.000000
wet_rising__a_maximum__b_half,wet_rising,maximum,half,A,1,128.000000
wet_rising__a_maximum__b_half,wet_rising,maximum,half,A,2,128.000000
wet_rising__a_maximum__b_half,wet_rising,maximum,half,A,3,128.000000
wet_rising__a_maximum__b_half,wet_rising,maximum,half,A,4,128.000000
wet_rising__a_maximum__b_half,wet_rising,maximum,half,A,5,128.000000
wet_rising__a_maximum__b_half,wet_rising,maximum,half,A,6,128.000000
wet_rising__a_maximum__b_half,wet_rising,maximum,half,A,7,128.000000
wet_rising__a_maximum__b_half,wet_rising,maximum,half,A,8,128.000000
wet_rising__a_maximum__b_half,wet_rising,maximum,half,A,9,128.000000
wet_rising__a_maximum__b_half,wet_rising,maximum,half,A,10,128.000000
wet_rising__a_maximum__b_half,wet_rising,maximum,half,A,11,128.000000
wet_rising__a_maximum__b_half,wet_rising,maximum,half,A,12,128.000000
wet_rising__a_maximum__b_half,wet_rising,maximum,half,A,13,128.000000
wet_rising__a_maximum__b_half,wet_rising,maximum,half,A,14,128.000000
wet_rising__a_maximum__b_half,wet_rising,maximum,half,A,15,128.000000
wet_rising__a_maximum__b_half,wet_rising,maximum,half,A,16,128.000000
wet_rising__a_maximum__b_half,wet_rising,maximum,half,A,17,128.000000
wet_rising__a_maximum__b_half,wet_rising,maximum,half,A,18,128.000000
wet_rising__a_maximum__b_half,wet_rising,maximum,half,A,19,128.000000
wet_rising__a_maximum__b_half,wet_rising,maximum,half,A,20,128.000000
wet_rising__a_maximum__b_half,wet_rising,maximum,half,A,21,128.000000
wet_rising__a_maximum__b_half,wet_rising,maximum,half,A,22,128.000000
wet_rising__a_maximum__b_half,wet_rising,maximum,half,A,23,128.000000
wet_rising__a_maximum__b_half,wet_rising,maximum,half,B,0,65.000000
wet_rising__a_maximum__b_half,wet_rising,maximum,half,B,1,65.000000
wet_rising__a_maximum__b_half,wet_rising,maximum,half,B,2,65.000000
wet_rising__a_maximum__b_half,wet_rising,maximum,half,B,3,65.000000
wet_rising__a_maximum__b_half,wet_rising,maximum,half,B,4,65.000000
wet_rising__a_maximum__b_half,wet_rising,maximum,half,B,5,65.000000
wet_rising__a_maximum__b_half,wet_rising,maximum,half,B,6,65.000000
wet_rising__a_maximum__b_half,wet_rising,maximum,half,B,7,65.000000
wet_rising__a_maximum__b_half,wet_rising,maximum,half,B,8,65.000000
wet_rising__a_maximum__b_half,wet_rising,maximum,half,B,9,65.000000
wet_rising__a_maximum__b_half,wet_rising,maximum,half,B,10,65.000000
wet_rising__a_maximum__b_half,wet_rising,maximum,half,B,11,65.000000
wet_rising__a_maximum__b_half,wet_rising,maximum,half,B,12,65.000000
wet_rising__a_maximum__b_half,wet_rising,maximum,half,B,13,65.000000
wet_rising__a_maximum__b_half,wet_rising,maximum,half,B,14,65.000000
wet_rising__a_maximum__b_half,wet_rising,maximum,half,B,15,65.000000
wet_rising__a_maximum__b_half,wet_rising,maximum,half,B,16,65.000000
wet_rising__a_maximum__b_half,wet_rising,maximum,half,B,17,65.000000
wet_rising__a_maximum__b_half,wet_rising,maximum,half,B,18,65.000000
wet_rising__a_maximum__b_half,wet_rising,maximum,half,B,19,65.000000
wet_rising__a_maximum__b_half,wet_rising,maximum,half,B,20,65.000000
wet_rising__a_maximum__b_half,wet_rising,maximum,half,B,21,65.000000
wet_rising__a_maximum__b_half,wet_rising,maximum,half,B,22,65.000000
wet_rising__a_maximum__b_half,wet_rising,maximum,half,B,23,65.000000
wet_rising__a_maximum__b_three_quarters,wet_rising,maximum,three_quarters,A,0,128.000000
wet_rising__a_maximum__b_three_quarters,wet_rising,maximum,three_quarters,A,1,128.000000
wet_rising__a_maximum__b_three_quarters,wet_rising,maximum,three_quarters,A,2,128.000000
wet_rising__a_maximum__b_three_quarters,wet_rising,maximum,three_quarters,A,3,128.000000
wet_rising__a_maximum__b_three_quarters,wet_rising,maximum,three_quarters,A,4,128.000000
wet_rising__a_maximum__b_three_quarters,wet_rising,maximum,three_quarters,A,5,128.000000
wet_rising__a_maximum__b_three_quarters,wet_rising,maximum,three_quarters,A,6,128.000000
wet_rising__a_maximum__b_three_quarters,wet_rising,maximum,three_quarters,A,7,128.000000
wet_rising__a_maximum__b_three_quarters,wet_rising,maximum,three_quarters,A,8,128.000000
wet_rising__a_maximum__b_three_quarters,wet_rising,maximum,three_quarters,A,9,128.000000
wet_rising__a_maximum__b_three_quarters,wet_rising,maximum,three_quarters,A,10,128.000000
wet_rising__a_maximum__b_three_quarters,wet_rising,maximum,three_quarters,A,11,128.000000
wet_rising__a_maximum__b_three_quarters,wet_rising,maximum,three_quarters,A,12,128.000000
wet_rising__a_maximum__b_three_quarters,wet_rising,maximum,three_quarters,A,13,128.000000
wet_rising__a_maximum__b_three_quarters,wet_rising,maximum,three_quarters,A,14,128.000000
wet_rising__a_maximum__b_three_quarters,wet_rising,maximum,three_quarters,A,15,128.000000
wet_rising__a_maximum__b_three_quarters,wet_rising,maximum,three_quarters,A,16,128.000000
wet_rising__a_maximum__b_three_quarters,wet_rising,maximum,three_quarters,A,17,128.000000
wet_rising__a_maximum__b_three_quarters,wet_rising,maximum,three_quarters,A,18,128.000000
wet_rising__a_maximum__b_three_quarters,wet_rising,maximum,three_quarters,A,19,128.000000
wet_rising__a_maximum__b_three_quarters,wet_rising,maximum,three_quarters,A,20,128.000000
wet_rising__a_maximum__b_three_quarters,wet_rising,maximum,three_quarters,A,21,128.000000
wet_rising__a_maximum__b_three_quarters,wet_rising,maximum,three_quarters,A,22,128.000000
wet_rising__a_maximum__b_three_quarters,wet_rising,maximum,three_quarters,A,23,128.000000
wet_rising__a_maximum__b_three_quarters,wet_rising,maximum,three_quarters,B,0,81.500000
wet_rising__a_maximum__b_three_quarters,wet_rising,maximum,three_quarters,B,1,81.500000
wet_rising__a_maximum__b_three_quarters,wet_rising,maximum,three_quarters,B,2,81.500000
wet_rising__a_maximum__b_three_quarters,wet_rising,maximum,three_quarters,B,3,81.500000
wet_rising__a_maximum__b_three_quarters,wet_rising,maximum,three_quarters,B,4,81.500000
wet_rising__a_maximum__b_three_quarters,wet_rising,maximum,three_quarters,B,5,81.500000
wet_rising__a_maximum__b_three_quarters,wet_rising,maximum,three_quarters,B,6,81.500000
wet_rising__a_maximum__b_three_quarters,wet_rising,maximum,three_quarters,B,7,81.500000
wet_rising__a_maximum__b_three_quarters,wet_rising,maximum,three_quarters,B,8,81.500000
wet_rising__a_maximum__b_three_quarters,wet_rising,maximum,three_quarters,B,9,81.500000
wet_rising__a_maximum__b_three_quarters,wet_rising,maximum,three_quarters,B,10,81.500000
wet_rising__a_maximum__b_three_quarters,wet_rising,maximum,three_quarters,B,11,81.500000
wet_rising__a_maximum__b_three_quarters,wet_rising,maximum,three_quarters,B,12,81.500000
wet_rising__a_maximum__b_three_quarters,wet_rising,maximum,three_quarters,B,13,81.500000
wet_rising__a_maximum__b_three_quarters,wet_rising,maximum,three_quarters,B,14,81.500000
wet_rising__a_maximum__b_three_quarters,wet_rising,maximum,three_quarters,B,15,81.500000
wet_rising__a_maximum__b_three_quarters,wet_rising,maximum,three_quarters,B,16,81.500000
wet_rising__a_maximum__b_three_quarters,wet_rising,maximum,three_quarters,B,17,81.500000
wet_rising__a_maximum__b_three_quarters,wet_rising,maximum,three_quarters,B,18,81.500000
wet_rising__a_maximum__b_three_quarters,wet_rising,maximum,three_quarters,B,19,81.500000
wet_rising__a_maximum__b_three_quarters,wet_rising,maximum,three_quarters,B,20,81.500000
wet_rising__a_maximum__b_three_quarters,wet_rising,maximum,three_quarters,B,21,81.500000
wet_rising__a_maximum__b_three_quarters,wet_rising,maximum,three_quarters,B,22,81.500000
wet_rising__a_maximum__b_three_quarters,wet_rising,maximum,three_quarters,B,23,81.500000
wet_rising__a_maximum__b_maximum,wet_rising,maximum,maximum,A,0,128.000000
wet_rising__a_maximum__b_maximum,wet_rising,maximum,maximum,A,1,128.000000
wet_rising__a_maximum__b_maximum,wet_rising,maximum,maximum,A,2,128.000000
wet_rising__a_maximum__b_maximum,wet_rising,maximum,maximum,A,3,128.000000
wet_rising__a_maximum__b_maximum,wet_rising,maximum,maximum,A,4,128.000000
wet_rising__a_maximum__b_maximum,wet_rising,maximum,maximum,A,5,128.000000
wet_rising__a_maximum__b_maximum,wet_rising,maximum,maximum,A,6,128.000000
wet_rising__a_maximum__b_maximum,wet_rising,maximum,maximum,A,7,128.000000
wet_rising__a_maximum__b_maximum,wet_rising,maximum,maximum,A,8,128.000000
wet_rising__a_maximum__b_maximum,wet_rising,maximum,maximum,A,9,128.000000
wet_rising__a_maximum__b_maximum,wet_rising,maximum,maximum,A,10,128.000000
wet_rising__a_maximum__b_maximum,wet_rising,maximum,maximum,A,11,128.000000
wet_rising__a_maximum__b_maximum,wet_rising,maximum,maximum,A,12,128.000000
wet_rising__a_maximum__b_maximum,wet_rising,maximum,maximum,A,13,128.000000
wet_rising__a_maximum__b_maximum,wet_rising,maximum,maximum,A,14,128.000000
wet_rising__a_maximum__b_maximum,wet_rising,maximum,maximum,A,15,128.000000
wet_rising__a_maximum__b_maximum,wet_rising,maximum,maximum,A,16,128.000000
wet_rising__a_maximum__b_maximum,wet_rising,maximum,maximum,A,17,128.000000
wet_rising__a_maximum__b_maximum,wet_rising,maximum,maximum,A,18,128.000000
wet_rising__a_maximum__b_maximum,wet_rising,maximum,maximum,A,19,128.000000
wet_rising__a_maximum__b_maximum,wet_rising,maximum,maximum,A,20,128.000000
wet_rising__a_maximum__b_maximum,wet_rising,maximum,maximum,A,21,128.000000
wet_rising__a_maximum__b_maximum,wet_rising,maximum,maximum,A,22,128.000000
wet_rising__a_maximum__b_maximum,wet_rising,maximum,maximum,A,23,128.000000
wet_rising__a_maximum__b_maximum,wet_rising,maximum,maximum,B,0,98.000000
wet_rising__a_maximum__b_maximum,wet_rising,maximum,maximum,B,1,98.000000
wet_rising__a_maximum__b_maximum,wet_rising,maximum,maximum,B,2,98.000000
wet_rising__a_maximum__b_maximum,wet_rising,maximum,maximum,B,3,98.000000
wet_rising__a_maximum__b_maximum,wet_rising,maximum,maximum,B,4,98.000000
wet_rising__a_maximum__b_maximum,wet_rising,maximum,maximum,B,5,98.000000
wet_rising__a_maximum__b_maximum,wet_rising,maximum,maximum,B,6,98.000000
wet_rising__a_maximum__b_maximum,wet_rising,maximum,maximum,B,7,98.000000
wet_rising__a_maximum__b_maximum,wet_rising,maximum,maximum,B,8,98.000000
wet_rising__a_maximum__b_maximum,wet_rising,maximum,maximum,B,9,98.000000
wet_rising__a_maximum__b_maximum,wet_rising,maximum,maximum,B,10,98.000000
wet_rising__a_maximum__b_maximum,wet_rising,maximum,maximum,B,11,98.000000
wet_rising__a_maximum__b_maximum,wet_rising,maximum,maximum,B,12,98.000000
wet_rising__a_maximum__b_maximum,wet_rising,maximum,maximum,B,13,98.000000
wet_rising__a_maximum__b_maximum,wet_rising,maximum,maximum,B,14,98.000000
wet_rising__a_maximum__b_maximum,wet_rising,maximum,maximum,B,15,98.000000
wet_rising__a_maximum__b_maximum,wet_rising,maximum,maximum,B,16,98.000000
wet_rising__a_maximum__b_maximum,wet_rising,maximum,maximum,B,17,98.000000
wet_rising__a_maximum__b_maximum,wet_rising,maximum,maximum,B,18,98.000000
wet_rising__a_maximum__b_maximum,wet_rising,maximum,maximum,B,19,98.000000
wet_rising__a_maximum__b_maximum,wet_rising,maximum,maximum,B,20,98.000000
wet_rising__a_maximum__b_maximum,wet_rising,maximum,maximum,B,21,98.000000
wet_rising__a_maximum__b_maximum,wet_rising,maximum,maximum,B,22,98.000000
wet_rising__a_maximum__b_maximum,wet_rising,maximum,maximum,B,23,98.000000
flood__a_off__b_off,flood,off,off,A,0,0.000000
flood__a_off__b_off,flood,off,off,A,1,0.000000
flood__a_off__b_off,flood,off,off,A,2,0.000000
flood__a_off__b_off,flood,off,off,A,3,0.000000
flood__a_off__b_off,flood,off,off,A,4,0.000000
flood__a_off__b_off,flood,off,off,A,5,0.000000
flood__a_off__b_off,flood,off,off,A,6,0.000000
flood__a_off__b_off,flood,off,off,A,7,0.000000
flood__a_off__b_off,flood,off,off,A,8,0.000000
flood__a_off__b_off,flood,off,off,A,9,0.000000
flood__a_off__b_off,flood,off,off,A,10,0.000000
flood__a_off__b_off,flood,off,off,A,11,0.000000
flood__a_off__b_off,flood,off,off,A,12,0.000000
flood__a_off__b_off,flood,off,off,A,13,0.000000
flood__a_off__b_off,flood,off,off,A,14,0.000000
flood__a_off__b_off,flood,off,off,A,15,0.000000
flood__a_off__b_off,flood,off,off,A,16,0.000000
flood__a_off__b_off,flood,off,off,A,17,0.000000
flood__a_off__b_off,flood,off,off,A,18,0.000000
flood__a_off__b_off,flood,off,off,A,19,0.000000
flood__a_off__b_off,flood,off,off,A,20,0.000000
flood__a_off__b_off,flood,off,off,A,21,0.000000
flood__a_off__b_off,flood,off,off,A,22,0.000000
flood__a_off__b_off,flood,off,off,A,23,0.000000
flood__a_off__b_off,flood,off,off,B,0,0.000000
flood__a_off__b_off,flood,off,off,B,1,0.000000
flood__a_off__b_off,flood,off,off,B,2,0.000000
flood__a_off__b_off,flood,off,off,B,3,0.000000
flood__a_off__b_off,flood,off,off,B,4,0.000000
flood__a_off__b_off,flood,off,off,B,5,0.000000
flood__a_off__b_off,flood,off,off,B,6,0.000000
flood__a_off__b_off,flood,off,off,B,7,0.000000
flood__a_off__b_off,flood,off,off,B,8,0.000000
flood__a_off__b_off,flood,off,off,B,9,0.000000
flood__a_off__b_off,flood,off,off,B,10,0.000000
flood__a_off__b_off,flood,off,off,B,11,0.000000
flood__a_off__b_off,flood,off,off,B,12,0.000000
flood__a_off__b_off,flood,off,off,B,13,0.000000
flood__a_off__b_off,flood,off,off,B,14,0.000000
flood__a_off__b_off,flood,off,off,B,15,0.000000
flood__a_off__b_off,flood,off,off,B,16,0.000000
flood__a_off__b_off,flood,off,off,B,17,0.000000
flood__a_off__b_off,flood,off,off,B,18,0.000000
flood__a_off__b_off,flood,off,off,B,19,0.000000
flood__a_off__b_off,flood,off,off,B,20,0.000000
flood__a_off__b_off,flood,off,off,B,21,0.000000
flood__a_off__b_off,flood,off,off,B,22,0.000000
flood__a_off__b_off,flood,off,off,B,23,0.000000
flood__a_off__b_minimum,flood,off,minimum,A,0,0.000000
flood__a_off__b_minimum,flood,off,minimum,A,1,0.000000
flood__a_off__b_minimum,flood,off,minimum,A,2,0.000000
flood__a_off__b_minimum,flood,off,minimum,A,3,0.000000
flood__a_off__b_minimum,flood,off,minimum,A,4,0.000000
flood__a_off__b_minimum,flood,off,minimum,A,5,0.000000
flood__a_off__b_minimum,flood,off,minimum,A,6,0.000000
flood__a_off__b_minimum,flood,off,minimum,A,7,0.000000
flood__a_off__b_minimum,flood,off,minimum,A,8,0.000000
flood__a_off__b_minimum,flood,off,minimum,A,9,0.000000
flood__a_off__b_minimum,flood,off,minimum,A,10,0.000000
flood__a_off__b_minimum,flood,off,minimum,A,11,0.000000
flood__a_off__b_minimum,flood,off,minimum,A,12,0.000000
flood__a_off__b_minimum,flood,off,minimum,A,13,0.000000
flood__a_off__b_minimum,flood,off,minimum,A,14,0.000000
flood__a_off__b_minimum,flood,off,minimum,A,15,0.000000
flood__a_off__b_minimum,flood,off,minimum,A,16,0.000000
flood__a_off__b_minimum,flood,off,minimum,A,17,0.000000
flood__a_off__b_minimum,flood,off,minimum,A,18,0.000000
flood__a_off__b_minimum,flood,off,minimum,A,19,0.000000
flood__a_off__b_minimum,flood,off,minimum,A,20,0.000000
flood__a_off__b_minimum,flood,off,minimum,A,21,0.000000
flood__a_off__b_minimum,flood,off,minimum,A,22,0.000000
flood__a_off__b_minimum,flood,off,minimum,A,23,0.000000
flood__a_off__b_minimum,flood,off,minimum,B,0,32.000000
flood__a_off__b_minimum,flood,off,minimum,B,1,32.000000
flood__a_off__b_minimum,flood,off,minimum,B,2,32.000000
flood__a_off__b_minimum,flood,off,minimum,B,3,32.000000
flood__a_off__b_minimum,flood,off,minimum,B,4,32.000000
flood__a_off__b_minimum,flood,off,minimum,B,5,32.000000
flood__a_off__b_minimum,flood,off,minimum,B,6,32.000000
flood__a_off__b_minimum,flood,off,minimum,B,7,32.000000
flood__a_off__b_minimum,flood,off,minimum,B,8,32.000000
flood__a_off__b_minimum,flood,off,minimum,B,9,32.000000
flood__a_off__b_minimum,flood,off,minimum,B,10,32.000000
flood__a_off__b_minimum,flood,off,minimum,B,11,32.000000
flood__a_off__b_minimum,flood,off,minimum,B,12,32.000000
flood__a_off__b_minimum,flood,off,minimum,B,13,32.000000
flood__a_off__b_minimum,flood,off,minimum,B,14,32.000000
flood__a_off__b_minimum,flood,off,minimum,B,15,32.000000
flood__a_off__b_minimum,flood,off,minimum,B,16,32.000000
flood__a_off__b_minimum,flood,off,minimum,B,17,32.000000
flood__a_off__b_minimum,flood,off,minimum,B,18,32.000000
flood__a_off__b_minimum,flood,off,minimum,B,19,32.000000
flood__a_off__b_minimum,flood,off,minimum,B,20,32.000000
flood__a_off__b_minimum,flood,off,minimum,B,21,32.000000
flood__a_off__b_minimum,flood,off,minimum,B,22,32.000000
flood__a_off__b_minimum,flood,off,minimum,B,23,32.000000
flood__a_off__b_quarter,flood,off,quarter,A,0,0.000000
flood__a_off__b_quarter,flood,off,quarter,A,1,0.000000
flood__a_off__b_quarter,flood,off,quarter,A,2,0.000000
flood__a_off__b_quarter,flood,off,quarter,A,3,0.000000
flood__a_off__b_quarter,flood,off,quarter,A,4,0.000000
flood__a_off__b_quarter,flood,off,quarter,A,5,0.000000
flood__a_off__b_quarter,flood,off,quarter,A,6,0.000000
flood__a_off__b_quarter,flood,off,quarter,A,7,0.000000
flood__a_off__b_quarter,flood,off,quarter,A,8,0.000000
flood__a_off__b_quarter,flood,off,quarter,A,9,0.000000
flood__a_off__b_quarter,flood,off,quarter,A,10,0.000000
flood__a_off__b_quarter,flood,off,quarter,A,11,0.000000
flood__a_off__b_quarter,flood,off,quarter,A,12,0.000000
flood__a_off__b_quarter,flood,off,quarter,A,13,0.000000
flood__a_off__b_quarter,flood,off,quarter,A,14,0.000000
flood__a_off__b_quarter,flood,off,quarter,A,15,0.000000
flood__a_off__b_quarter,flood,off,quarter,A,16,0.000000
flood__a_off__b_quarter,flood,off,quarter,A,17,0.000000
flood__a_off__b_quarter,flood,off,quarter,A,18,0.000000
flood__a_off__b_quarter,flood,off,quarter,A,19,0.000000
flood__a_off__b_quarter,flood,off,quarter,A,20,0.000000
flood__a_off__b_quarter,flood,off,quarter,A,21,0.000000
flood__a_off__b_quarter,flood,off,quarter,A,22,0.000000
flood__a_off__b_quarter,flood,off,quarter,A,23,0.000000
flood__a_off__b_quarter,flood,off,quarter,B,0,48.500000
flood__a_off__b_quarter,flood,off,quarter,B,1,48.500000
flood__a_off__b_quarter,flood,off,quarter,B,2,48.500000
flood__a_off__b_quarter,flood,off,quarter,B,3,48.500000
flood__a_off__b_quarter,flood,off,quarter,B,4,48.500000
flood__a_off__b_quarter,flood,off,quarter,B,5,48.500000
flood__a_off__b_quarter,flood,off,quarter,B,6,48.500000
flood__a_off__b_quarter,flood,off,quarter,B,7,48.500000
flood__a_off__b_quarter,flood,off,quarter,B,8,48.500000
flood__a_off__b_quarter,flood,off,quarter,B,9,48.500000
flood__a_off__b_quarter,flood,off,quarter,B,10,48.500000
flood__a_off__b_quarter,flood,off,quarter,B,11,48.500000
flood__a_off__b_quarter,flood,off,quarter,B,12,48.500000
flood__a_off__b_quarter,flood,off,quarter,B,13,48.500000
flood__a_off__b_quarter,flood,off,quarter,B,14,48.500000
flood__a_off__b_quarter,flood,off,quarter,B,15,48.500000
flood__a_off__b_quarter,flood,off,quarter,B,16,48.500000
flood__a_off__b_quarter,flood,off,quarter,B,17,48.500000
flood__a_off__b_quarter,flood,off,quarter,B,18,48.500000
flood__a_off__b_quarter,flood,off,quarter,B,19,48.500000
flood__a_off__b_quarter,flood,off,quarter,B,20,48.500000
flood__a_off__b_quarter,flood,off,quarter,B,21,48.500000
flood__a_off__b_quarter,flood,off,quarter,B,22,48.500000
flood__a_off__b_quarter,flood,off,quarter,B,23,48.500000
flood__a_off__b_half,flood,off,half,A,0,0.000000
flood__a_off__b_half,flood,off,half,A,1,0.000000
flood__a_off__b_half,flood,off,half,A,2,0.000000
flood__a_off__b_half,flood,off,half,A,3,0.000000
flood__a_off__b_half,flood,off,half,A,4,0.000000
flood__a_off__b_half,flood,off,half,A,5,0.000000
flood__a_off__b_half,flood,off,half,A,6,0.000000
flood__a_off__b_half,flood,off,half,A,7,0.000000
flood__a_off__b_half,flood,off,half,A,8,0.000000
flood__a_off__b_half,flood,off,half,A,9,0.000000
flood__a_off__b_half,flood,off,half,A,10,0.000000
flood__a_off__b_half,flood,off,half,A,11,0.000000
flood__a_off__b_half,flood,off,half,A,12,0.000000
flood__a_off__b_half,flood,off,half,A,13,0.000000
flood__a_off__b_half,flood,off,half,A,14,0.000000
flood__a_off__b_half,flood,off,half,A,15,0.000000
flood__a_off__b_half,flood,off,half,A,16,0.000000
flood__a_off__b_half,flood,off,half,A,17,0.000000
flood__a_off__b_half,flood,off,half,A,18,0.000000
flood__a_off__b_half,flood,off,half,A,19,0.000000
flood__a_off__b_half,flood,off,half,A,20,0.000000
flood__a_off__b_half,flood,off,half,A,21,0.000000
flood__a_off__b_half,flood,off,half,A,22,0.000000
flood__a_off__b_half,flood,off,half,A,23,0.000000
flood__a_off__b_half,flood,off,half,B,0,65.000000
flood__a_off__b_half,flood,off,half,B,1,65.000000
flood__a_off__b_half,flood,off,half,B,2,65.000000
flood__a_off__b_half,flood,off,half,B,3,65.000000
flood__a_off__b_half,flood,off,half,B,4,65.000000
flood__a_off__b_half,flood,off,half,B,5,65.000000
flood__a_off__b_half,flood,off,half,B,6,65.000000
flood__a_off__b_half,flood,off,half,B,7,65.000000
flood__a_off__b_half,flood,off,half,B,8,65.000000
flood__a_off__b_half,flood,off,half,B,9,65.000000
flood__a_off__b_half,flood,off,half,B,10,65.000000
flood__a_off__b_half,flood,off,half,B,11,65.000000
flood__a_off__b_half,flood,off,half,B,12,65.000000
flood__a_off__b_half,flood,off,half,B,13,65.000000
flood__a_off__b_half,flood,off,half,B,14,65.000000
flood__a_off__b_half,flood,off,half,B,15,65.000000
flood__a_off__b_half,flood,off,half,B,16,65.000000
flood__a_off__b_half,flood,off,half,B,17,65.000000
flood__a_off__b_half,flood,off,half,B,18,65.000000
flood__a_off__b_half,flood,off,half,B,19,65.000000
flood__a_off__b_half,flood,off,half,B,20,65.000000
flood__a_off__b_half,flood,off,half,B,21,65.000000
flood__a_off__b_half,flood,off,half,B,22,65.000000
flood__a_off__b_half,flood,off,half,B,23,65.000000
flood__a_off__b_three_quarters,flood,off,three_quarters,A,0,0.000000
flood__a_off__b_three_quarters,flood,off,three_quarters,A,1,0.000000
flood__a_off__b_three_quarters,flood,off,three_quarters,A,2,0.000000
flood__a_off__b_three_quarters,flood,off,three_quarters,A,3,0.000000
flood__a_off__b_three_quarters,flood,off,three_quarters,A,4,0.000000
flood__a_off__b_three_quarters,flood,off,three_quarters,A,5,0.000000
flood__a_off__b_three_quarters,flood,off,three_quarters,A,6,0.000000
flood__a_off__b_three_quarters,flood,off,three_quarters,A,7,0.000000
flood__a_off__b_three_quarters,flood,off,three_quarters,A,8,0.000000
flood__a_off__b_three_quarters,flood,off,three_quarters,A,9,0.000000
flood__a_off__b_three_quarters,flood,off,three_quarters,A,10,0.000000
flood__a_off__b_three_quarters,flood,off,three_quarters,A,11,0.000000
flood__a_off__b_three_quarters,flood,off,three_quarters,A,12,0.000000
flood__a_off__b_three_quarters,flood,off,three_quarters,A,13,0.000000
flood__a_off__b_three_quarters,flood,off,three_quarters,A,14,0.000000
flood__a_off__b_three_quarters,flood,off,three_quarters,A,15,0.000000
flood__a_off__b_three_quarters,flood,off,three_quarters,A,16,0.000000
flood__a_off__b_three_quarters,flood,off,three_quarters,A,17,0.000000
flood__a_off__b_three_quarters,flood,off,three_quarters,A,18,0.000000
flood__a_off__b_three_quarters,flood,off,three_quarters,A,19,0.000000
flood__a_off__b_three_quarters,flood,off,three_quarters,A,20,0.000000
flood__a_off__b_three_quarters,flood,off,three_quarters,A,21,0.000000
flood__a_off__b_three_quarters,flood,off,three_quarters,A,22,0.000000
flood__a_off__b_three_quarters,flood,off,three_quarters,A,23,0.000000
flood__a_off__b_three_quarters,flood,off,three_quarters,B,0,81.500000
flood__a_off__b_three_quarters,flood,off,three_quarters,B,1,81.500000
flood__a_off__b_three_quarters,flood,off,three_quarters,B,2,81.500000
flood__a_off__b_three_quarters,flood,off,three_quarters,B,3,81.500000
flood__a_off__b_three_quarters,flood,off,three_quarters,B,4,81.500000
flood__a_off__b_three_quarters,flood,off,three_quarters,B,5,81.500000
flood__a_off__b_three_quarters,flood,off,three_quarters,B,6,81.500000
flood__a_off__b_three_quarters,flood,off,three_quarters,B,7,81.500000
flood__a_off__b_three_quarters,flood,off,three_quarters,B,8,81.500000
flood__a_off__b_three_quarters,flood,off,three_quarters,B,9,81.500000
flood__a_off__b_three_quarters,flood,off,three_quarters,B,10,81.500000
flood__a_off__b_three_quarters,flood,off,three_quarters,B,11,81.500000
flood__a_off__b_three_quarters,flood,off,three_quarters,B,12,81.500000
flood__a_off__b_three_quarters,flood,off,three_quarters,B,13,81.500000
flood__a_off__b_three_quarters,flood,off,three_quarters,B,14,81.500000
flood__a_off__b_three_quarters,flood,off,three_quarters,B,15,81.500000
flood__a_off__b_three_quarters,flood,off,three_quarters,B,16,81.500000
flood__a_off__b_three_quarters,flood,off,three_quarters,B,17,81.500000
flood__a_off__b_three_quarters,flood,off,three_quarters,B,18,81.500000
flood__a_off__b_three_quarters,flood,off,three_quarters,B,19,81.500000
flood__a_off__b_three_quarters,flood,off,three_quarters,B,20,81.500000
flood__a_off__b_three_quarters,flood,off,three_quarters,B,21,81.500000
flood__a_off__b_three_quarters,flood,off,three_quarters,B,22,81.500000
flood__a_off__b_three_quarters,flood,off,three_quarters,B,23,81.500000
flood__a_off__b_maximum,flood,off,maximum,A,0,0.000000
flood__a_off__b_maximum,flood,off,maximum,A,1,0.000000
flood__a_off__b_maximum,flood,off,maximum,A,2,0.000000
flood__a_off__b_maximum,flood,off,maximum,A,3,0.000000
flood__a_off__b_maximum,flood,off,maximum,A,4,0.000000
flood__a_off__b_maximum,flood,off,maximum,A,5,0.000000
flood__a_off__b_maximum,flood,off,maximum,A,6,0.000000
flood__a_off__b_maximum,flood,off,maximum,A,7,0.000000
flood__a_off__b_maximum,flood,off,maximum,A,8,0.000000
flood__a_off__b_maximum,flood,off,maximum,A,9,0.000000
flood__a_off__b_maximum,flood,off,maximum,A,10,0.000000
flood__a_off__b_maximum,flood,off,maximum,A,11,0.000000
flood__a_off__b_maximum,flood,off,maximum,A,12,0.000000
flood__a_off__b_maximum,flood,off,maximum,A,13,0.000000
flood__a_off__b_maximum,flood,off,maximum,A,14,0.000000
flood__a_off__b_maximum,flood,off,maximum,A,15,0.000000
flood__a_off__b_maximum,flood,off,maximum,A,16,0.000000
flood__a_off__b_maximum,flood,off,maximum,A,17,0.000000
flood__a_off__b_maximum,flood,off,maximum,A,18,0.000000
flood__a_off__b_maximum,flood,off,maximum,A,19,0.000000
flood__a_off__b_maximum,flood,off,maximum,A,20,0.000000
flood__a_off__b_maximum,flood,off,maximum,A,21,0.000000
flood__a_off__b_maximum,flood,off,maximum,A,22,0.000000
flood__a_off__b_maximum,flood,off,maximum,A,23,0.000000
flood__a_off__b_maximum,flood,off,maximum,B,0,98.000000
flood__a_off__b_maximum,flood,off,maximum,B,1,98.000000
flood__a_off__b_maximum,flood,off,maximum,B,2,98.000000
flood__a_off__b_maximum,flood,off,maximum,B,3,98.000000
flood__a_off__b_maximum,flood,off,maximum,B,4,98.000000
flood__a_off__b_maximum,flood,off,maximum,B,5,98.000000
flood__a_off__b_maximum,flood,off,maximum,B,6,98.000000
flood__a_off__b_maximum,flood,off,maximum,B,7,98.000000
flood__a_off__b_maximum,flood,off,maximum,B,8,98.000000
flood__a_off__b_maximum,flood,off,maximum,B,9,98.000000
flood__a_off__b_maximum,flood,off,maximum,B,10,98.000000
flood__a_off__b_maximum,flood,off,maximum,B,11,98.000000
flood__a_off__b_maximum,flood,off,maximum,B,12,98.000000
flood__a_off__b_maximum,flood,off,maximum,B,13,98.000000
flood__a_off__b_maximum,flood,off,maximum,B,14,98.000000
flood__a_off__b_maximum,flood,off,maximum,B,15,98.000000
flood__a_off__b_maximum,flood,off,maximum,B,16,98.000000
flood__a_off__b_maximum,flood,off,maximum,B,17,98.000000
flood__a_off__b_maximum,flood,off,maximum,B,18,98.000000
flood__a_off__b_maximum,flood,off,maximum,B,19,98.000000
flood__a_off__b_maximum,flood,off,maximum,B,20,98.000000
flood__a_off__b_maximum,flood,off,maximum,B,21,98.000000
flood__a_off__b_maximum,flood,off,maximum,B,22,98.000000
flood__a_off__b_maximum,flood,off,maximum,B,23,98.000000
flood__a_minimum__b_off,flood,minimum,off,A,0,45.000000
flood__a_minimum__b_off,flood,minimum,off,A,1,45.000000
flood__a_minimum__b_off,flood,minimum,off,A,2,45.000000
flood__a_minimum__b_off,flood,minimum,off,A,3,45.000000
flood__a_minimum__b_off,flood,minimum,off,A,4,45.000000
flood__a_minimum__b_off,flood,minimum,off,A,5,45.000000
flood__a_minimum__b_off,flood,minimum,off,A,6,45.000000
flood__a_minimum__b_off,flood,minimum,off,A,7,45.000000
flood__a_minimum__b_off,flood,minimum,off,A,8,45.000000
flood__a_minimum__b_off,flood,minimum,off,A,9,45.000000
flood__a_minimum__b_off,flood,minimum,off,A,10,45.000000
flood__a_minimum__b_off,flood,minimum,off,A,11,45.000000
flood__a_minimum__b_off,flood,minimum,off,A,12,45.000000
flood__a_minimum__b_off,flood,minimum,off,A,13,45.000000
flood__a_minimum__b_off,flood,minimum,off,A,14,45.000000
flood__a_minimum__b_off,flood,minimum,off,A,15,45.000000
flood__a_minimum__b_off,flood,minimum,off,A,16,45.000000
flood__a_minimum__b_off,flood,minimum,off,A,17,45.000000
flood__a_minimum__b_off,flood,minimum,off,A,18,45.000000
flood__a_minimum__b_off,flood,minimum,off,A,19,45.000000
flood__a_minimum__b_off,flood,minimum,off,A,20,45.000000
flood__a_minimum__b_off,flood,minimum,off,A,21,45.000000
flood__a_minimum__b_off,flood,minimum,off,A,22,45.000000
flood__a_minimum__b_off,flood,minimum,off,A,23,45.000000
flood__a_minimum__b_off,flood,minimum,off,B,0,0.000000
flood__a_minimum__b_off,flood,minimum,off,B,1,0.000000
flood__a_minimum__b_off,flood,minimum,off,B,2,0.000000
flood__a_minimum__b_off,flood,minimum,off,B,3,0.000000
flood__a_minimum__b_off,flood,minimum,off,B,4,0.000000
flood__a_minimum__b_off,flood,minimum,off,B,5,0.000000
flood__a_minimum__b_off,flood,minimum,off,B,6,0.000000
flood__a_minimum__b_off,flood,minimum,off,B,7,0.000000
flood__a_minimum__b_off,flood,minimum,off,B,8,0.000000
flood__a_minimum__b_off,flood,minimum,off,B,9,0.000000
flood__a_minimum__b_off,flood,minimum,off,B,10,0.000000
flood__a_minimum__b_off,flood,minimum,off,B,11,0.000000
flood__a_minimum__b_off,flood,minimum,off,B,12,0.000000
flood__a_minimum__b_off,flood,minimum,off,B,13,0.000000
flood__a_minimum__b_off,flood,minimum,off,B,14,0.000000
flood__a_minimum__b_off,flood,minimum,off,B,15,0.000000
flood__a_minimum__b_off,flood,minimum,off,B,16,0.000000
flood__a_minimum__b_off,flood,minimum,off,B,17,0.000000
flood__a_minimum__b_off,flood,minimum,off,B,18,0.000000
flood__a_minimum__b_off,flood,minimum,off,B,19,0.000000
flood__a_minimum__b_off,flood,minimum,off,B,20,0.000000
flood__a_minimum__b_off,flood,minimum,off,B,21,0.000000
flood__a_minimum__b_off,flood,minimum,off,B,22,0.000000
flood__a_minimum__b_off,flood,minimum,off,B,23,0.000000
flood__a_minimum__b_minimum,flood,minimum,minimum,A,0,45.000000
flood__a_minimum__b_minimum,flood,minimum,minimum,A,1,45.000000
flood__a_minimum__b_minimum,flood,minimum,minimum,A,2,45.000000
flood__a_minimum__b_minimum,flood,minimum,minimum,A,3,45.000000
flood__a_minimum__b_minimum,flood,minimum,minimum,A,4,45.000000
flood__a_minimum__b_minimum,flood,minimum,minimum,A,5,45.000000
flood__a_minimum__b_minimum,flood,minimum,minimum,A,6,45.000000
flood__a_minimum__b_minimum,flood,minimum,minimum,A,7,45.000000
flood__a_minimum__b_minimum,flood,minimum,minimum,A,8,45.000000
flood__a_minimum__b_minimum,flood,minimum,minimum,A,9,45.000000
flood__a_minimum__b_minimum,flood,minimum,minimum,A,10,45.000000
flood__a_minimum__b_minimum,flood,minimum,minimum,A,11,45.000000
flood__a_minimum__b_minimum,flood,minimum,minimum,A,12,45.000000
flood__a_minimum__b_minimum,flood,minimum,minimum,A,13,45.000000
flood__a_minimum__b_minimum,flood,minimum,minimum,A,14,45.000000
flood__a_minimum__b_minimum,flood,minimum,minimum,A,15,45.000000
flood__a_minimum__b_minimum,flood,minimum,minimum,A,16,45.000000
flood__a_minimum__b_minimum,flood,minimum,minimum,A,17,45.000000
flood__a_minimum__b_minimum,flood,minimum,minimum,A,18,45.000000
flood__a_minimum__b_minimum,flood,minimum,minimum,A,19,45.000000
flood__a_minimum__b_minimum,flood,minimum,minimum,A,20,45.000000
flood__a_minimum__b_minimum,flood,minimum,minimum,A,21,45.000000
flood__a_minimum__b_minimum,flood,minimum,minimum,A,22,45.000000
flood__a_minimum__b_minimum,flood,minimum,minimum,A,23,45.000000
flood__a_minimum__b_minimum,flood,minimum,minimum,B,0,32.000000
flood__a_minimum__b_minimum,flood,minimum,minimum,B,1,32.000000
flood__a_minimum__b_minimum,flood,minimum,minimum,B,2,32.000000
flood__a_minimum__b_minimum,flood,minimum,minimum,B,3,32.000000
flood__a_minimum__b_minimum,flood,minimum,minimum,B,4,32.000000
flood__a_minimum__b_minimum,flood,minimum,minimum,B,5,32.000000
flood__a_minimum__b_minimum,flood,minimum,minimum,B,6,32.000000
flood__a_minimum__b_minimum,flood,minimum,minimum,B,7,32.000000
flood__a_minimum__b_minimum,flood,minimum,minimum,B,8,32.000000
flood__a_minimum__b_minimum,flood,minimum,minimum,B,9,32.000000
flood__a_minimum__b_minimum,flood,minimum,minimum,B,10,32.000000
flood__a_minimum__b_minimum,flood,minimum,minimum,B,11,32.000000
flood__a_minimum__b_minimum,flood,minimum,minimum,B,12,32.000000
flood__a_minimum__b_minimum,flood,minimum,minimum,B,13,32.000000
flood__a_minimum__b_minimum,flood,minimum,minimum,B,14,32.000000
flood__a_minimum__b_minimum,flood,minimum,minimum,B,15,32.000000
flood__a_minimum__b_minimum,flood,minimum,minimum,B,16,32.000000
flood__a_minimum__b_minimum,flood,minimum,minimum,B,17,32.000000
flood__a_minimum__b_minimum,flood,minimum,minimum,B,18,32.000000
flood__a_minimum__b_minimum,flood,minimum,minimum,B,19,32.000000
flood__a_minimum__b_minimum,flood,minimum,minimum,B,20,32.000000
flood__a_minimum__b_minimum,flood,minimum,minimum,B,21,32.000000
flood__a_minimum__b_minimum,flood,minimum,minimum,B,22,32.000000
flood__a_minimum__b_minimum,flood,minimum,minimum,B,23,32.000000
flood__a_minimum__b_quarter,flood,minimum,quarter,A,0,45.000000
flood__a_minimum__b_quarter,flood,minimum,quarter,A,1,45.000000
flood__a_minimum__b_quarter,flood,minimum,quarter,A,2,45.000000
flood__a_minimum__b_quarter,flood,minimum,quarter,A,3,45.000000
flood__a_minimum__b_quarter,flood,minimum,quarter,A,4,45.000000
flood__a_minimum__b_quarter,flood,minimum,quarter,A,5,45.000000
flood__a_minimum__b_quarter,flood,minimum,quarter,A,6,45.000000
flood__a_minimum__b_quarter,flood,minimum,quarter,A,7,45.000000
flood__a_minimum__b_quarter,flood,minimum,quarter,A,8,45.000000
flood__a_minimum__b_quarter,flood,minimum,quarter,A,9,45.000000
flood__a_minimum__b_quarter,flood,minimum,quarter,A,10,45.000000
flood__a_minimum__b_quarter,flood,minimum,quarter,A,11,45.000000
flood__a_minimum__b_quarter,flood,minimum,quarter,A,12,45.000000
flood__a_minimum__b_quarter,flood,minimum,quarter,A,13,45.000000
flood__a_minimum__b_quarter,flood,minimum,quarter,A,14,45.000000
flood__a_minimum__b_quarter,flood,minimum,quarter,A,15,45.000000
flood__a_minimum__b_quarter,flood,minimum,quarter,A,16,45.000000
flood__a_minimum__b_quarter,flood,minimum,quarter,A,17,45.000000
flood__a_minimum__b_quarter,flood,minimum,quarter,A,18,45.000000
flood__a_minimum__b_quarter,flood,minimum,quarter,A,19,45.000000
flood__a_minimum__b_quarter,flood,minimum,quarter,A,20,45.000000
flood__a_minimum__b_quarter,flood,minimum,quarter,A,21,45.000000
flood__a_minimum__b_quarter,flood,minimum,quarter,A,22,45.000000
flood__a_minimum__b_quarter,flood,minimum,quarter,A,23,45.000000
flood__a_minimum__b_quarter,flood,minimum,quarter,B,0,48.500000
flood__a_minimum__b_quarter,flood,minimum,quarter,B,1,48.500000
flood__a_minimum__b_quarter,flood,minimum,quarter,B,2,48.500000
flood__a_minimum__b_quarter,flood,minimum,quarter,B,3,48.500000
flood__a_minimum__b_quarter,flood,minimum,quarter,B,4,48.500000
flood__a_minimum__b_quarter,flood,minimum,quarter,B,5,48.500000
flood__a_minimum__b_quarter,flood,minimum,quarter,B,6,48.500000
flood__a_minimum__b_quarter,flood,minimum,quarter,B,7,48.500000
flood__a_minimum__b_quarter,flood,minimum,quarter,B,8,48.500000
flood__a_minimum__b_quarter,flood,minimum,quarter,B,9,48.500000
flood__a_minimum__b_quarter,flood,minimum,quarter,B,10,48.500000
flood__a_minimum__b_quarter,flood,minimum,quarter,B,11,48.500000
flood__a_minimum__b_quarter,flood,minimum,quarter,B,12,48.500000
flood__a_minimum__b_quarter,flood,minimum,quarter,B,13,48.500000
flood__a_minimum__b_quarter,flood,minimum,quarter,B,14,48.500000
flood__a_minimum__b_quarter,flood,minimum,quarter,B,15,48.500000
flood__a_minimum__b_quarter,flood,minimum,quarter,B,16,48.500000
flood__a_minimum__b_quarter,flood,minimum,quarter,B,17,48.500000
flood__a_minimum__b_quarter,flood,minimum,quarter,B,18,48.500000
flood__a_minimum__b_quarter,flood,minimum,quarter,B,19,48.500000
flood__a_minimum__b_quarter,flood,minimum,quarter,B,20,48.500000
flood__a_minimum__b_quarter,flood,minimum,quarter,B,21,48.500000
flood__a_minimum__b_quarter,flood,minimum,quarter,B,22,48.500000
flood__a_minimum__b_quarter,flood,minimum,quarter,B,23,48.500000
flood__a_minimum__b_half,flood,minimum,half,A,0,45.000000
flood__a_minimum__b_half,flood,minimum,half,A,1,45.000000
flood__a_minimum__b_half,flood,minimum,half,A,2,45.000000
flood__a_minimum__b_half,flood,minimum,half,A,3,45.000000
flood__a_minimum__b_half,flood,minimum,half,A,4,45.000000
flood__a_minimum__b_half,flood,minimum,half,A,5,45.000000
flood__a_minimum__b_half,flood,minimum,half,A,6,45.000000
flood__a_minimum__b_half,flood,minimum,half,A,7,45.000000
flood__a_minimum__b_half,flood,minimum,half,A,8,45.000000
flood__a_minimum__b_half,flood,minimum,half,A,9,45.000000
flood__a_minimum__b_half,flood,minimum,half,A,10,45.000000
flood__a_minimum__b_half,flood,minimum,half,A,11,45.000000
flood__a_minimum__b_half,flood,minimum,half,A,12,45.000000
flood__a_minimum__b_half,flood,minimum,half,A,13,45.000000
flood__a_minimum__b_half,flood,minimum,half,A,14,45.000000
flood__a_minimum__b_half,flood,minimum,half,A,15,45.000000
flood__a_minimum__b_half,flood,minimum,half,A,16,45.000000
flood__a_minimum__b_half,flood,minimum,half,A,17,45.000000
flood__a_minimum__b_half,flood,minimum,half,A,18,45.000000
flood__a_minimum__b_half,flood,minimum,half,A,19,45.000000
flood__a_minimum__b_half,flood,minimum,half,A,20,45.000000
flood__a_minimum__b_half,flood,minimum,half,A,21,45.000000
flood__a_minimum__b_half,flood,minimum,half,A,22,45.000000
flood__a_minimum__b_half,flood,minimum,half,A,23,45.000000
flood__a_minimum__b_half,flood,minimum,half,B,0,65.000000
flood__a_minimum__b_half,flood,minimum,half,B,1,65.000000
flood__a_minimum__b_half,flood,minimum,half,B,2,65.000000
flood__a_minimum__b_half,flood,minimum,half,B,3,65.000000
flood__a_minimum__b_half,flood,minimum,half,B,4,65.000000
flood__a_minimum__b_half,flood,minimum,half,B,5,65.000000
flood__a_minimum__b_half,flood,minimum,half,B,6,65.000000
flood__a_minimum__b_half,flood,minimum,half,B,7,65.000000
flood__a_minimum__b_half,flood,minimum,half,B,8,65.000000
flood__a_minimum__b_half,flood,minimum,half,B,9,65.000000
flood__a_minimum__b_half,flood,minimum,half,B,10,65.000000
flood__a_minimum__b_half,flood,minimum,half,B,11,65.000000
flood__a_minimum__b_half,flood,minimum,half,B,12,65.000000
flood__a_minimum__b_half,flood,minimum,half,B,13,65.000000
flood__a_minimum__b_half,flood,minimum,half,B,14,65.000000
flood__a_minimum__b_half,flood,minimum,half,B,15,65.000000
flood__a_minimum__b_half,flood,minimum,half,B,16,65.000000
flood__a_minimum__b_half,flood,minimum,half,B,17,65.000000
flood__a_minimum__b_half,flood,minimum,half,B,18,65.000000
flood__a_minimum__b_half,flood,minimum,half,B,19,65.000000
flood__a_minimum__b_half,flood,minimum,half,B,20,65.000000
flood__a_minimum__b_half,flood,minimum,half,B,21,65.000000
flood__a_minimum__b_half,flood,minimum,half,B,22,65.000000
flood__a_minimum__b_half,flood,minimum,half,B,23,65.000000
flood__a_minimum__b_three_quarters,flood,minimum,three_quarters,A,0,45.000000
flood__a_minimum__b_three_quarters,flood,minimum,three_quarters,A,1,45.000000
flood__a_minimum__b_three_quarters,flood,minimum,three_quarters,A,2,45.000000
flood__a_minimum__b_three_quarters,flood,minimum,three_quarters,A,3,45.000000
flood__a_minimum__b_three_quarters,flood,minimum,three_quarters,A,4,45.000000
flood__a_minimum__b_three_quarters,flood,minimum,three_quarters,A,5,45.000000
flood__a_minimum__b_three_quarters,flood,minimum,three_quarters,A,6,45.000000
flood__a_minimum__b_three_quarters,flood,minimum,three_quarters,A,7,45.000000
flood__a_minimum__b_three_quarters,flood,minimum,three_quarters,A,8,45.000000
flood__a_minimum__b_three_quarters,flood,minimum,three_quarters,A,9,45.000000
flood__a_minimum__b_three_quarters,flood,minimum,three_quarters,A,10,45.000000
flood__a_minimum__b_three_quarters,flood,minimum,three_quarters,A,11,45.000000
flood__a_minimum__b_three_quarters,flood,minimum,three_quarters,A,12,45.000000
flood__a_minimum__b_three_quarters,flood,minimum,three_quarters,A,13,45.000000
flood__a_minimum__b_three_quarters,flood,minimum,three_quarters,A,14,45.000000
flood__a_minimum__b_three_quarters,flood,minimum,three_quarters,A,15,45.000000
flood__a_minimum__b_three_quarters,flood,minimum,three_quarters,A,16,45.000000
flood__a_minimum__b_three_quarters,flood,minimum,three_quarters,A,17,45.000000
flood__a_minimum__b_three_quarters,flood,minimum,three_quarters,A,18,45.000000
flood__a_minimum__b_three_quarters,flood,minimum,three_quarters,A,19,45.000000
flood__a_minimum__b_three_quarters,flood,minimum,three_quarters,A,20,45.000000
flood__a_minimum__b_three_quarters,flood,minimum,three_quarters,A,21,45.000000
flood__a_minimum__b_three_quarters,flood,minimum,three_quarters,A,22,45.000000
flood__a_minimum__b_three_quarters,flood,minimum,three_quarters,A,23,45.000000
flood__a_minimum__b_three_quarters,flood,minimum,three_quarters,B,0,81.500000
flood__a_minimum__b_three_quarters,flood,minimum,three_quarters,B,1,81.500000
flood__a_minimum__b_three_quarters,flood,minimum,three_quarters,B,2,81.500000
flood__a_minimum__b_three_quarters,flood,minimum,three_quarters,B,3,81.500000
flood__a_minimum__b_three_quarters,flood,minimum,three_quarters,B,4,81.500000
flood__a_minimum__b_three_quarters,flood,minimum,three_quarters,B,5,81.500000
flood__a_minimum__b_three_quarters,flood,minimum,three_quarters,B,6,81.500000
flood__a_minimum__b_three_quarters,flood,minimum,three_quarters,B,7,81.500000
flood__a_minimum__b_three_quarters,flood,minimum,three_quarters,B,8,81.500000
flood__a_minimum__b_three_quarters,flood,minimum,three_quarters,B,9,81.500000
flood__a_minimum__b_three_quarters,flood,minimum,three_quarters,B,10,81.500000
flood__a_minimum__b_three_quarters,flood,minimum,three_quarters,B,11,81.500000
flood__a_minimum__b_three_quarters,flood,minimum,three_quarters,B,12,81.500000
flood__a_minimum__b_three_quarters,flood,minimum,three_quarters,B,13,81.500000
flood__a_minimum__b_three_quarters,flood,minimum,three_quarters,B,14,81.500000
flood__a_minimum__b_three_quarters,flood,minimum,three_quarters,B,15,81.500000
flood__a_minimum__b_three_quarters,flood,minimum,three_quarters,B,16,81.500000
flood__a_minimum__b_three_quarters,flood,minimum,three_quarters,B,17,81.500000
flood__a_minimum__b_three_quarters,flood,minimum,three_quarters,B,18,81.500000
flood__a_minimum__b_three_quarters,flood,minimum,three_quarters,B,19,81.500000
flood__a_minimum__b_three_quarters,flood,minimum,three_quarters,B,20,81.500000
flood__a_minimum__b_three_quarters,flood,minimum,three_quarters,B,21,81.500000
flood__a_minimum__b_three_quarters,flood,minimum,three_quarters,B,22,81.500000
flood__a_minimum__b_three_quarters,flood,minimum,three_quarters,B,23,81.500000
flood__a_minimum__b_maximum,flood,minimum,maximum,A,0,45.000000
flood__a_minimum__b_maximum,flood,minimum,maximum,A,1,45.000000
flood__a_minimum__b_maximum,flood,minimum,maximum,A,2,45.000000
flood__a_minimum__b_maximum,flood,minimum,maximum,A,3,45.000000
flood__a_minimum__b_maximum,flood,minimum,maximum,A,4,45.000000
flood__a_minimum__b_maximum,flood,minimum,maximum,A,5,45.000000
flood__a_minimum__b_maximum,flood,minimum,maximum,A,6,45.000000
flood__a_minimum__b_maximum,flood,minimum,maximum,A,7,45.000000
flood__a_minimum__b_maximum,flood,minimum,maximum,A,8,45.000000
flood__a_minimum__b_maximum,flood,minimum,maximum,A,9,45.000000
flood__a_minimum__b_maximum,flood,minimum,maximum,A,10,45.000000
flood__a_minimum__b_maximum,flood,minimum,maximum,A,11,45.000000
flood__a_minimum__b_maximum,flood,minimum,maximum,A,12,45.000000
flood__a_minimum__b_maximum,flood,minimum,maximum,A,13,45.000000
flood__a_minimum__b_maximum,flood,minimum,maximum,A,14,45.000000
flood__a_minimum__b_maximum,flood,minimum,maximum,A,15,45.000000
flood__a_minimum__b_maximum,flood,minimum,maximum,A,16,45.000000
flood__a_minimum__b_maximum,flood,minimum,maximum,A,17,45.000000
flood__a_minimum__b_maximum,flood,minimum,maximum,A,18,45.000000
flood__a_minimum__b_maximum,flood,minimum,maximum,A,19,45.000000
flood__a_minimum__b_maximum,flood,minimum,maximum,A,20,45.000000
flood__a_minimum__b_maximum,flood,minimum,maximum,A,21,45.000000
flood__a_minimum__b_maximum,flood,minimum,maximum,A,22,45.000000
flood__a_minimum__b_maximum,flood,minimum,maximum,A,23,45.000000
flood__a_minimum__b_maximum,flood,minimum,maximum,B,0,98.000000
flood__a_minimum__b_maximum,flood,minimum,maximum,B,1,98.000000
flood__a_minimum__b_maximum,flood,minimum,maximum,B,2,98.000000
flood__a_minimum__b_maximum,flood,minimum,maximum,B,3,98.000000
flood__a_minimum__b_maximum,flood,minimum,maximum,B,4,98.000000
flood__a_minimum__b_maximum,flood,minimum,maximum,B,5,98.000000
flood__a_minimum__b_maximum,flood,minimum,maximum,B,6,98.000000
flood__a_minimum__b_maximum,flood,minimum,maximum,B,7,98.000000
flood__a_minimum__b_maximum,flood,minimum,maximum,B,8,98.000000
flood__a_minimum__b_maximum,flood,minimum,maximum,B,9,98.000000
flood__a_minimum__b_maximum,flood,minimum,maximum,B,10,98.000000
flood__a_minimum__b_maximum,flood,minimum,maximum,B,11,98.000000
flood__a_minimum__b_maximum,flood,minimum,maximum,B,12,98.000000
flood__a_minimum__b_maximum,flood,minimum,maximum,B,13,98.000000
flood__a_minimum__b_maximum,flood,minimum,maximum,B,14,98.000000
flood__a_minimum__b_maximum,flood,minimum,maximum,B,15,98.000000
flood__a_minimum__b_maximum,flood,minimum,maximum,B,16,98.000000
flood__a_minimum__b_maximum,flood,minimum,maximum,B,17,98.000000
flood__a_minimum__b_maximum,flood,minimum,maximum,B,18,98.000000
flood__a_minimum__b_maximum,flood,minimum,maximum,B,19,98.000000
flood__a_minimum__b_maximum,flood,minimum,maximum,B,20,98.000000
flood__a_minimum__b_maximum,flood,minimum,maximum,B,21,98.000000
flood__a_minimum__b_maximum,flood,minimum,maximum,B,22,98.000000
flood__a_minimum__b_maximum,flood,minimum,maximum,B,23,98.000000
flood__a_quarter__b_off,flood,quarter,off,A,0,65.750000
flood__a_quarter__b_off,flood,quarter,off,A,1,65.750000
flood__a_quarter__b_off,flood,quarter,off,A,2,65.750000
flood__a_quarter__b_off,flood,quarter,off,A,3,65.750000
flood__a_quarter__b_off,flood,quarter,off,A,4,65.750000
flood__a_quarter__b_off,flood,quarter,off,A,5,65.750000
flood__a_quarter__b_off,flood,quarter,off,A,6,65.750000
flood__a_quarter__b_off,flood,quarter,off,A,7,65.750000
flood__a_quarter__b_off,flood,quarter,off,A,8,65.750000
flood__a_quarter__b_off,flood,quarter,off,A,9,65.750000
flood__a_quarter__b_off,flood,quarter,off,A,10,65.750000
flood__a_quarter__b_off,flood,quarter,off,A,11,65.750000
flood__a_quarter__b_off,flood,quarter,off,A,12,65.750000
flood__a_quarter__b_off,flood,quarter,off,A,13,65.750000
flood__a_quarter__b_off,flood,quarter,off,A,14,65.750000
flood__a_quarter__b_off,flood,quarter,off,A,15,65.750000
flood__a_quarter__b_off,flood,quarter,off,A,16,65.750000
flood__a_quarter__b_off,flood,quarter,off,A,17,65.750000
flood__a_quarter__b_off,flood,quarter,off,A,18,65.750000
flood__a_quarter__b_off,flood,quarter,off,A,19,65.750000
flood__a_quarter__b_off,flood,quarter,off,A,20,65.750000
flood__a_quarter__b_off,flood,quarter,off,A,21,65.750000
flood__a_quarter__b_off,flood,quarter,off,A,22,65.750000
flood__a_quarter__b_off,flood,quarter,off,A,23,65.750000
flood__a_quarter__b_off,flood,quarter,off,B,0,0.000000
flood__a_quarter__b_off,flood,quarter,off,B,1,0.000000
flood__a_quarter__b_off,flood,quarter,off,B,2,0.000000
flood__a_quarter__b_off,flood,quarter,off,B,3,0.000000
flood__a_quarter__b_off,flood,quarter,off,B,4,0.000000
flood__a_quarter__b_off,flood,quarter,off,B,5,0.000000
flood__a_quarter__b_off,flood,quarter,off,B,6,0.000000
flood__a_quarter__b_off,flood,quarter,off,B,7,0.000000
flood__a_quarter__b_off,flood,quarter,off,B,8,0.000000
flood__a_quarter__b_off,flood,quarter,off,B,9,0.000000
flood__a_quarter__b_off,flood,quarter,off,B,10,0.000000
flood__a_quarter__b_off,flood,quarter,off,B,11,0.000000
flood__a_quarter__b_off,flood,quarter,off,B,12,0.000000
flood__a_quarter__b_off,flood,quarter,off,B,13,0.000000
flood__a_quarter__b_off,flood,quarter,off,B,14,0.000000
flood__a_quarter__b_off,flood,quarter,off,B,15,0.000000
flood__a_quarter__b_off,flood,quarter,off,B,16,0.000000
flood__a_quarter__b_off,flood,quarter,off,B,17,0.000000
flood__a_quarter__b_off,flood,quarter,off,B,18,0.000000
flood__a_quarter__b_off,flood,quarter,off,B,19,0.000000
flood__a_quarter__b_off,flood,quarter,off,B,20,0.000000
flood__a_quarter__b_off,flood,quarter,off,B,21,0.000000
flood__a_quarter__b_off,flood,quarter,off,B,22,0.000000
flood__a_quarter__b_off,flood,quarter,off,B,23,0.000000
flood__a_quarter__b_minimum,flood,quarter,minimum,A,0,65.750000
flood__a_quarter__b_minimum,flood,quarter,minimum,A,1,65.750000
flood__a_quarter__b_minimum,flood,quarter,minimum,A,2,65.750000
flood__a_quarter__b_minimum,flood,quarter,minimum,A,3,65.750000
flood__a_quarter__b_minimum,flood,quarter,minimum,A,4,65.750000
flood__a_quarter__b_minimum,flood,quarter,minimum,A,5,65.750000
flood__a_quarter__b_minimum,flood,quarter,minimum,A,6,65.750000
flood__a_quarter__b_minimum,flood,quarter,minimum,A,7,65.750000
flood__a_quarter__b_minimum,flood,quarter,minimum,A,8,65.750000
flood__a_quarter__b_minimum,flood,quarter,minimum,A,9,65.750000
flood__a_quarter__b_minimum,flood,quarter,minimum,A,10,65.750000
flood__a_quarter__b_minimum,flood,quarter,minimum,A,11,65.750000
flood__a_quarter__b_minimum,flood,quarter,minimum,A,12,65.750000
flood__a_quarter__b_minimum,flood,quarter,minimum,A,13,65.750000
flood__a_quarter__b_minimum,flood,quarter,minimum,A,14,65.750000
flood__a_quarter__b_minimum,flood,quarter,minimum,A,15,65.750000
flood__a_quarter__b_minimum,flood,quarter,minimum,A,16,65.750000
flood__a_quarter__b_minimum,flood,quarter,minimum,A,17,65.750000
flood__a_quarter__b_minimum,flood,quarter,minimum,A,18,65.750000
flood__a_quarter__b_minimum,flood,quarter,minimum,A,19,65.750000
flood__a_quarter__b_minimum,flood,quarter,minimum,A,20,65.750000
flood__a_quarter__b_minimum,flood,quarter,minimum,A,21,65.750000
flood__a_quarter__b_minimum,flood,quarter,minimum,A,22,65.750000
flood__a_quarter__b_minimum,flood,quarter,minimum,A,23,65.750000
flood__a_quarter__b_minimum,flood,quarter,minimum,B,0,32.000000
flood__a_quarter__b_minimum,flood,quarter,minimum,B,1,32.000000
flood__a_quarter__b_minimum,flood,quarter,minimum,B,2,32.000000
flood__a_quarter__b_minimum,flood,quarter,minimum,B,3,32.000000
flood__a_quarter__b_minimum,flood,quarter,minimum,B,4,32.000000
flood__a_quarter__b_minimum,flood,quarter,minimum,B,5,32.000000
flood__a_quarter__b_minimum,flood,quarter,minimum,B,6,32.000000
flood__a_quarter__b_minimum,flood,quarter,minimum,B,7,32.000000
flood__a_quarter__b_minimum,flood,quarter,minimum,B,8,32.000000
flood__a_quarter__b_minimum,flood,quarter,minimum,B,9,32.000000
flood__a_quarter__b_minimum,flood,quarter,minimum,B,10,32.000000
flood__a_quarter__b_minimum,flood,quarter,minimum,B,11,32.000000
flood__a_quarter__b_minimum,flood,quarter,minimum,B,12,32.000000
flood__a_quarter__b_minimum,flood,quarter,minimum,B,13,32.000000
flood__a_quarter__b_minimum,flood,quarter,minimum,B,14,32.000000
flood__a_quarter__b_minimum,flood,quarter,minimum,B,15,32.000000
flood__a_quarter__b_minimum,flood,quarter,minimum,B,16,32.000000
flood__a_quarter__b_minimum,flood,quarter,minimum,B,17,32.000000
flood__a_quarter__b_minimum,flood,quarter,minimum,B,18,32.000000
flood__a_quarter__b_minimum,flood,quarter,minimum,B,19,32.000000
flood__a_quarter__b_minimum,flood,quarter,minimum,B,20,32.000000
flood__a_quarter__b_minimum,flood,quarter,minimum,B,21,32.000000
flood__a_quarter__b_minimum,flood,quarter,minimum,B,22,32.000000
flood__a_quarter__b_minimum,flood,quarter,minimum,B,23,32.000000
flood__a_quarter__b_quarter,flood,quarter,quarter,A,0,65.750000
flood__a_quarter__b_quarter,flood,quarter,quarter,A,1,65.750000
flood__a_quarter__b_quarter,flood,quarter,quarter,A,2,65.750000
flood__a_quarter__b_quarter,flood,quarter,quarter,A,3,65.750000
flood__a_quarter__b_quarter,flood,quarter,quarter,A,4,65.750000
flood__a_quarter__b_quarter,flood,quarter,quarter,A,5,65.750000
flood__a_quarter__b_quarter,flood,quarter,quarter,A,6,65.750000
flood__a_quarter__b_quarter,flood,quarter,quarter,A,7,65.750000
flood__a_quarter__b_quarter,flood,quarter,quarter,A,8,65.750000
flood__a_quarter__b_quarter,flood,quarter,quarter,A,9,65.750000
flood__a_quarter__b_quarter,flood,quarter,quarter,A,10,65.750000
flood__a_quarter__b_quarter,flood,quarter,quarter,A,11,65.750000
flood__a_quarter__b_quarter,flood,quarter,quarter,A,12,65.750000
flood__a_quarter__b_quarter,flood,quarter,quarter,A,13,65.750000
flood__a_quarter__b_quarter,flood,quarter,quarter,A,14,65.750000
flood__a_quarter__b_quarter,flood,quarter,quarter,A,15,65.750000
flood__a_quarter__b_quarter,flood,quarter,quarter,A,16,65.750000
flood__a_quarter__b_quarter,flood,quarter,quarter,A,17,65.750000
flood__a_quarter__b_quarter,flood,quarter,quarter,A,18,65.750000
flood__a_quarter__b_quarter,flood,quarter,quarter,A,19,65.750000
flood__a_quarter__b_quarter,flood,quarter,quarter,A,20,65.750000
flood__a_quarter__b_quarter,flood,quarter,quarter,A,21,65.750000
flood__a_quarter__b_quarter,flood,quarter,quarter,A,22,65.750000
flood__a_quarter__b_quarter,flood,quarter,quarter,A,23,65.750000
flood__a_quarter__b_quarter,flood,quarter,quarter,B,0,48.500000
flood__a_quarter__b_quarter,flood,quarter,quarter,B,1,48.500000
flood__a_quarter__b_quarter,flood,quarter,quarter,B,2,48.500000
flood__a_quarter__b_quarter,flood,quarter,quarter,B,3,48.500000
flood__a_quarter__b_quarter,flood,quarter,quarter,B,4,48.500000
flood__a_quarter__b_quarter,flood,quarter,quarter,B,5,48.500000
flood__a_quarter__b_quarter,flood,quarter,quarter,B,6,48.500000
flood__a_quarter__b_quarter,flood,quarter,quarter,B,7,48.500000
flood__a_quarter__b_quarter,flood,quarter,quarter,B,8,48.500000
flood__a_quarter__b_quarter,flood,quarter,quarter,B,9,48.500000
flood__a_quarter__b_quarter,flood,quarter,quarter,B,10,48.500000
flood__a_quarter__b_quarter,flood,quarter,quarter,B,11,48.500000
flood__a_quarter__b_quarter,flood,quarter,quarter,B,12,48.500000
flood__a_quarter__b_quarter,flood,quarter,quarter,B,13,48.500000
flood__a_quarter__b_quarter,flood,quarter,quarter,B,14,48.500000
flood__a_quarter__b_quarter,flood,quarter,quarter,B,15,48.500000
flood__a_quarter__b_quarter,flood,quarter,quarter,B,16,48.500000
flood__a_quarter__b_quarter,flood,quarter,quarter,B,17,48.500000
flood__a_quarter__b_quarter,flood,quarter,quarter,B,18,48.500000
flood__a_quarter__b_quarter,flood,quarter,quarter,B,19,48.500000
flood__a_quarter__b_quarter,flood,quarter,quarter,B,20,48.500000
flood__a_quarter__b_quarter,flood,quarter,quarter,B,21,48.500000
flood__a_quarter__b_quarter,flood,quarter,quarter,B,22,48.500000
flood__a_quarter__b_quarter,flood,quarter,quarter,B,23,48.500000
flood__a_quarter__b_half,flood,quarter,half,A,0,65.750000
flood__a_quarter__b_half,flood,quarter,half,A,1,65.750000
flood__a_quarter__b_half,flood,quarter,half,A,2,65.750000
flood__a_quarter__b_half,flood,quarter,half,A,3,65.750000
flood__a_quarter__b_half,flood,quarter,half,A,4,65.750000
flood__a_quarter__b_half,flood,quarter,half,A,5,65.750000
flood__a_quarter__b_half,flood,quarter,half,A,6,65.750000
flood__a_quarter__b_half,flood,quarter,half,A,7,65.750000
flood__a_quarter__b_half,flood,quarter,half,A,8,65.750000
flood__a_quarter__b_half,flood,quarter,half,A,9,65.750000
flood__a_quarter__b_half,flood,quarter,half,A,10,65.750000
flood__a_quarter__b_half,flood,quarter,half,A,11,65.750000
flood__a_quarter__b_half,flood,quarter,half,A,12,65.750000
flood__a_quarter__b_half,flood,quarter,half,A,13,65.750000
flood__a_quarter__b_half,flood,quarter,half,A,14,65.750000
flood__a_quarter__b_half,flood,quarter,half,A,15,65.750000
flood__a_quarter__b_half,flood,quarter,half,A,16,65.750000
flood__a_quarter__b_half,flood,quarter,half,A,17,65.750000
flood__a_quarter__b_half,flood,quarter,half,A,18,65.750000
flood__a_quarter__b_half,flood,quarter,half,A,19,65.750000
flood__a_quarter__b_half,flood,quarter,half,A,20,65.750000
flood__a_quarter__b_half,flood,quarter,half,A,21,65.750000
flood__a_quarter__b_half,flood,quarter,half,A,22,65.750000
flood__a_quarter__b_half,flood,quarter,half,A,23,65.750000
flood__a_quarter__b_half,flood,quarter,half,B,0,65.000000
flood__a_quarter__b_half,flood,quarter,half,B,1,65.000000
flood__a_quarter__b_half,flood,quarter,half,B,2,65.000000
flood__a_quarter__b_half,flood,quarter,half,B,3,65.000000
flood__a_quarter__b_half,flood,quarter,half,B,4,65.000000
flood__a_quarter__b_half,flood,quarter,half,B,5,65.000000
flood__a_quarter__b_half,flood,quarter,half,B,6,65.000000
flood__a_quarter__b_half,flood,quarter,half,B,7,65.000000
flood__a_quarter__b_half,flood,quarter,half,B,8,65.000000
flood__a_quarter__b_half,flood,quarter,half,B,9,65.000000
flood__a_quarter__b_half,flood,quarter,half,B,10,65.000000
flood__a_quarter__b_half,flood,quarter,half,B,11,65.000000
flood__a_quarter__b_half,flood,quarter,half,B,12,65.000000
flood__a_quarter__b_half,flood,quarter,half,B,13,65.000000
flood__a_quarter__b_half,flood,quarter,half,B,14,65.000000
flood__a_quarter__b_half,flood,quarter,half,B,15,65.000000
flood__a_quarter__b_half,flood,quarter,half,B,16,65.000000
flood__a_quarter__b_half,flood,quarter,half,B,17,65.000000
flood__a_quarter__b_half,flood,quarter,half,B,18,65.000000
flood__a_quarter__b_half,flood,quarter,half,B,19,65.000000
flood__a_quarter__b_half,flood,quarter,half,B,20,65.000000
flood__a_quarter__b_half,flood,quarter,half,B,21,65.000000
flood__a_quarter__b_half,flood,quarter,half,B,22,65.000000
flood__a_quarter__b_half,flood,quarter,half,B,23,65.000000
flood__a_quarter__b_three_quarters,flood,quarter,three_quarters,A,0,65.750000
flood__a_quarter__b_three_quarters,flood,quarter,three_quarters,A,1,65.750000
flood__a_quarter__b_three_quarters,flood,quarter,three_quarters,A,2,65.750000
flood__a_quarter__b_three_quarters,flood,quarter,three_quarters,A,3,65.750000
flood__a_quarter__b_three_quarters,flood,quarter,three_quarters,A,4,65.750000
flood__a_quarter__b_three_quarters,flood,quarter,three_quarters,A,5,65.750000
flood__a_quarter__b_three_quarters,flood,quarter,three_quarters,A,6,65.750000
flood__a_quarter__b_three_quarters,flood,quarter,three_quarters,A,7,65.750000
flood__a_quarter__b_three_quarters,flood,quarter,three_quarters,A,8,65.750000
flood__a_quarter__b_three_quarters,flood,quarter,three_quarters,A,9,65.750000
flood__a_quarter__b_three_quarters,flood,quarter,three_quarters,A,10,65.750000
flood__a_quarter__b_three_quarters,flood,quarter,three_quarters,A,11,65.750000
flood__a_quarter__b_three_quarters,flood,quarter,three_quarters,A,12,65.750000
flood__a_quarter__b_three_quarters,flood,quarter,three_quarters,A,13,65.750000
flood__a_quarter__b_three_quarters,flood,quarter,three_quarters,A,14,65.750000
flood__a_quarter__b_three_quarters,flood,quarter,three_quarters,A,15,65.750000
flood__a_quarter__b_three_quarters,flood,quarter,three_quarters,A,16,65.750000
flood__a_quarter__b_three_quarters,flood,quarter,three_quarters,A,17,65.750000
flood__a_quarter__b_three_quarters,flood,quarter,three_quarters,A,18,65.750000
flood__a_quarter__b_three_quarters,flood,quarter,three_quarters,A,19,65.750000
flood__a_quarter__b_three_quarters,flood,quarter,three_quarters,A,20,65.750000
flood__a_quarter__b_three_quarters,flood,quarter,three_quarters,A,21,65.750000
flood__a_quarter__b_three_quarters,flood,quarter,three_quarters,A,22,65.750000
flood__a_quarter__b_three_quarters,flood,quarter,three_quarters,A,23,65.750000
flood__a_quarter__b_three_quarters,flood,quarter,three_quarters,B,0,81.500000
flood__a_quarter__b_three_quarters,flood,quarter,three_quarters,B,1,81.500000
flood__a_quarter__b_three_quarters,flood,quarter,three_quarters,B,2,81.500000
flood__a_quarter__b_three_quarters,flood,quarter,three_quarters,B,3,81.500000
flood__a_quarter__b_three_quarters,flood,quarter,three_quarters,B,4,81.500000
flood__a_quarter__b_three_quarters,flood,quarter,three_quarters,B,5,81.500000
flood__a_quarter__b_three_quarters,flood,quarter,three_quarters,B,6,81.500000
flood__a_quarter__b_three_quarters,flood,quarter,three_quarters,B,7,81.500000
flood__a_quarter__b_three_quarters,flood,quarter,three_quarters,B,8,81.500000
flood__a_quarter__b_three_quarters,flood,quarter,three_quarters,B,9,81.500000
flood__a_quarter__b_three_quarters,flood,quarter,three_quarters,B,10,81.500000
flood__a_quarter__b_three_quarters,flood,quarter,three_quarters,B,11,81.500000
flood__a_quarter__b_three_quarters,flood,quarter,three_quarters,B,12,81.500000
flood__a_quarter__b_three_quarters,flood,quarter,three_quarters,B,13,81.500000
flood__a_quarter__b_three_quarters,flood,quarter,three_quarters,B,14,81.500000
flood__a_quarter__b_three_quarters,flood,quarter,three_quarters,B,15,81.500000
flood__a_quarter__b_three_quarters,flood,quarter,three_quarters,B,16,81.500000
flood__a_quarter__b_three_quarters,flood,quarter,three_quarters,B,17,81.500000
flood__a_quarter__b_three_quarters,flood,quarter,three_quarters,B,18,81.500000
flood__a_quarter__b_three_quarters,flood,quarter,three_quarters,B,19,81.500000
flood__a_quarter__b_three_quarters,flood,quarter,three_quarters,B,20,81.500000
flood__a_quarter__b_three_quarters,flood,quarter,three_quarters,B,21,81.500000
flood__a_quarter__b_three_quarters,flood,quarter,three_quarters,B,22,81.500000
flood__a_quarter__b_three_quarters,flood,quarter,three_quarters,B,23,81.500000
flood__a_quarter__b_maximum,flood,quarter,maximum,A,0,65.750000
flood__a_quarter__b_maximum,flood,quarter,maximum,A,1,65.750000
flood__a_quarter__b_maximum,flood,quarter,maximum,A,2,65.750000
flood__a_quarter__b_maximum,flood,quarter,maximum,A,3,65.750000
flood__a_quarter__b_maximum,flood,quarter,maximum,A,4,65.750000
flood__a_quarter__b_maximum,flood,quarter,maximum,A,5,65.750000
flood__a_quarter__b_maximum,flood,quarter,maximum,A,6,65.750000
flood__a_quarter__b_maximum,flood,quarter,maximum,A,7,65.750000
flood__a_quarter__b_maximum,flood,quarter,maximum,A,8,65.750000
flood__a_quarter__b_maximum,flood,quarter,maximum,A,9,65.750000
flood__a_quarter__b_maximum,flood,quarter,maximum,A,10,65.750000
flood__a_quarter__b_maximum,flood,quarter,maximum,A,11,65.750000
flood__a_quarter__b_maximum,flood,quarter,maximum,A,12,65.750000
flood__a_quarter__b_maximum,flood,quarter,maximum,A,13,65.750000
flood__a_quarter__b_maximum,flood,quarter,maximum,A,14,65.750000
flood__a_quarter__b_maximum,flood,quarter,maximum,A,15,65.750000
flood__a_quarter__b_maximum,flood,quarter,maximum,A,16,65.750000
flood__a_quarter__b_maximum,flood,quarter,maximum,A,17,65.750000
flood__a_quarter__b_maximum,flood,quarter,maximum,A,18,65.750000
flood__a_quarter__b_maximum,flood,quarter,maximum,A,19,65.750000
flood__a_quarter__b_maximum,flood,quarter,maximum,A,20,65.750000
flood__a_quarter__b_maximum,flood,quarter,maximum,A,21,65.750000
flood__a_quarter__b_maximum,flood,quarter,maximum,A,22,65.750000
flood__a_quarter__b_maximum,flood,quarter,maximum,A,23,65.750000
flood__a_quarter__b_maximum,flood,quarter,maximum,B,0,98.000000
flood__a_quarter__b_maximum,flood,quarter,maximum,B,1,98.000000
flood__a_quarter__b_maximum,flood,quarter,maximum,B,2,98.000000
flood__a_quarter__b_maximum,flood,quarter,maximum,B,3,98.000000
flood__a_quarter__b_maximum,flood,quarter,maximum,B,4,98.000000
flood__a_quarter__b_maximum,flood,quarter,maximum,B,5,98.000000
flood__a_quarter__b_maximum,flood,quarter,maximum,B,6,98.000000
flood__a_quarter__b_maximum,flood,quarter,maximum,B,7,98.000000
flood__a_quarter__b_maximum,flood,quarter,maximum,B,8,98.000000
flood__a_quarter__b_maximum,flood,quarter,maximum,B,9,98.000000
flood__a_quarter__b_maximum,flood,quarter,maximum,B,10,98.000000
flood__a_quarter__b_maximum,flood,quarter,maximum,B,11,98.000000
flood__a_quarter__b_maximum,flood,quarter,maximum,B,12,98.000000
flood__a_quarter__b_maximum,flood,quarter,maximum,B,13,98.000000
flood__a_quarter__b_maximum,flood,quarter,maximum,B,14,98.000000
flood__a_quarter__b_maximum,flood,quarter,maximum,B,15,98.000000
flood__a_quarter__b_maximum,flood,quarter,maximum,B,16,98.000000
flood__a_quarter__b_maximum,flood,quarter,maximum,B,17,98.000000
flood__a_quarter__b_maximum,flood,quarter,maximum,B,18,98.000000
flood__a_quarter__b_maximum,flood,quarter,maximum,B,19,98.000000
flood__a_quarter__b_maximum,flood,quarter,maximum,B,20,98.000000
flood__a_quarter__b_maximum,flood,quarter,maximum,B,21,98.000000
flood__a_quarter__b_maximum,flood,quarter,maximum,B,22,98.000000
flood__a_quarter__b_maximum,flood,quarter,maximum,B,23,98.000000
flood__a_half__b_off,flood,half,off,A,0,86.500000
flood__a_half__b_off,flood,half,off,A,1,86.500000
flood__a_half__b_off,flood,half,off,A,2,86.500000
flood__a_half__b_off,flood,half,off,A,3,86.500000
flood__a_half__b_off,flood,half,off,A,4,86.500000
flood__a_half__b_off,flood,half,off,A,5,86.500000
flood__a_half__b_off,flood,half,off,A,6,86.500000
flood__a_half__b_off,flood,half,off,A,7,86.500000
flood__a_half__b_off,flood,half,off,A,8,86.500000
flood__a_half__b_off,flood,half,off,A,9,86.500000
flood__a_half__b_off,flood,half,off,A,10,86.500000
flood__a_half__b_off,flood,half,off,A,11,86.500000
flood__a_half__b_off,flood,half,off,A,12,86.500000
flood__a_half__b_off,flood,half,off,A,13,86.500000
flood__a_half__b_off,flood,half,off,A,14,86.500000
flood__a_half__b_off,flood,half,off,A,15,86.500000
flood__a_half__b_off,flood,half,off,A,16,86.500000
flood__a_half__b_off,flood,half,off,A,17,86.500000
flood__a_half__b_off,flood,half,off,A,18,86.500000
flood__a_half__b_off,flood,half,off,A,19,86.500000
flood__a_half__b_off,flood,half,off,A,20,86.500000
flood__a_half__b_off,flood,half,off,A,21,86.500000
flood__a_half__b_off,flood,half,off,A,22,86.500000
flood__a_half__b_off,flood,half,off,A,23,86.500000
flood__a_half__b_off,flood,half,off,B,0,0.000000
flood__a_half__b_off,flood,half,off,B,1,0.000000
flood__a_half__b_off,flood,half,off,B,2,0.000000
flood__a_half__b_off,flood,half,off,B,3,0.000000
flood__a_half__b_off,flood,half,off,B,4,0.000000
flood__a_half__b_off,flood,half,off,B,5,0.000000
flood__a_half__b_off,flood,half,off,B,6,0.000000
flood__a_half__b_off,flood,half,off,B,7,0.000000
flood__a_half__b_off,flood,half,off,B,8,0.000000
flood__a_half__b_off,flood,half,off,B,9,0.000000
flood__a_half__b_off,flood,half,off,B,10,0.000000
flood__a_half__b_off,flood,half,off,B,11,0.000000
flood__a_half__b_off,flood,half,off,B,12,0.000000
flood__a_half__b_off,flood,half,off,B,13,0.000000
flood__a_half__b_off,flood,half,off,B,14,0.000000
flood__a_half__b_off,flood,half,off,B,15,0.000000
flood__a_half__b_off,flood,half,off,B,16,0.000000
flood__a_half__b_off,flood,half,off,B,17,0.000000
flood__a_half__b_off,flood,half,off,B,18,0.000000
flood__a_half__b_off,flood,half,off,B,19,0.000000
flood__a_half__b_off,flood,half,off,B,20,0.000000
flood__a_half__b_off,flood,half,off,B,21,0.000000
flood__a_half__b_off,flood,half,off,B,22,0.000000
flood__a_half__b_off,flood,half,off,B,23,0.000000
flood__a_half__b_minimum,flood,half,minimum,A,0,86.500000
flood__a_half__b_minimum,flood,half,minimum,A,1,86.500000
flood__a_half__b_minimum,flood,half,minimum,A,2,86.500000
flood__a_half__b_minimum,flood,half,minimum,A,3,86.500000
flood__a_half__b_minimum,flood,half,minimum,A,4,86.500000
flood__a_half__b_minimum,flood,half,minimum,A,5,86.500000
flood__a_half__b_minimum,flood,half,minimum,A,6,86.500000
flood__a_half__b_minimum,flood,half,minimum,A,7,86.500000
flood__a_half__b_minimum,flood,half,minimum,A,8,86.500000
flood__a_half__b_minimum,flood,half,minimum,A,9,86.500000
flood__a_half__b_minimum,flood,half,minimum,A,10,86.500000
flood__a_half__b_minimum,flood,half,minimum,A,11,86.500000
flood__a_half__b_minimum,flood,half,minimum,A,12,86.500000
flood__a_half__b_minimum,flood,half,minimum,A,13,86.500000
flood__a_half__b_minimum,flood,half,minimum,A,14,86.500000
flood__a_half__b_minimum,flood,half,minimum,A,15,86.500000
flood__a_half__b_minimum,flood,half,minimum,A,16,86.500000
flood__a_half__b_minimum,flood,half,minimum,A,17,86.500000
flood__a_half__b_minimum,flood,half,minimum,A,18,86.500000
flood__a_half__b_minimum,flood,half,minimum,A,19,86.500000
flood__a_half__b_minimum,flood,half,minimum,A,20,86.500000
flood__a_half__b_minimum,flood,half,minimum,A,21,86.500000
flood__a_half__b_minimum,flood,half,minimum,A,22,86.500000
flood__a_half__b_minimum,flood,half,minimum,A,23,86.500000
flood__a_half__b_minimum,flood,half,minimum,B,0,32.000000
flood__a_half__b_minimum,flood,half,minimum,B,1,32.000000
flood__a_half__b_minimum,flood,half,minimum,B,2,32.000000
flood__a_half__b_minimum,flood,half,minimum,B,3,32.000000
flood__a_half__b_minimum,flood,half,minimum,B,4,32.000000
flood__a_half__b_minimum,flood,half,minimum,B,5,32.000000
flood__a_half__b_minimum,flood,half,minimum,B,6,32.000000
flood__a_half__b_minimum,flood,half,minimum,B,7,32.000000
flood__a_half__b_minimum,flood,half,minimum,B,8,32.000000
flood__a_half__b_minimum,flood,half,minimum,B,9,32.000000
flood__a_half__b_minimum,flood,half,minimum,B,10,32.000000
flood__a_half__b_minimum,flood,half,minimum,B,11,32.000000
flood__a_half__b_minimum,flood,half,minimum,B,12,32.000000
flood__a_half__b_minimum,flood,half,minimum,B,13,32.000000
flood__a_half__b_minimum,flood,half,minimum,B,14,32.000000
flood__a_half__b_minimum,flood,half,minimum,B,15,32.000000
flood__a_half__b_minimum,flood,half,minimum,B,16,32.000000
flood__a_half__b_minimum,flood,half,minimum,B,17,32.000000
flood__a_half__b_minimum,flood,half,minimum,B,18,32.000000
flood__a_half__b_minimum,flood,half,minimum,B,19,32.000000
flood__a_half__b_minimum,flood,half,minimum,B,20,32.000000
flood__a_half__b_minimum,flood,half,minimum,B,21,32.000000
flood__a_half__b_minimum,flood,half,minimum,B,22,32.000000
flood__a_half__b_minimum,flood,half,minimum,B,23,32.000000
flood__a_half__b_quarter,flood,half,quarter,A,0,86.500000
flood__a_half__b_quarter,flood,half,quarter,A,1,86.500000
flood__a_half__b_quarter,flood,half,quarter,A,2,86.500000
flood__a_half__b_quarter,flood,half,quarter,A,3,86.500000
flood__a_half__b_quarter,flood,half,quarter,A,4,86.500000
flood__a_half__b_quarter,flood,half,quarter,A,5,86.500000
flood__a_half__b_quarter,flood,half,quarter,A,6,86.500000
flood__a_half__b_quarter,flood,half,quarter,A,7,86.500000
flood__a_half__b_quarter,flood,half,quarter,A,8,86.500000
flood__a_half__b_quarter,flood,half,quarter,A,9,86.500000
flood__a_half__b_quarter,flood,half,quarter,A,10,86.500000
flood__a_half__b_quarter,flood,half,quarter,A,11,86.500000
flood__a_half__b_quarter,flood,half,quarter,A,12,86.500000
flood__a_half__b_quarter,flood,half,quarter,A,13,86.500000
flood__a_half__b_quarter,flood,half,quarter,A,14,86.500000
flood__a_half__b_quarter,flood,half,quarter,A,15,86.500000
flood__a_half__b_quarter,flood,half,quarter,A,16,86.500000
flood__a_half__b_quarter,flood,half,quarter,A,17,86.500000
flood__a_half__b_quarter,flood,half,quarter,A,18,86.500000
flood__a_half__b_quarter,flood,half,quarter,A,19,86.500000
flood__a_half__b_quarter,flood,half,quarter,A,20,86.500000
flood__a_half__b_quarter,flood,half,quarter,A,21,86.500000
flood__a_half__b_quarter,flood,half,quarter,A,22,86.500000
flood__a_half__b_quarter,flood,half,quarter,A,23,86.500000
flood__a_half__b_quarter,flood,half,quarter,B,0,48.500000
flood__a_half__b_quarter,flood,half,quarter,B,1,48.500000
flood__a_half__b_quarter,flood,half,quarter,B,2,48.500000
flood__a_half__b_quarter,flood,half,quarter,B,3,48.500000
flood__a_half__b_quarter,flood,half,quarter,B,4,48.500000
flood__a_half__b_quarter,flood,half,quarter,B,5,48.500000
flood__a_half__b_quarter,flood,half,quarter,B,6,48.500000
flood__a_half__b_quarter,flood,half,quarter,B,7,48.500000
flood__a_half__b_quarter,flood,half,quarter,B,8,48.500000
flood__a_half__b_quarter,flood,half,quarter,B,9,48.500000
flood__a_half__b_quarter,flood,half,quarter,B,10,48.500000
flood__a_half__b_quarter,flood,half,quarter,B,11,48.500000
flood__a_half__b_quarter,flood,half,quarter,B,12,48.500000
flood__a_half__b_quarter,flood,half,quarter,B,13,48.500000
flood__a_half__b_quarter,flood,half,quarter,B,14,48.500000
flood__a_half__b_quarter,flood,half,quarter,B,15,48.500000
flood__a_half__b_quarter,flood,half,quarter,B,16,48.500000
flood__a_half__b_quarter,flood,half,quarter,B,17,48.500000
flood__a_half__b_quarter,flood,half,quarter,B,18,48.500000
flood__a_half__b_quarter,flood,half,quarter,B,19,48.500000
flood__a_half__b_quarter,flood,half,quarter,B,20,48.500000
flood__a_half__b_quarter,flood,half,quarter,B,21,48.500000
flood__a_half__b_quarter,flood,half,quarter,B,22,48.500000
flood__a_half__b_quarter,flood,half,quarter,B,23,48.500000
flood__a_half__b_half,flood,half,half,A,0,86.500000
flood__a_half__b_half,flood,half,half,A,1,86.500000
flood__a_half__b_half,flood,half,half,A,2,86.500000
flood__a_half__b_half,flood,half,half,A,3,86.500000
flood__a_half__b_half,flood,half,half,A,4,86.500000
flood__a_half__b_half,flood,half,half,A,5,86.500000
flood__a_half__b_half,flood,half,half,A,6,86.500000
flood__a_half__b_half,flood,half,half,A,7,86.500000
flood__a_half__b_half,flood,half,half,A,8,86.500000
flood__a_half__b_half,flood,half,half,A,9,86.500000
flood__a_half__b_half,flood,half,half,A,10,86.500000
flood__a_half__b_half,flood,half,half,A,11,86.500000
flood__a_half__b_half,flood,half,half,A,12,86.500000
flood__a_half__b_half,flood,half,half,A,13,86.500000
flood__a_half__b_half,flood,half,half,A,14,86.500000
flood__a_half__b_half,flood,half,half,A,15,86.500000
flood__a_half__b_half,flood,half,half,A,16,86.500000
flood__a_half__b_half,flood,half,half,A,17,86.500000
flood__a_half__b_half,flood,half,half,A,18,86.500000
flood__a_half__b_half,flood,half,half,A,19,86.500000
flood__a_half__b_half,flood,half,half,A,20,86.500000
flood__a_half__b_half,flood,half,half,A,21,86.500000
flood__a_half__b_half,flood,half,half,A,22,86.500000
flood__a_half__b_half,flood,half,half,A,23,86.500000
flood__a_half__b_half,flood,half,half,B,0,65.000000
flood__a_half__b_half,flood,half,half,B,1,65.000000
flood__a_half__b_half,flood,half,half,B,2,65.000000
flood__a_half__b_half,flood,half,half,B,3,65.000000
flood__a_half__b_half,flood,half,half,B,4,65.000000
flood__a_half__b_half,flood,half,half,B,5,65.000000
flood__a_half__b_half,flood,half,half,B,6,65.000000
flood__a_half__b_half,flood,half,half,B,7,65.000000
flood__a_half__b_half,flood,half,half,B,8,65.000000
flood__a_half__b_half,flood,half,half,B,9,65.000000
flood__a_half__b_half,flood,half,half,B,10,65.000000
flood__a_half__b_half,flood,half,half,B,11,65.000000
flood__a_half__b_half,flood,half,half,B,12,65.000000
flood__a_half__b_half,flood,half,half,B,13,65.000000
flood__a_half__b_half,flood,half,half,B,14,65.000000
flood__a_half__b_half,flood,half,half,B,15,65.000000
flood__a_half__b_half,flood,half,half,B,16,65.000000
flood__a_half__b_half,flood,half,half,B,17,65.000000
flood__a_half__b_half,flood,half,half,B,18,65.000000
flood__a_half__b_half,flood,half,half,B,19,65.000000
flood__a_half__b_half,flood,half,half,B,20,65.000000
flood__a_half__b_half,flood,half,half,B,21,65.000000
flood__a_half__b_half,flood,half,half,B,22,65.000000
flood__a_half__b_half,flood,half,half,B,23,65.000000
flood__a_half__b_three_quarters,flood,half,three_quarters,A,0,86.500000
flood__a_half__b_three_quarters,flood,half,three_quarters,A,1,86.500000
flood__a_half__b_three_quarters,flood,half,three_quarters,A,2,86.500000
flood__a_half__b_three_quarters,flood,half,three_quarters,A,3,86.500000
flood__a_half__b_three_quarters,flood,half,three_quarters,A,4,86.500000
flood__a_half__b_three_quarters,flood,half,three_quarters,A,5,86.500000
flood__a_half__b_three_quarters,flood,half,three_quarters,A,6,86.500000
flood__a_half__b_three_quarters,flood,half,three_quarters,A,7,86.500000
flood__a_half__b_three_quarters,flood,half,three_quarters,A,8,86.500000
flood__a_half__b_three_quarters,flood,half,three_quarters,A,9,86.500000
flood__a_half__b_three_quarters,flood,half,three_quarters,A,10,86.500000
flood__a_half__b_three_quarters,flood,half,three_quarters,A,11,86.500000
flood__a_half__b_three_quarters,flood,half,three_quarters,A,12,86.500000
flood__a_half__b_three_quarters,flood,half,three_quarters,A,13,86.500000
flood__a_half__b_three_quarters,flood,half,three_quarters,A,14,86.500000
flood__a_half__b_three_quarters,flood,half,three_quarters,A,15,86.500000
flood__a_half__b_three_quarters,flood,half,three_quarters,A,16,86.500000
flood__a_half__b_three_quarters,flood,half,three_quarters,A,17,86.500000
flood__a_half__b_three_quarters,flood,half,three_quarters,A,18,86.500000
flood__a_half__b_three_quarters,flood,half,three_quarters,A,19,86.500000
flood__a_half__b_three_quarters,flood,half,three_quarters,A,20,86.500000
flood__a_half__b_three_quarters,flood,half,three_quarters,A,21,86.500000
flood__a_half__b_three_quarters,flood,half,three_quarters,A,22,86.500000
flood__a_half__b_three_quarters,flood,half,three_quarters,A,23,86.500000
flood__a_half__b_three_quarters,flood,half,three_quarters,B,0,81.500000
flood__a_half__b_three_quarters,flood,half,three_quarters,B,1,81.500000
flood__a_half__b_three_quarters,flood,half,three_quarters,B,2,81.500000
flood__a_half__b_three_quarters,flood,half,three_quarters,B,3,81.500000
flood__a_half__b_three_quarters,flood,half,three_quarters,B,4,81.500000
flood__a_half__b_three_quarters,flood,half,three_quarters,B,5,81.500000
flood__a_half__b_three_quarters,flood,half,three_quarters,B,6,81.500000
flood__a_half__b_three_quarters,flood,half,three_quarters,B,7,81.500000
flood__a_half__b_three_quarters,flood,half,three_quarters,B,8,81.500000
flood__a_half__b_three_quarters,flood,half,three_quarters,B,9,81.500000
flood__a_half__b_three_quarters,flood,half,three_quarters,B,10,81.500000
flood__a_half__b_three_quarters,flood,half,three_quarters,B,11,81.500000
flood__a_half__b_three_quarters,flood,half,three_quarters,B,12,81.500000
flood__a_half__b_three_quarters,flood,half,three_quarters,B,13,81.500000
flood__a_half__b_three_quarters,flood,half,three_quarters,B,14,81.500000
flood__a_half__b_three_quarters,flood,half,three_quarters,B,15,81.500000
flood__a_half__b_three_quarters,flood,half,three_quarters,B,16,81.500000
flood__a_half__b_three_quarters,flood,half,three_quarters,B,17,81.500000
flood__a_half__b_three_quarters,flood,half,three_quarters,B,18,81.500000
flood__a_half__b_three_quarters,flood,half,three_quarters,B,19,81.500000
flood__a_half__b_three_quarters,flood,half,three_quarters,B,20,81.500000
flood__a_half__b_three_quarters,flood,half,three_quarters,B,21,81.500000
flood__a_half__b_three_quarters,flood,half,three_quarters,B,22,81.500000
flood__a_half__b_three_quarters,flood,half,three_quarters,B,23,81.500000
flood__a_half__b_maximum,flood,half,maximum,A,0,86.500000
flood__a_half__b_maximum,flood,half,maximum,A,1,86.500000
flood__a_half__b_maximum,flood,half,maximum,A,2,86.500000
flood__a_half__b_maximum,flood,half,maximum,A,3,86.500000
flood__a_half__b_maximum,flood,half,maximum,A,4,86.500000
flood__a_half__b_maximum,flood,half,maximum,A,5,86.500000
flood__a_half__b_maximum,flood,half,maximum,A,6,86.500000
flood__a_half__b_maximum,flood,half,maximum,A,7,86.500000
flood__a_half__b_maximum,flood,half,maximum,A,8,86.500000
flood__a_half__b_maximum,flood,half,maximum,A,9,86.500000
flood__a_half__b_maximum,flood,half,maximum,A,10,86.500000
flood__a_half__b_maximum,flood,half,maximum,A,11,86.500000
flood__a_half__b_maximum,flood,half,maximum,A,12,86.500000
flood__a_half__b_maximum,flood,half,maximum,A,13,86.500000
flood__a_half__b_maximum,flood,half,maximum,A,14,86.500000
flood__a_half__b_maximum,flood,half,maximum,A,15,86.500000
flood__a_half__b_maximum,flood,half,maximum,A,16,86.500000
flood__a_half__b_maximum,flood,half,maximum,A,17,86.500000
flood__a_half__b_maximum,flood,half,maximum,A,18,86.500000
flood__a_half__b_maximum,flood,half,maximum,A,19,86.500000
flood__a_half__b_maximum,flood,half,maximum,A,20,86.500000
flood__a_half__b_maximum,flood,half,maximum,A,21,86.500000
flood__a_half__b_maximum,flood,half,maximum,A,22,86.500000
flood__a_half__b_maximum,flood,half,maximum,A,23,86.500000
flood__a_half__b_maximum,flood,half,maximum,B,0,98.000000
flood__a_half__b_maximum,flood,half,maximum,B,1,98.000000
flood__a_half__b_maximum,flood,half,maximum,B,2,98.000000
flood__a_half__b_maximum,flood,half,maximum,B,3,98.000000
flood__a_half__b_maximum,flood,half,maximum,B,4,98.000000
flood__a_half__b_maximum,flood,half,maximum,B,5,98.000000
flood__a_half__b_maximum,flood,half,maximum,B,6,98.000000
flood__a_half__b_maximum,flood,half,maximum,B,7,98.000000
flood__a_half__b_maximum,flood,half,maximum,B,8,98.000000
flood__a_half__b_maximum,flood,half,maximum,B,9,98.000000
flood__a_half__b_maximum,flood,half,maximum,B,10,98.000000
flood__a_half__b_maximum,flood,half,maximum,B,11,98.000000
flood__a_half__b_maximum,flood,half,maximum,B,12,98.000000
flood__a_half__b_maximum,flood,half,maximum,B,13,98.000000
flood__a_half__b_maximum,flood,half,maximum,B,14,98.000000
flood__a_half__b_maximum,flood,half,maximum,B,15,98.000000
flood__a_half__b_maximum,flood,half,maximum,B,16,98.000000
flood__a_half__b_maximum,flood,half,maximum,B,17,98.000000
flood__a_half__b_maximum,flood,half,maximum,B,18,98.000000
flood__a_half__b_maximum,flood,half,maximum,B,19,98.000000
flood__a_half__b_maximum,flood,half,maximum,B,20,98.000000
flood__a_half__b_maximum,flood,half,maximum,B,21,98.000000
flood__a_half__b_maximum,flood,half,maximum,B,22,98.000000
flood__a_half__b_maximum,flood,half,maximum,B,23,98.000000
flood__a_three_quarters__b_off,flood,three_quarters,off,A,0,107.250000
flood__a_three_quarters__b_off,flood,three_quarters,off,A,1,107.250000
flood__a_three_quarters__b_off,flood,three_quarters,off,A,2,107.250000
flood__a_three_quarters__b_off,flood,three_quarters,off,A,3,107.250000
flood__a_three_quarters__b_off,flood,three_quarters,off,A,4,107.250000
flood__a_three_quarters__b_off,flood,three_quarters,off,A,5,107.250000
flood__a_three_quarters__b_off,flood,three_quarters,off,A,6,107.250000
flood__a_three_quarters__b_off,flood,three_quarters,off,A,7,107.250000
flood__a_three_quarters__b_off,flood,three_quarters,off,A,8,107.250000
flood__a_three_quarters__b_off,flood,three_quarters,off,A,9,107.250000
flood__a_three_quarters__b_off,flood,three_quarters,off,A,10,107.250000
flood__a_three_quarters__b_off,flood,three_quarters,off,A,11,107.250000
flood__a_three_quarters__b_off,flood,three_quarters,off,A,12,107.250000
flood__a_three_quarters__b_off,flood,three_quarters,off,A,13,107.250000
flood__a_three_quarters__b_off,flood,three_quarters,off,A,14,107.250000
flood__a_three_quarters__b_off,flood,three_quarters,off,A,15,107.250000
flood__a_three_quarters__b_off,flood,three_quarters,off,A,16,107.250000
flood__a_three_quarters__b_off,flood,three_quarters,off,A,17,107.250000
flood__a_three_quarters__b_off,flood,three_quarters,off,A,18,107.250000
flood__a_three_quarters__b_off,flood,three_quarters,off,A,19,107.250000
flood__a_three_quarters__b_off,flood,three_quarters,off,A,20,107.250000
flood__a_three_quarters__b_off,flood,three_quarters,off,A,21,107.250000
flood__a_three_quarters__b_off,flood,three_quarters,off,A,22,107.250000
flood__a_three_quarters__b_off,flood,three_quarters,off,A,23,107.250000
flood__a_three_quarters__b_off,flood,three_quarters,off,B,0,0.000000
flood__a_three_quarters__b_off,flood,three_quarters,off,B,1,0.000000
flood__a_three_quarters__b_off,flood,three_quarters,off,B,2,0.000000
flood__a_three_quarters__b_off,flood,three_quarters,off,B,3,0.000000
flood__a_three_quarters__b_off,flood,three_quarters,off,B,4,0.000000
flood__a_three_quarters__b_off,flood,three_quarters,off,B,5,0.000000
flood__a_three_quarters__b_off,flood,three_quarters,off,B,6,0.000000
flood__a_three_quarters__b_off,flood,three_quarters,off,B,7,0.000000
flood__a_three_quarters__b_off,flood,three_quarters,off,B,8,0.000000
flood__a_three_quarters__b_off,flood,three_quarters,off,B,9,0.000000
flood__a_three_quarters__b_off,flood,three_quarters,off,B,10,0.000000
flood__a_three_quarters__b_off,flood,three_quarters,off,B,11,0.000000
flood__a_three_quarters__b_off,flood,three_quarters,off,B,12,0.000000
flood__a_three_quarters__b_off,flood,three_quarters,off,B,13,0.000000
flood__a_three_quarters__b_off,flood,three_quarters,off,B,14,0.000000
flood__a_three_quarters__b_off,flood,three_quarters,off,B,15,0.000000
flood__a_three_quarters__b_off,flood,three_quarters,off,B,16,0.000000
flood__a_three_quarters__b_off,flood,three_quarters,off,B,17,0.000000
flood__a_three_quarters__b_off,flood,three_quarters,off,B,18,0.000000
flood__a_three_quarters__b_off,flood,three_quarters,off,B,19,0.000000
flood__a_three_quarters__b_off,flood,three_quarters,off,B,20,0.000000
flood__a_three_quarters__b_off,flood,three_quarters,off,B,21,0.000000
flood__a_three_quarters__b_off,flood,three_quarters,off,B,22,0.000000
flood__a_three_quarters__b_off,flood,three_quarters,off,B,23,0.000000
flood__a_three_quarters__b_minimum,flood,three_quarters,minimum,A,0,107.250000
flood__a_three_quarters__b_minimum,flood,three_quarters,minimum,A,1,107.250000
flood__a_three_quarters__b_minimum,flood,three_quarters,minimum,A,2,107.250000
flood__a_three_quarters__b_minimum,flood,three_quarters,minimum,A,3,107.250000
flood__a_three_quarters__b_minimum,flood,three_quarters,minimum,A,4,107.250000
flood__a_three_quarters__b_minimum,flood,three_quarters,minimum,A,5,107.250000
flood__a_three_quarters__b_minimum,flood,three_quarters,minimum,A,6,107.250000
flood__a_three_quarters__b_minimum,flood,three_quarters,minimum,A,7,107.250000
flood__a_three_quarters__b_minimum,flood,three_quarters,minimum,A,8,107.250000
flood__a_three_quarters__b_minimum,flood,three_quarters,minimum,A,9,107.250000
flood__a_three_quarters__b_minimum,flood,three_quarters,minimum,A,10,107.250000
flood__a_three_quarters__b_minimum,flood,three_quarters,minimum,A,11,107.250000
flood__a_three_quarters__b_minimum,flood,three_quarters,minimum,A,12,107.250000
flood__a_three_quarters__b_minimum,flood,three_quarters,minimum,A,13,107.250000
flood__a_three_quarters__b_minimum,flood,three_quarters,minimum,A,14,107.250000
flood__a_three_quarters__b_minimum,flood,three_quarters,minimum,A,15,107.250000
flood__a_three_quarters__b_minimum,flood,three_quarters,minimum,A,16,107.250000
flood__a_three_quarters__b_minimum,flood,three_quarters,minimum,A,17,107.250000
flood__a_three_quarters__b_minimum,flood,three_quarters,minimum,A,18,107.250000
flood__a_three_quarters__b_minimum,flood,three_quarters,minimum,A,19,107.250000
flood__a_three_quarters__b_minimum,flood,three_quarters,minimum,A,20,107.250000
flood__a_three_quarters__b_minimum,flood,three_quarters,minimum,A,21,107.250000
flood__a_three_quarters__b_minimum,flood,three_quarters,minimum,A,22,107.250000
flood__a_three_quarters__b_minimum,flood,three_quarters,minimum,A,23,107.250000
flood__a_three_quarters__b_minimum,flood,three_quarters,minimum,B,0,32.000000
flood__a_three_quarters__b_minimum,flood,three_quarters,minimum,B,1,32.000000
flood__a_three_quarters__b_minimum,flood,three_quarters,minimum,B,2,32.000000
flood__a_three_quarters__b_minimum,flood,three_quarters,minimum,B,3,32.000000
flood__a_three_quarters__b_minimum,flood,three_quarters,minimum,B,4,32.000000
flood__a_three_quarters__b_minimum,flood,three_quarters,minimum,B,5,32.000000
flood__a_three_quarters__b_minimum,flood,three_quarters,minimum,B,6,32.000000
flood__a_three_quarters__b_minimum,flood,three_quarters,minimum,B,7,32.000000
flood__a_three_quarters__b_minimum,flood,three_quarters,minimum,B,8,32.000000
flood__a_three_quarters__b_minimum,flood,three_quarters,minimum,B,9,32.000000
flood__a_three_quarters__b_minimum,flood,three_quarters,minimum,B,10,32.000000
flood__a_three_quarters__b_minimum,flood,three_quarters,minimum,B,11,32.000000
flood__a_three_quarters__b_minimum,flood,three_quarters,minimum,B,12,32.000000
flood__a_three_quarters__b_minimum,flood,three_quarters,minimum,B,13,32.000000
flood__a_three_quarters__b_minimum,flood,three_quarters,minimum,B,14,32.000000
flood__a_three_quarters__b_minimum,flood,three_quarters,minimum,B,15,32.000000
flood__a_three_quarters__b_minimum,flood,three_quarters,minimum,B,16,32.000000
flood__a_three_quarters__b_minimum,flood,three_quarters,minimum,B,17,32.000000
flood__a_three_quarters__b_minimum,flood,three_quarters,minimum,B,18,32.000000
flood__a_three_quarters__b_minimum,flood,three_quarters,minimum,B,19,32.000000
flood__a_three_quarters__b_minimum,flood,three_quarters,minimum,B,20,32.000000
flood__a_three_quarters__b_minimum,flood,three_quarters,minimum,B,21,32.000000
flood__a_three_quarters__b_minimum,flood,three_quarters,minimum,B,22,32.000000
flood__a_three_quarters__b_minimum,flood,three_quarters,minimum,B,23,32.000000
flood__a_three_quarters__b_quarter,flood,three_quarters,quarter,A,0,107.250000
flood__a_three_quarters__b_quarter,flood,three_quarters,quarter,A,1,107.250000
flood__a_three_quarters__b_quarter,flood,three_quarters,quarter,A,2,107.250000
flood__a_three_quarters__b_quarter,flood,three_quarters,quarter,A,3,107.250000
flood__a_three_quarters__b_quarter,flood,three_quarters,quarter,A,4,107.250000
flood__a_three_quarters__b_quarter,flood,three_quarters,quarter,A,5,107.250000
flood__a_three_quarters__b_quarter,flood,three_quarters,quarter,A,6,107.250000
flood__a_three_quarters__b_quarter,flood,three_quarters,quarter,A,7,107.250000
flood__a_three_quarters__b_quarter,flood,three_quarters,quarter,A,8,107.250000
flood__a_three_quarters__b_quarter,flood,three_quarters,quarter,A,9,107.250000
flood__a_three_quarters__b_quarter,flood,three_quarters,quarter,A,10,107.250000
flood__a_three_quarters__b_quarter,flood,three_quarters,quarter,A,11,107.250000
flood__a_three_quarters__b_quarter,flood,three_quarters,quarter,A,12,107.250000
flood__a_three_quarters__b_quarter,flood,three_quarters,quarter,A,13,107.250000
flood__a_three_quarters__b_quarter,flood,three_quarters,quarter,A,14,107.250000
flood__a_three_quarters__b_quarter,flood,three_quarters,quarter,A,15,107.250000
flood__a_three_quarters__b_quarter,flood,three_quarters,quarter,A,16,107.250000
flood__a_three_quarters__b_quarter,flood,three_quarters,quarter,A,17,107.250000
flood__a_three_quarters__b_quarter,flood,three_quarters,quarter,A,18,107.250000
flood__a_three_quarters__b_quarter,flood,three_quarters,quarter,A,19,107.250000
flood__a_three_quarters__b_quarter,flood,three_quarters,quarter,A,20,107.250000
flood__a_three_quarters__b_quarter,flood,three_quarters,quarter,A,21,107.250000
flood__a_three_quarters__b_quarter,flood,three_quarters,quarter,A,22,107.250000
flood__a_three_quarters__b_quarter,flood,three_quarters,quarter,A,23,107.250000
flood__a_three_quarters__b_quarter,flood,three_quarters,quarter,B,0,48.500000
flood__a_three_quarters__b_quarter,flood,three_quarters,quarter,B,1,48.500000
flood__a_three_quarters__b_quarter,flood,three_quarters,quarter,B,2,48.500000
flood__a_three_quarters__b_quarter,flood,three_quarters,quarter,B,3,48.500000
flood__a_three_quarters__b_quarter,flood,three_quarters,quarter,B,4,48.500000
flood__a_three_quarters__b_quarter,flood,three_quarters,quarter,B,5,48.500000
flood__a_three_quarters__b_quarter,flood,three_quarters,quarter,B,6,48.500000
flood__a_three_quarters__b_quarter,flood,three_quarters,quarter,B,7,48.500000
flood__a_three_quarters__b_quarter,flood,three_quarters,quarter,B,8,48.500000
flood__a_three_quarters__b_quarter,flood,three_quarters,quarter,B,9,48.500000
flood__a_three_quarters__b_quarter,flood,three_quarters,quarter,B,10,48.500000
flood__a_three_quarters__b_quarter,flood,three_quarters,quarter,B,11,48.500000
flood__a_three_quarters__b_quarter,flood,three_quarters,quarter,B,12,48.500000
flood__a_three_quarters__b_quarter,flood,three_quarters,quarter,B,13,48.500000
flood__a_three_quarters__b_quarter,flood,three_quarters,quarter,B,14,48.500000
flood__a_three_quarters__b_quarter,flood,three_quarters,quarter,B,15,48.500000
flood__a_three_quarters__b_quarter,flood,three_quarters,quarter,B,16,48.500000
flood__a_three_quarters__b_quarter,flood,three_quarters,quarter,B,17,48.500000
flood__a_three_quarters__b_quarter,flood,three_quarters,quarter,B,18,48.500000
flood__a_three_quarters__b_quarter,flood,three_quarters,quarter,B,19,48.500000
flood__a_three_quarters__b_quarter,flood,three_quarters,quarter,B,20,48.500000
flood__a_three_quarters__b_quarter,flood,three_quarters,quarter,B,21,48.500000
flood__a_three_quarters__b_quarter,flood,three_quarters,quarter,B,22,48.500000
flood__a_three_quarters__b_quarter,flood,three_quarters,quarter,B,23,48.500000
flood__a_three_quarters__b_half,flood,three_quarters,half,A,0,107.250000
flood__a_three_quarters__b_half,flood,three_quarters,half,A,1,107.250000
flood__a_three_quarters__b_half,flood,three_quarters,half,A,2,107.250000
flood__a_three_quarters__b_half,flood,three_quarters,half,A,3,107.250000
flood__a_three_quarters__b_half,flood,three_quarters,half,A,4,107.250000
flood__a_three_quarters__b_half,flood,three_quarters,half,A,5,107.250000
flood__a_three_quarters__b_half,flood,three_quarters,half,A,6,107.250000
flood__a_three_quarters__b_half,flood,three_quarters,half,A,7,107.250000
flood__a_three_quarters__b_half,flood,three_quarters,half,A,8,107.250000
flood__a_three_quarters__b_half,flood,three_quarters,half,A,9,107.250000
flood__a_three_quarters__b_half,flood,three_quarters,half,A,10,107.250000
flood__a_three_quarters__b_half,flood,three_quarters,half,A,11,107.250000
flood__a_three_quarters__b_half,flood,three_quarters,half,A,12,107.250000
flood__a_three_quarters__b_half,flood,three_quarters,half,A,13,107.250000
flood__a_three_quarters__b_half,flood,three_quarters,half,A,14,107.250000
flood__a_three_quarters__b_half,flood,three_quarters,half,A,15,107.250000
flood__a_three_quarters__b_half,flood,three_quarters,half,A,16,107.250000
flood__a_three_quarters__b_half,flood,three_quarters,half,A,17,107.250000
flood__a_three_quarters__b_half,flood,three_quarters,half,A,18,107.250000
flood__a_three_quarters__b_half,flood,three_quarters,half,A,19,107.250000
flood__a_three_quarters__b_half,flood,three_quarters,half,A,20,107.250000
flood__a_three_quarters__b_half,flood,three_quarters,half,A,21,107.250000
flood__a_three_quarters__b_half,flood,three_quarters,half,A,22,107.250000
flood__a_three_quarters__b_half,flood,three_quarters,half,A,23,107.250000
flood__a_three_quarters__b_half,flood,three_quarters,half,B,0,65.000000
flood__a_three_quarters__b_half,flood,three_quarters,half,B,1,65.000000
flood__a_three_quarters__b_half,flood,three_quarters,half,B,2,65.000000
flood__a_three_quarters__b_half,flood,three_quarters,half,B,3,65.000000
flood__a_three_quarters__b_half,flood,three_quarters,half,B,4,65.000000
flood__a_three_quarters__b_half,flood,three_quarters,half,B,5,65.000000
flood__a_three_quarters__b_half,flood,three_quarters,half,B,6,65.000000
flood__a_three_quarters__b_half,flood,three_quarters,half,B,7,65.000000
flood__a_three_quarters__b_half,flood,three_quarters,half,B,8,65.000000
flood__a_three_quarters__b_half,flood,three_quarters,half,B,9,65.000000
flood__a_three_quarters__b_half,flood,three_quarters,half,B,10,65.000000
flood__a_three_quarters__b_half,flood,three_quarters,half,B,11,65.000000
flood__a_three_quarters__b_half,flood,three_quarters,half,B,12,65.000000
flood__a_three_quarters__b_half,flood,three_quarters,half,B,13,65.000000
flood__a_three_quarters__b_half,flood,three_quarters,half,B,14,65.000000
flood__a_three_quarters__b_half,flood,three_quarters,half,B,15,65.000000
flood__a_three_quarters__b_half,flood,three_quarters,half,B,16,65.000000
flood__a_three_quarters__b_half,flood,three_quarters,half,B,17,65.000000
flood__a_three_quarters__b_half,flood,three_quarters,half,B,18,65.000000
flood__a_three_quarters__b_half,flood,three_quarters,half,B,19,65.000000
flood__a_three_quarters__b_half,flood,three_quarters,half,B,20,65.000000
flood__a_three_quarters__b_half,flood,three_quarters,half,B,21,65.000000
flood__a_three_quarters__b_half,flood,three_quarters,half,B,22,65.000000
flood__a_three_quarters__b_half,flood,three_quarters,half,B,23,65.000000
flood__a_three_quarters__b_three_quarters,flood,three_quarters,three_quarters,A,0,107.250000
flood__a_three_quarters__b_three_quarters,flood,three_quarters,three_quarters,A,1,107.250000
flood__a_three_quarters__b_three_quarters,flood,three_quarters,three_quarters,A,2,107.250000
flood__a_three_quarters__b_three_quarters,flood,three_quarters,three_quarters,A,3,107.250000
flood__a_three_quarters__b_three_quarters,flood,three_quarters,three_quarters,A,4,107.250000
flood__a_three_quarters__b_three_quarters,flood,three_quarters,three_quarters,A,5,107.250000
flood__a_three_quarters__b_three_quarters,flood,three_quarters,three_quarters,A,6,107.250000
flood__a_three_quarters__b_three_quarters,flood,three_quarters,three_quarters,A,7,107.250000
flood__a_three_quarters__b_three_quarters,flood,three_quarters,three_quarters,A,8,107.250000
flood__a_three_quarters__b_three_quarters,flood,three_quarters,three_quarters,A,9,107.250000
flood__a_three_quarters__b_three_quarters,flood,three_quarters,three_quarters,A,10,107.250000
flood__a_three_quarters__b_three_quarters,flood,three_quarters,three_quarters,A,11,107.250000
flood__a_three_quarters__b_three_quarters,flood,three_quarters,three_quarters,A,12,107.250000
flood__a_three_quarters__b_three_quarters,flood,three_quarters,three_quarters,A,13,107.250000
flood__a_three_quarters__b_three_quarters,flood,three_quarters,three_quarters,A,14,107.250000
flood__a_three_quarters__b_three_quarters,flood,three_quarters,three_quarters,A,15,107.250000
flood__a_three_quarters__b_three_quarters,flood,three_quarters,three_quarters,A,16,107.250000
flood__a_three_quarters__b_three_quarters,flood,three_quarters,three_quarters,A,17,107.250000
flood__a_three_quarters__b_three_quarters,flood,three_quarters,three_quarters,A,18,107.250000
flood__a_three_quarters__b_three_quarters,flood,three_quarters,three_quarters,A,19,107.250000
flood__a_three_quarters__b_three_quarters,flood,three_quarters,three_quarters,A,20,107.250000
flood__a_three_quarters__b_three_quarters,flood,three_quarters,three_quarters,A,21,107.250000
flood__a_three_quarters__b_three_quarters,flood,three_quarters,three_quarters,A,22,107.250000
flood__a_three_quarters__b_three_quarters,flood,three_quarters,three_quarters,A,23,107.250000
flood__a_three_quarters__b_three_quarters,flood,three_quarters,three_quarters,B,0,81.500000
flood__a_three_quarters__b_three_quarters,flood,three_quarters,three_quarters,B,1,81.500000
flood__a_three_quarters__b_three_quarters,flood,three_quarters,three_quarters,B,2,81.500000
flood__a_three_quarters__b_three_quarters,flood,three_quarters,three_quarters,B,3,81.500000
flood__a_three_quarters__b_three_quarters,flood,three_quarters,three_quarters,B,4,81.500000
flood__a_three_quarters__b_three_quarters,flood,three_quarters,three_quarters,B,5,81.500000
flood__a_three_quarters__b_three_quarters,flood,three_quarters,three_quarters,B,6,81.500000
flood__a_three_quarters__b_three_quarters,flood,three_quarters,three_quarters,B,7,81.500000
flood__a_three_quarters__b_three_quarters,flood,three_quarters,three_quarters,B,8,81.500000
flood__a_three_quarters__b_three_quarters,flood,three_quarters,three_quarters,B,9,81.500000
flood__a_three_quarters__b_three_quarters,flood,three_quarters,three_quarters,B,10,81.500000
flood__a_three_quarters__b_three_quarters,flood,three_quarters,three_quarters,B,11,81.500000
flood__a_three_quarters__b_three_quarters,flood,three_quarters,three_quarters,B,12,81.500000
flood__a_three_quarters__b_three_quarters,flood,three_quarters,three_quarters,B,13,81.500000
flood__a_three_quarters__b_three_quarters,flood,three_quarters,three_quarters,B,14,81.500000
flood__a_three_quarters__b_three_quarters,flood,three_quarters,three_quarters,B,15,81.500000
flood__a_three_quarters__b_three_quarters,flood,three_quarters,three_quarters,B,16,81.500000
flood__a_three_quarters__b_three_quarters,flood,three_quarters,three_quarters,B,17,81.500000
flood__a_three_quarters__b_three_quarters,flood,three_quarters,three_quarters,B,18,81.500000
flood__a_three_quarters__b_three_quarters,flood,three_quarters,three_quarters,B,19,81.500000
flood__a_three_quarters__b_three_quarters,flood,three_quarters,three_quarters,B,20,81.500000
flood__a_three_quarters__b_three_quarters,flood,three_quarters,three_quarters,B,21,81.500000
flood__a_three_quarters__b_three_quarters,flood,three_quarters,three_quarters,B,22,81.500000
flood__a_three_quarters__b_three_quarters,flood,three_quarters,three_quarters,B,23,81.500000
flood__a_three_quarters__b_maximum,flood,three_quarters,maximum,A,0,107.250000
flood__a_three_quarters__b_maximum,flood,three_quarters,maximum,A,1,107.250000
flood__a_three_quarters__b_maximum,flood,three_quarters,maximum,A,2,107.250000
flood__a_three_quarters__b_maximum,flood,three_quarters,maximum,A,3,107.250000
flood__a_three_quarters__b_maximum,flood,three_quarters,maximum,A,4,107.250000
flood__a_three_quarters__b_maximum,flood,three_quarters,maximum,A,5,107.250000
flood__a_three_quarters__b_maximum,flood,three_quarters,maximum,A,6,107.250000
flood__a_three_quarters__b_maximum,flood,three_quarters,maximum,A,7,107.250000
flood__a_three_quarters__b_maximum,flood,three_quarters,maximum,A,8,107.250000
flood__a_three_quarters__b_maximum,flood,three_quarters,maximum,A,9,107.250000
flood__a_three_quarters__b_maximum,flood,three_quarters,maximum,A,10,107.250000
flood__a_three_quarters__b_maximum,flood,three_quarters,maximum,A,11,107.250000
flood__a_three_quarters__b_maximum,flood,three_quarters,maximum,A,12,107.250000
flood__a_three_quarters__b_maximum,flood,three_quarters,maximum,A,13,107.250000
flood__a_three_quarters__b_maximum,flood,three_quarters,maximum,A,14,107.250000
flood__a_three_quarters__b_maximum,flood,three_quarters,maximum,A,15,107.250000
flood__a_three_quarters__b_maximum,flood,three_quarters,maximum,A,16,107.250000
flood__a_three_quarters__b_maximum,flood,three_quarters,maximum,A,17,107.250000
flood__a_three_quarters__b_maximum,flood,three_quarters,maximum,A,18,107.250000
flood__a_three_quarters__b_maximum,flood,three_quarters,maximum,A,19,107.250000
flood__a_three_quarters__b_maximum,flood,three_quarters,maximum,A,20,107.250000
flood__a_three_quarters__b_maximum,flood,three_quarters,maximum,A,21,107.250000
flood__a_three_quarters__b_maximum,flood,three_quarters,maximum,A,22,107.250000
flood__a_three_quarters__b_maximum,flood,three_quarters,maximum,A,23,107.250000
flood__a_three_quarters__b_maximum,flood,three_quarters,maximum,B,0,98.000000
flood__a_three_quarters__b_maximum,flood,three_quarters,maximum,B,1,98.000000
flood__a_three_quarters__b_maximum,flood,three_quarters,maximum,B,2,98.000000
flood__a_three_quarters__b_maximum,flood,three_quarters,maximum,B,3,98.000000
flood__a_three_quarters__b_maximum,flood,three_quarters,maximum,B,4,98.000000
flood__a_three_quarters__b_maximum,flood,three_quarters,maximum,B,5,98.000000
flood__a_three_quarters__b_maximum,flood,three_quarters,maximum,B,6,98.000000
flood__a_three_quarters__b_maximum,flood,three_quarters,maximum,B,7,98.000000
flood__a_three_quarters__b_maximum,flood,three_quarters,maximum,B,8,98.000000
flood__a_three_quarters__b_maximum,flood,three_quarters,maximum,B,9,98.000000
flood__a_three_quarters__b_maximum,flood,three_quarters,maximum,B,10,98.000000
flood__a_three_quarters__b_maximum,flood,three_quarters,maximum,B,11,98.000000
flood__a_three_quarters__b_maximum,flood,three_quarters,maximum,B,12,98.000000
flood__a_three_quarters__b_maximum,flood,three_quarters,maximum,B,13,98.000000
flood__a_three_quarters__b_maximum,flood,three_quarters,maximum,B,14,98.000000
flood__a_three_quarters__b_maximum,flood,three_quarters,maximum,B,15,98.000000
flood__a_three_quarters__b_maximum,flood,three_quarters,maximum,B,16,98.000000
flood__a_three_quarters__b_maximum,flood,three_quarters,maximum,B,17,98.000000
flood__a_three_quarters__b_maximum,flood,three_quarters,maximum,B,18,98.000000
flood__a_three_quarters__b_maximum,flood,three_quarters,maximum,B,19,98.000000
flood__a_three_quarters__b_maximum,flood,three_quarters,maximum,B,20,98.000000
flood__a_three_quarters__b_maximum,flood,three_quarters,maximum,B,21,98.000000
flood__a_three_quarters__b_maximum,flood,three_quarters,maximum,B,22,98.000000
flood__a_three_quarters__b_maximum,flood,three_quarters,maximum,B,23,98.000000
flood__a_maximum__b_off,flood,maximum,off,A,0,128.000000
flood__a_maximum__b_off,flood,maximum,off,A,1,128.000000
flood__a_maximum__b_off,flood,maximum,off,A,2,128.000000
flood__a_maximum__b_off,flood,maximum,off,A,3,128.000000
flood__a_maximum__b_off,flood,maximum,off,A,4,128.000000
flood__a_maximum__b_off,flood,maximum,off,A,5,128.000000
flood__a_maximum__b_off,flood,maximum,off,A,6,128.000000
flood__a_maximum__b_off,flood,maximum,off,A,7,128.000000
flood__a_maximum__b_off,flood,maximum,off,A,8,128.000000
flood__a_maximum__b_off,flood,maximum,off,A,9,128.000000
flood__a_maximum__b_off,flood,maximum,off,A,10,128.000000
flood__a_maximum__b_off,flood,maximum,off,A,11,128.000000
flood__a_maximum__b_off,flood,maximum,off,A,12,128.000000
flood__a_maximum__b_off,flood,maximum,off,A,13,128.000000
flood__a_maximum__b_off,flood,maximum,off,A,14,128.000000
flood__a_maximum__b_off,flood,maximum,off,A,15,128.000000
flood__a_maximum__b_off,flood,maximum,off,A,16,128.000000
flood__a_maximum__b_off,flood,maximum,off,A,17,128.000000
flood__a_maximum__b_off,flood,maximum,off,A,18,128.000000
flood__a_maximum__b_off,flood,maximum,off,A,19,128.000000
flood__a_maximum__b_off,flood,maximum,off,A,20,128.000000
flood__a_maximum__b_off,flood,maximum,off,A,21,128.000000
flood__a_maximum__b_off,flood,maximum,off,A,22,128.000000
flood__a_maximum__b_off,flood,maximum,off,A,23,128.000000
flood__a_maximum__b_off,flood,maximum,off,B,0,0.000000
flood__a_maximum__b_off,flood,maximum,off,B,1,0.000000
flood__a_maximum__b_off,flood,maximum,off,B,2,0.000000
flood__a_maximum__b_off,flood,maximum,off,B,3,0.000000
flood__a_maximum__b_off,flood,maximum,off,B,4,0.000000
flood__a_maximum__b_off,flood,maximum,off,B,5,0.000000
flood__a_maximum__b_off,flood,maximum,off,B,6,0.000000
flood__a_maximum__b_off,flood,maximum,off,B,7,0.000000
flood__a_maximum__b_off,flood,maximum,off,B,8,0.000000
flood__a_maximum__b_off,flood,maximum,off,B,9,0.000000
flood__a_maximum__b_off,flood,maximum,off,B,10,0.000000
flood__a_maximum__b_off,flood,maximum,off,B,11,0.000000
flood__a_maximum__b_off,flood,maximum,off,B,12,0.000000
flood__a_maximum__b_off,flood,maximum,off,B,13,0.000000
flood__a_maximum__b_off,flood,maximum,off,B,14,0.000000
flood__a_maximum__b_off,flood,maximum,off,B,15,0.000000
flood__a_maximum__b_off,flood,maximum,off,B,16,0.000000
flood__a_maximum__b_off,flood,maximum,off,B,17,0.000000
flood__a_maximum__b_off,flood,maximum,off,B,18,0.000000
flood__a_maximum__b_off,flood,maximum,off,B,19,0.000000
flood__a_maximum__b_off,flood,maximum,off,B,20,0.000000
flood__a_maximum__b_off,flood,maximum,off,B,21,0.000000
flood__a_maximum__b_off,flood,maximum,off,B,22,0.000000
flood__a_maximum__b_off,flood,maximum,off,B,23,0.000000
flood__a_maximum__b_minimum,flood,maximum,minimum,A,0,128.000000
flood__a_maximum__b_minimum,flood,maximum,minimum,A,1,128.000000
flood__a_maximum__b_minimum,flood,maximum,minimum,A,2,128.000000
flood__a_maximum__b_minimum,flood,maximum,minimum,A,3,128.000000
flood__a_maximum__b_minimum,flood,maximum,minimum,A,4,128.000000
flood__a_maximum__b_minimum,flood,maximum,minimum,A,5,128.000000
flood__a_maximum__b_minimum,flood,maximum,minimum,A,6,128.000000
flood__a_maximum__b_minimum,flood,maximum,minimum,A,7,128.000000
flood__a_maximum__b_minimum,flood,maximum,minimum,A,8,128.000000
flood__a_maximum__b_minimum,flood,maximum,minimum,A,9,128.000000
flood__a_maximum__b_minimum,flood,maximum,minimum,A,10,128.000000
flood__a_maximum__b_minimum,flood,maximum,minimum,A,11,128.000000
flood__a_maximum__b_minimum,flood,maximum,minimum,A,12,128.000000
flood__a_maximum__b_minimum,flood,maximum,minimum,A,13,128.000000
flood__a_maximum__b_minimum,flood,maximum,minimum,A,14,128.000000
flood__a_maximum__b_minimum,flood,maximum,minimum,A,15,128.000000
flood__a_maximum__b_minimum,flood,maximum,minimum,A,16,128.000000
flood__a_maximum__b_minimum,flood,maximum,minimum,A,17,128.000000
flood__a_maximum__b_minimum,flood,maximum,minimum,A,18,128.000000
flood__a_maximum__b_minimum,flood,maximum,minimum,A,19,128.000000
flood__a_maximum__b_minimum,flood,maximum,minimum,A,20,128.000000
flood__a_maximum__b_minimum,flood,maximum,minimum,A,21,128.000000
flood__a_maximum__b_minimum,flood,maximum,minimum,A,22,128.000000
flood__a_maximum__b_minimum,flood,maximum,minimum,A,23,128.000000
flood__a_maximum__b_minimum,flood,maximum,minimum,B,0,32.000000
flood__a_maximum__b_minimum,flood,maximum,minimum,B,1,32.000000
flood__a_maximum__b_minimum,flood,maximum,minimum,B,2,32.000000
flood__a_maximum__b_minimum,flood,maximum,minimum,B,3,32.000000
flood__a_maximum__b_minimum,flood,maximum,minimum,B,4,32.000000
flood__a_maximum__b_minimum,flood,maximum,minimum,B,5,32.000000
flood__a_maximum__b_minimum,flood,maximum,minimum,B,6,32.000000
flood__a_maximum__b_minimum,flood,maximum,minimum,B,7,32.000000
flood__a_maximum__b_minimum,flood,maximum,minimum,B,8,32.000000
flood__a_maximum__b_minimum,flood,maximum,minimum,B,9,32.000000
flood__a_maximum__b_minimum,flood,maximum,minimum,B,10,32.000000
flood__a_maximum__b_minimum,flood,maximum,minimum,B,11,32.000000
flood__a_maximum__b_minimum,flood,maximum,minimum,B,12,32.000000
flood__a_maximum__b_minimum,flood,maximum,minimum,B,13,32.000000
flood__a_maximum__b_minimum,flood,maximum,minimum,B,14,32.000000
flood__a_maximum__b_minimum,flood,maximum,minimum,B,15,32.000000
flood__a_maximum__b_minimum,flood,maximum,minimum,B,16,32.000000
flood__a_maximum__b_minimum,flood,maximum,minimum,B,17,32.000000
flood__a_maximum__b_minimum,flood,maximum,minimum,B,18,32.000000
flood__a_maximum__b_minimum,flood,maximum,minimum,B,19,32.000000
flood__a_maximum__b_minimum,flood,maximum,minimum,B,20,32.000000
flood__a_maximum__b_minimum,flood,maximum,minimum,B,21,32.000000
flood__a_maximum__b_minimum,flood,maximum,minimum,B,22,32.000000
flood__a_maximum__b_minimum,flood,maximum,minimum,B,23,32.000000
flood__a_maximum__b_quarter,flood,maximum,quarter,A,0,128.000000
flood__a_maximum__b_quarter,flood,maximum,quarter,A,1,128.000000
flood__a_maximum__b_quarter,flood,maximum,quarter,A,2,128.000000
flood__a_maximum__b_quarter,flood,maximum,quarter,A,3,128.000000
flood__a_maximum__b_quarter,flood,maximum,quarter,A,4,128.000000
flood__a_maximum__b_quarter,flood,maximum,quarter,A,5,128.000000
flood__a_maximum__b_quarter,flood,maximum,quarter,A,6,128.000000
flood__a_maximum__b_quarter,flood,maximum,quarter,A,7,128.000000
flood__a_maximum__b_quarter,flood,maximum,quarter,A,8,128.000000
flood__a_maximum__b_quarter,flood,maximum,quarter,A,9,128.000000
flood__a_maximum__b_quarter,flood,maximum,quarter,A,10,128.000000
flood__a_maximum__b_quarter,flood,maximum,quarter,A,11,128.000000
flood__a_maximum__b_quarter,flood,maximum,quarter,A,12,128.000000
flood__a_maximum__b_quarter,flood,maximum,quarter,A,13,128.000000
flood__a_maximum__b_quarter,flood,maximum,quarter,A,14,128.000000
flood__a_maximum__b_quarter,flood,maximum,quarter,A,15,128.000000
flood__a_maximum__b_quarter,flood,maximum,quarter,A,16,128.000000
flood__a_maximum__b_quarter,flood,maximum,quarter,A,17,128.000000
flood__a_maximum__b_quarter,flood,maximum,quarter,A,18,128.000000
flood__a_maximum__b_quarter,flood,maximum,quarter,A,19,128.000000
flood__a_maximum__b_quarter,flood,maximum,quarter,A,20,128.000000
flood__a_maximum__b_quarter,flood,maximum,quarter,A,21,128.000000
flood__a_maximum__b_quarter,flood,maximum,quarter,A,22,128.000000
flood__a_maximum__b_quarter,flood,maximum,quarter,A,23,128.000000
flood__a_maximum__b_quarter,flood,maximum,quarter,B,0,48.500000
flood__a_maximum__b_quarter,flood,maximum,quarter,B,1,48.500000
flood__a_maximum__b_quarter,flood,maximum,quarter,B,2,48.500000
flood__a_maximum__b_quarter,flood,maximum,quarter,B,3,48.500000
flood__a_maximum__b_quarter,flood,maximum,quarter,B,4,48.500000
flood__a_maximum__b_quarter,flood,maximum,quarter,B,5,48.500000
flood__a_maximum__b_quarter,flood,maximum,quarter,B,6,48.500000
flood__a_maximum__b_quarter,flood,maximum,quarter,B,7,48.500000
flood__a_maximum__b_quarter,flood,maximum,quarter,B,8,48.500000
flood__a_maximum__b_quarter,flood,maximum,quarter,B,9,48.500000
flood__a_maximum__b_quarter,flood,maximum,quarter,B,10,48.500000
flood__a_maximum__b_quarter,flood,maximum,quarter,B,11,48.500000
flood__a_maximum__b_quarter,flood,maximum,quarter,B,12,48.500000
flood__a_maximum__b_quarter,flood,maximum,quarter,B,13,48.500000
flood__a_maximum__b_quarter,flood,maximum,quarter,B,14,48.500000
flood__a_maximum__b_quarter,flood,maximum,quarter,B,15,48.500000
flood__a_maximum__b_quarter,flood,maximum,quarter,B,16,48.500000
flood__a_maximum__b_quarter,flood,maximum,quarter,B,17,48.500000
flood__a_maximum__b_quarter,flood,maximum,quarter,B,18,48.500000
flood__a_maximum__b_quarter,flood,maximum,quarter,B,19,48.500000
flood__a_maximum__b_quarter,flood,maximum,quarter,B,20,48.500000
flood__a_maximum__b_quarter,flood,maximum,quarter,B,21,48.500000
flood__a_maximum__b_quarter,flood,maximum,quarter,B,22,48.500000
flood__a_maximum__b_quarter,flood,maximum,quarter,B,23,48.500000
flood__a_maximum__b_half,flood,maximum,half,A,0,128.000000
flood__a_maximum__b_half,flood,maximum,half,A,1,128.000000
flood__a_maximum__b_half,flood,maximum,half,A,2,128.000000
flood__a_maximum__b_half,flood,maximum,half,A,3,128.000000
flood__a_maximum__b_half,flood,maximum,half,A,4,128.000000
flood__a_maximum__b_half,flood,maximum,half,A,5,128.000000
flood__a_maximum__b_half,flood,maximum,half,A,6,128.000000
flood__a_maximum__b_half,flood,maximum,half,A,7,128.000000
flood__a_maximum__b_half,flood,maximum,half,A,8,128.000000
flood__a_maximum__b_half,flood,maximum,half,A,9,128.000000
flood__a_maximum__b_half,flood,maximum,half,A,10,128.000000
flood__a_maximum__b_half,flood,maximum,half,A,11,128.000000
flood__a_maximum__b_half,flood,maximum,half,A,12,128.000000
flood__a_maximum__b_half,flood,maximum,half,A,13,128.000000
flood__a_maximum__b_half,flood,maximum,half,A,14,128.000000
flood__a_maximum__b_half,flood,maximum,half,A,15,128.000000
flood__a_maximum__b_half,flood,maximum,half,A,16,128.000000
flood__a_maximum__b_half,flood,maximum,half,A,17,128.000000
flood__a_maximum__b_half,flood,maximum,half,A,18,128.000000
flood__a_maximum__b_half,flood,maximum,half,A,19,128.000000
flood__a_maximum__b_half,flood,maximum,half,A,20,128.000000
flood__a_maximum__b_half,flood,maximum,half,A,21,128.000000
flood__a_maximum__b_half,flood,maximum,half,A,22,128.000000
flood__a_maximum__b_half,flood,maximum,half,A,23,128.000000
flood__a_maximum__b_half,flood,maximum,half,B,0,65.000000
flood__a_maximum__b_half,flood,maximum,half,B,1,65.000000
flood__a_maximum__b_half,flood,maximum,half,B,2,65.000000
flood__a_maximum__b_half,flood,maximum,half,B,3,65.000000
flood__a_maximum__b_half,flood,maximum,half,B,4,65.000000
flood__a_maximum__b_half,flood,maximum,half,B,5,65.000000
flood__a_maximum__b_half,flood,maximum,half,B,6,65.000000
flood__a_maximum__b_half,flood,maximum,half,B,7,65.000000
flood__a_maximum__b_half,flood,maximum,half,B,8,65.000000
flood__a_maximum__b_half,flood,maximum,half,B,9,65.000000
flood__a_maximum__b_half,flood,maximum,half,B,10,65.000000
flood__a_maximum__b_half,flood,maximum,half,B,11,65.000000
flood__a_maximum__b_half,flood,maximum,half,B,12,65.000000
flood__a_maximum__b_half,flood,maximum,half,B,13,65.000000
flood__a_maximum__b_half,flood,maximum,half,B,14,65.000000
flood__a_maximum__b_half,flood,maximum,half,B,15,65.000000
flood__a_maximum__b_half,flood,maximum,half,B,16,65.000000
flood__a_maximum__b_half,flood,maximum,half,B,17,65.000000
flood__a_maximum__b_half,flood,maximum,half,B,18,65.000000
flood__a_maximum__b_half,flood,maximum,half,B,19,65.000000
flood__a_maximum__b_half,flood,maximum,half,B,20,65.000000
flood__a_maximum__b_half,flood,maximum,half,B,21,65.000000
flood__a_maximum__b_half,flood,maximum,half,B,22,65.000000
flood__a_maximum__b_half,flood,maximum,half,B,23,65.000000
flood__a_maximum__b_three_quarters,flood,maximum,three_quarters,A,0,128.000000
flood__a_maximum__b_three_quarters,flood,maximum,three_quarters,A,1,128.000000
flood__a_maximum__b_three_quarters,flood,maximum,three_quarters,A,2,128.000000
flood__a_maximum__b_three_quarters,flood,maximum,three_quarters,A,3,128.000000
flood__a_maximum__b_three_quarters,flood,maximum,three_quarters,A,4,128.000000
flood__a_maximum__b_three_quarters,flood,maximum,three_quarters,A,5,128.000000
flood__a_maximum__b_three_quarters,flood,maximum,three_quarters,A,6,128.000000
flood__a_maximum__b_three_quarters,flood,maximum,three_quarters,A,7,128.000000
flood__a_maximum__b_three_quarters,flood,maximum,three_quarters,A,8,128.000000
flood__a_maximum__b_three_quarters,flood,maximum,three_quarters,A,9,128.000000
flood__a_maximum__b_three_quarters,flood,maximum,three_quarters,A,10,128.000000
flood__a_maximum__b_three_quarters,flood,maximum,three_quarters,A,11,128.000000
flood__a_maximum__b_three_quarters,flood,maximum,three_quarters,A,12,128.000000
flood__a_maximum__b_three_quarters,flood,maximum,three_quarters,A,13,128.000000
flood__a_maximum__b_three_quarters,flood,maximum,three_quarters,A,14,128.000000
flood__a_maximum__b_three_quarters,flood,maximum,three_quarters,A,15,128.000000
flood__a_maximum__b_three_quarters,flood,maximum,three_quarters,A,16,128.000000
flood__a_maximum__b_three_quarters,flood,maximum,three_quarters,A,17,128.000000
flood__a_maximum__b_three_quarters,flood,maximum,three_quarters,A,18,128.000000
flood__a_maximum__b_three_quarters,flood,maximum,three_quarters,A,19,128.000000
flood__a_maximum__b_three_quarters,flood,maximum,three_quarters,A,20,128.000000
flood__a_maximum__b_three_quarters,flood,maximum,three_quarters,A,21,128.000000
flood__a_maximum__b_three_quarters,flood,maximum,three_quarters,A,22,128.000000
flood__a_maximum__b_three_quarters,flood,maximum,three_quarters,A,23,128.000000
flood__a_maximum__b_three_quarters,flood,maximum,three_quarters,B,0,81.500000
flood__a_maximum__b_three_quarters,flood,maximum,three_quarters,B,1,81.500000
flood__a_maximum__b_three_quarters,flood,maximum,three_quarters,B,2,81.500000
flood__a_maximum__b_three_quarters,flood,maximum,three_quarters,B,3,81.500000
flood__a_maximum__b_three_quarters,flood,maximum,three_quarters,B,4,81.500000
flood__a_maximum__b_three_quarters,flood,maximum,three_quarters,B,5,81.500000
flood__a_maximum__b_three_quarters,flood,maximum,three_quarters,B,6,81.500000
flood__a_maximum__b_three_quarters,flood,maximum,three_quarters,B,7,81.500000
flood__a_maximum__b_three_quarters,flood,maximum,three_quarters,B,8,81.500000
flood__a_maximum__b_three_quarters,flood,maximum,three_quarters,B,9,81.500000
flood__a_maximum__b_three_quarters,flood,maximum,three_quarters,B,10,81.500000
flood__a_maximum__b_three_quarters,flood,maximum,three_quarters,B,11,81.500000
flood__a_maximum__b_three_quarters,flood,maximum,three_quarters,B,12,81.500000
flood__a_maximum__b_three_quarters,flood,maximum,three_quarters,B,13,81.500000
flood__a_maximum__b_three_quarters,flood,maximum,three_quarters,B,14,81.500000
flood__a_maximum__b_three_quarters,flood,maximum,three_quarters,B,15,81.500000
flood__a_maximum__b_three_quarters,flood,maximum,three_quarters,B,16,81.500000
flood__a_maximum__b_three_quarters,flood,maximum,three_quarters,B,17,81.500000
flood__a_maximum__b_three_quarters,flood,maximum,three_quarters,B,18,81.500000
flood__a_maximum__b_three_quarters,flood,maximum,three_quarters,B,19,81.500000
flood__a_maximum__b_three_quarters,flood,maximum,three_quarters,B,20,81.500000
flood__a_maximum__b_three_quarters,flood,maximum,three_quarters,B,21,81.500000
flood__a_maximum__b_three_quarters,flood,maximum,three_quarters,B,22,81.500000
flood__a_maximum__b_three_quarters,flood,maximum,three_quarters,B,23,81.500000
flood__a_maximum__b_maximum,flood,maximum,maximum,A,0,128.000000
flood__a_maximum__b_maximum,flood,maximum,maximum,A,1,128.000000
flood__a_maximum__b_maximum,flood,maximum,maximum,A,2,128.000000
flood__a_maximum__b_maximum,flood,maximum,maximum,A,3,128.000000
flood__a_maximum__b_maximum,flood,maximum,maximum,A,4,128.000000
flood__a_maximum__b_maximum,flood,maximum,maximum,A,5,128.000000
flood__a_maximum__b_maximum,flood,maximum,maximum,A,6,128.000000
flood__a_maximum__b_maximum,flood,maximum,maximum,A,7,128.000000
flood__a_maximum__b_maximum,flood,maximum,maximum,A,8,128.000000
flood__a_maximum__b_maximum,flood,maximum,maximum,A,9,128.000000
flood__a_maximum__b_maximum,flood,maximum,maximum,A,10,128.000000
flood__a_maximum__b_maximum,flood,maximum,maximum,A,11,128.000000
flood__a_maximum__b_maximum,flood,maximum,maximum,A,12,128.000000
flood__a_maximum__b_maximum,flood,maximum,maximum,A,13,128.000000
flood__a_maximum__b_maximum,flood,maximum,maximum,A,14,128.000000
flood__a_maximum__b_maximum,flood,maximum,maximum,A,15,128.000000
flood__a_maximum__b_maximum,flood,maximum,maximum,A,16,128.000000
flood__a_maximum__b_maximum,flood,maximum,maximum,A,17,128.000000
flood__a_maximum__b_maximum,flood,maximum,maximum,A,18,128.000000
flood__a_maximum__b_maximum,flood,maximum,maximum,A,19,128.000000
flood__a_maximum__b_maximum,flood,maximum,maximum,A,20,128.000000
flood__a_maximum__b_maximum,flood,maximum,maximum,A,21,128.000000
flood__a_maximum__b_maximum,flood,maximum,maximum,A,22,128.000000
flood__a_maximum__b_maximum,flood,maximum,maximum,A,23,128.000000
flood__a_maximum__b_maximum,flood,maximum,maximum,B,0,98.000000
flood__a_maximum__b_maximum,flood,maximum,maximum,B,1,98.000000
flood__a_maximum__b_maximum,flood,maximum,maximum,B,2,98.000000
flood__a_maximum__b_maximum,flood,maximum,maximum,B,3,98.000000
flood__a_maximum__b_maximum,flood,maximum,maximum,B,4,98.000000
flood__a_maximum__b_maximum,flood,maximum,maximum,B,5,98.000000
flood__a_maximum__b_maximum,flood,maximum,maximum,B,6,98.000000
flood__a_maximum__b_maximum,flood,maximum,maximum,B,7,98.000000
flood__a_maximum__b_maximum,flood,maximum,maximum,B,8,98.000000
flood__a_maximum__b_maximum,flood,maximum,maximum,B,9,98.000000
flood__a_maximum__b_maximum,flood,maximum,maximum,B,10,98.000000
flood__a_maximum__b_maximum,flood,maximum,maximum,B,11,98.000000
flood__a_maximum__b_maximum,flood,maximum,maximum,B,12,98.000000
flood__a_maximum__b_maximum,flood,maximum,maximum,B,13,98.000000
flood__a_maximum__b_maximum,flood,maximum,maximum,B,14,98.000000
flood__a_maximum__b_maximum,flood,maximum,maximum,B,15,98.000000
flood__a_maximum__b_maximum,flood,maximum,maximum,B,16,98.000000
flood__a_maximum__b_maximum,flood,maximum,maximum,B,17,98.000000
flood__a_maximum__b_maximum,flood,maximum,maximum,B,18,98.000000
flood__a_maximum__b_maximum,flood,maximum,maximum,B,19,98.000000
flood__a_maximum__b_maximum,flood,maximum,maximum,B,20,98.000000
flood__a_maximum__b_maximum,flood,maximum,maximum,B,21,98.000000
flood__a_maximum__b_maximum,flood,maximum,maximum,B,22,98.000000
flood__a_maximum__b_maximum,flood,maximum,maximum,B,23,98.000000
