scenario,seed,plant,period,incremental_inflow_m3s,total_inflow_m3s,upstream_arrival_m3s,requested_flow_m3s,turbine_flow_m3s,spill_flow_m3s,sanitary_spill_flow_m3s,capacity_spill_flow_m3s,level_control_spill_flow_m3s,defluent_flow_m3s,initial_volume_hm3,final_volume_hm3,initial_upstream_level_m,final_upstream_level_m,downstream_level_m,net_head_m,power_mw,unit_on,state_duration_hours,unit_switch_penalty,early_switch_penalty,minimum_level_penalty,maximum_level_penalty
dry_stable,42,A,0,75.68561342944746,75.68561342944746,0.0,203.3307381913231,203.3307381913231,0.0,0.0,0.0,0.0,203.3307381913231,10.8,10.340477550857248,147.65788859744896,147.36465334227498,106.57374861423186,41.0841399832171,77.03251880496722,True,1,0.0,0.0,0.0,0.0
dry_stable,42,A,1,72.66003576095889,72.66003576095889,0.0,20.71277235138616,0.0,0.0,0.0,0.0,0.0,0.0,10.340477550857248,10.6020536795967,147.36465334227498,147.5329274359045,105.6,41.76465334227498,0.0,False,1,250.0,3500.0,0.0,0.0
dry_stable,42,A,2,76.68851519056453,76.68851519056453,0.0,9.622227771356052,0.0,0.0,0.0,0.0,0.0,0.0,10.6020536795967,10.878132334282732,147.5329274359045,147.7066463450551,105.6,41.9329274359045,0.0,False,2,0.0,0.0,0.0,0.0
dry_stable,42,A,3,77.11627061188022,77.11627061188022,0.0,18.827733225628588,0.0,0.0,0.0,0.0,0.0,0.0,10.878132334282732,11.155750908485501,147.7066463450551,147.8772907546141,105.6,42.10664634505511,0.0,False,3,0.0,0.0,0.0,0.0
dry_stable,42,A,4,70.61017082552887,70.61017082552887,0.0,172.43383969097377,172.43383969097377,0.0,0.0,0.0,0.0,172.43383969097377,11.155750908485501,10.789185700569899,147.8772907546141,147.65111475541573,106.40344702937115,41.47384372524296,65.94678788081494,True,1,250.0,2500.0,0.0,0.0
dry_stable,42,A,5,72.07009610955978,72.07009610955978,0.0,165.45197736664147,165.45197736664147,0.0,0.0,0.0,0.0,165.45197736664147,10.789185700569899,10.453010928044405,147.65111475541573,147.43748463415585,106.3659606680042,41.28515408741153,62.9887126948927,True,2,0.0,0.0,0.0,0.0
dry_stable,42,A,6,75.28764090712639,75.28764090712639,0.0,0.0,0.0,0.0,0.0,0.0,0.0,0.0,10.453010928044405,10.72404643531006,147.43748463415585,147.61018302486562,105.6,41.83748463415586,0.0,False,1,250.0,3000.0,0.0,0.0
dry_stable,42,A,7,74.28845416722694,74.28845416722694,0.0,13.767884007209343,0.0,0.0,0.0,0.0,0.0,0.0,10.72404643531006,10.991484870312076,147.61018302486562,147.77681182394033,105.6,42.010183024865626,0.0,False,2,0.0,0.0,0.0,0.0
dry_stable,42,A,8,74.96219739561535,74.96219739561535,0.0,55.13539220183642,0.0,0.0,0.0,0.0,0.0,0.0,10.991484870312076,11.261348780936292,147.77681182394033,147.94113076661856,105.6,42.17681182394034,0.0,False,3,0.0,0.0,0.0,0.0
dry_stable,42,A,9,73.08065116295944,73.08065116295944,0.0,236.78457528431397,236.78457528431397,0.0,0.0,0.0,0.0,236.78457528431397,11.261348780936292,10.672014654099415,147.94113076661856,147.5773277229534,106.76605115019838,41.17507961642018,89.9051803493216,True,1,250.0,2500.0,0.0,0.0
dry_stable,42,A,10,76.97864544344137,76.97864544344137,0.0,124.66672511090769,124.66672511090769,0.0,0.0,0.0,0.0,124.66672511090769,10.672014654099415,10.500337567296537,147.5773277229534,147.46791704728076,106.15462153806392,41.42270618488949,47.61961506165539,True,2,0.0,0.0,0.0,0.0
dry_stable,42,A,11,76.75003185471513,76.75003185471513,0.0,239.31776997921412,239.31776997921412,0.0,0.0,0.0,0.0,239.31776997921412,10.500337567296537,9.91509371004834,147.46791704728076,147.08340931899914,106.78094145989839,40.68697558738238,89.78984392396002,True,3,0.0,0.0,0.0,0.0
dry_stable,42,A,12,75.14856906951273,75.14856906951273,0.0,136.1609364358466,136.1609364358466,0.0,0.0,0.0,0.0,136.1609364358466,9.91509371004834,9.695449187529539,147.08340931899914,146.9345408880013,106.21283355074814,40.870575768251,51.31686848095349,True,4,0.0,0.0,0.0,0.0
dry_stable,42,A,13,77.53629271567807,77.53629271567807,0.0,0.4554283900414404,0.0,0.0,0.0,0.0,0.0,0.0,9.695449187529539,9.97457984130598,146.9345408880013,147.1233010545401,105.6,41.3345408880013,0.0,False,1,250.0,2000.0,0.0,0.0
dry_stable,42,A,14,76.0518960200671,76.0518960200671,0.0,31.67482688148575,0.0,0.0,0.0,0.0,0.0,0.0,9.97457984130598,10.248366666978221,147.1233010545401,147.30454894800505,105.6,41.5233010545401,0.0,False,2,0.0,0.0,0.0,0.0
dry_stable,42,A,15,73.06659195851272,73.06659195851272,0.0,12.234246760849452,0.0,0.0,0.0,0.0,0.0,0.0,10.248366666978221,10.511406398028866,147.30454894800505,147.47501775440284,105.6,41.704548948005055,0.0,False,3,0.0,0.0,0.0,0.0
dry_stable,42,A,16,75.82968926418563,75.82968926418563,0.0,41.91624856093214,0.0,0.0,0.0,0.0,0.0,0.0,10.511406398028866,10.784393279379934,147.47501775440284,147.6481109223504,105.6,41.87501775440285,0.0,False,4,0.0,0.0,0.0,0.0
dry_stable,42,A,17,72.84251414813475,72.84251414813475,0.0,16.42609578313892,0.0,0.0,0.0,0.0,0.0,0.0,10.784393279379934,11.046626330313218,147.6481109223504,147.8106997298515,105.6,42.04811092235042,0.0,False,5,0.0,0.0,0.0,0.0
dry_stable,42,A,18,76.97651317794137,76.97651317794137,0.0,39.241796184100735,0.0,0.0,0.0,0.0,0.0,0.0,11.046626330313218,11.323741777753808,147.8106997298515,147.97857377054083,105.6,42.21069972985151,0.0,False,6,0.0,0.0,0.0,0.0
dry_stable,42,A,19,74.88766670028093,74.88766670028093,0.0,110.74326049687275,116.56591529214926,0.0,0.0,0.0,0.0,116.56591529214926,11.323741777753808,11.173700082823082,147.97857377054083,147.8881836441457,106.11425063767047,41.86432313287037,44.999999922720946,True,1,250.0,1000.0,0.0,0.0
dry_stable,42,A,20,74.58405968202317,74.58405968202317,0.0,125.9025143640976,125.9025143640976,0.0,0.0,0.0,0.0,125.9025143640976,11.173700082823082,10.988953645967614,147.8881836441457,147.77525237861514,106.16082813263819,41.72735551150751,48.44535317540371,True,2,0.0,0.0,0.0,0.0
dry_stable,42,A,21,73.46790852509113,73.46790852509113,0.0,110.56831398160006,117.14283409926878,0.0,0.0,0.0,0.0,117.14283409926878,10.988953645967614,10.831723913900575,147.77525237861514,147.6777243103105,106.11710759850783,41.65814478010731,44.999999911563954,True,3,0.0,0.0,0.0,0.0
dry_stable,42,A,22,77.75071801201658,77.75071801201658,0.0,211.85074023983756,211.85074023983756,0.0,0.0,0.0,0.0,211.85074023983756,10.831723913900575,10.34896383388042,147.6777243103105,147.37016863549982,106.62195331821974,41.05577099209077,80.2049290604654,True,4,0.0,0.0,0.0,0.0
dry_stable,42,A,23,74.65230866534519,74.65230866534519,0.0,147.39500313599146,147.39500313599146,0.0,0.0,0.0,0.0,147.39500313599146,10.34896383388042,10.087090133786093,147.37016863549982,147.19825240080232,106.27076150502808,41.09940713047175,55.86183256552381,True,5,0.0,0.0,0.0,0.0
dry_stable,42,B,0,21.71730363737235,21.71730363737235,0.0,278.2361714972492,278.2361714972492,0.0,0.0,0.0,0.0,278.2361714972492,53.6,52.67653207570444,103.64685767707344,103.44369889873246,71.085001901041,32.561855776032445,82.65605874636628,True,1,0.0,0.0,0.0,0.0
dry_stable,42,B,1,21.767591856677768,225.09833004800086,203.3307381913231,225.56228269964666,225.56228269964666,0.0,0.0,0.0,0.0,225.56228269964666,52.67653207570444,52.67486184615852,103.44369889873246,103.44332913088768,70.6284883168143,32.815210581918166,67.52951529543903,True,2,0.0,0.0,0.0,0.0
dry_stable,42,B,2,22.351324062465213,22.351324062465213,0.0,172.0488537459176,172.0488537459176,0.0,0.0,0.0,0.0,172.0488537459176,52.67486184615852,52.135950739298096,103.44332913088768,103.32365507887232,70.20255450766894,33.24077462321874,52.1764918272128,True,3,0.0,0.0,0.0,0.0
dry_stable,42,B,3,22.241193082480294,22.241193082480294,0.0,13.222185710016026,0.0,0.0,0.0,0.0,0.0,0.0,52.135950739298096,52.216019034395025,103.32365507887232,103.34147875279092,69.1,34.223655078872326,0.0,False,1,250.0,2500.0,0.0,0.0
dry_stable,42,B,4,22.272403523653352,22.272403523653352,0.0,0.0,0.0,0.0,0.0,0.0,0.0,0.0,52.216019034395025,52.296199687080176,103.34147875279092,103.35931318485801,69.1,34.241478752790925,0.0,False,2,0.0,0.0,0.0,0.0
dry_stable,42,B,5,22.284341861985205,194.71818155295898,172.43383969097377,101.14857271630643,104.25860100615832,0.0,0.0,0.0,0.0,104.25860100615832,52.296199687080176,52.62185417704866,103.35931318485801,103.43159001483008,69.71697850192807,33.64233468292994,31.999999826514358,True,1,250.0,3000.0,0.0,0.0
dry_stable,42,B,6,23.413487416574505,188.86546478321597,165.45197736664147,224.86258048716158,224.86258048716158,0.0,0.0,0.0,0.0,224.86258048716158,52.62185417704866,52.49226456051446,103.43159001483008,103.4028600468366,70.62267704176604,32.80891297306404,67.3071168665618,True,2,0.0,0.0,0.0,0.0
dry_stable,42,B,7,21.731766089186152,21.731766089186152,0.0,218.91499905307464,218.91499905307464,0.0,0.0,0.0,0.0,218.91499905307464,52.49226456051446,51.78240492184446,103.4028600468366,103.24479768533695,70.57354171918053,32.82931832765607,65.56760787800968,True,3,0.0,0.0,0.0,0.0
dry_stable,42,B,8,21.661919798812786,21.661919798812786,0.0,181.14243475352026,181.14243475352026,0.0,0.0,0.0,0.0,181.14243475352026,51.78240492184446,51.20827506800752,103.24479768533695,103.11629521262985,70.27230269641025,32.9724949889267,54.49089833186819,True,4,0.0,0.0,0.0,0.0
dry_stable,42,B,9,21.462909999356402,21.462909999356402,0.0,194.3824930048285,194.3824930048285,0.0,0.0,0.0,0.0,194.3824930048285,51.20827506800752,50.585764569187816,103.11629521262985,102.97655852386961,70.37577636130645,32.7405188513234,58.06235693665021,True,5,0.0,0.0,0.0,0.0
dry_stable,42,B,10,22.40654641889983,259.1911217032138,236.78457528431397,266.8946388204021,266.8946388204021,0.0,0.0,0.0,0.0,266.8946388204021,50.585764569187816,50.55803190756594,102.97655852386961,102.97032771811776,70.9834680621424,31.993090461727206,77.90189101887161,True,6,0.0,0.0,0.0,0.0
dry_stable,42,B,11,22.74512171319579,147.4118468241035,124.66672511090769,138.35650509225894,138.35650509225894,0.0,0.0,0.0,0.0,138.35650509225894,50.55803190756594,50.59063113780058,102.97032771811776,102.977651885045,69.95355346311308,33.01677425500468,41.6760143996584,True,7,0.0,0.0,0.0,0.0
dry_stable,42,B,12,21.92479467794778,261.2425646571619,239.31776997921412,224.17393736834939,224.17393736834939,0.0,0.0,0.0,0.0,224.17393736834939,50.59063113780058,50.7240781960403,102.977651885045,103.00762905987801,70.61696394903748,32.36068793600752,66.18427581007771,True,8,0.0,0.0,0.0,0.0
dry_stable,42,B,13,21.44549672520473,157.6064331610513,136.1609364358466,199.6283089755014,199.6283089755014,0.0,0.0,0.0,0.0,199.6283089755014,50.7240781960403,50.57279944310828,103.00762905987801,102.97364563355694,70.41740405700442,32.590225002873595,59.35556491283872,True,9,0.0,0.0,0.0,0.0
dry_stable,42,B,14,21.45584239764378,21.45584239764378,0.0,39.11880301147302,0.0,0.0,0.0,0.0,0.0,0.0,50.57279944310828,50.6500404757398,102.97364563355694,102.99099846093702,69.1,33.87364563355695,0.0,False,1,250.0,0.0,0.0,0.0
dry_stable,42,B,15,22.429391239964303,22.429391239964303,0.0,4.198246300428132,0.0,0.0,0.0,0.0,0.0,0.0,50.6500404757398,50.730786284203674,102.99099846093702,103.00913571142506,69.1,33.89099846093703,0.0,False,2,0.0,0.0,0.0,0.0
dry_stable,42,B,16,22.490547752994274,22.490547752994274,0.0,39.327849986784365,0.0,0.0,0.0,0.0,0.0,0.0,50.730786284203674,50.81175225611445,103.00913571142506,103.02731876934251,69.1,33.909135711425066,0.0,False,3,0.0,0.0,0.0,0.0
dry_stable,42,B,17,22.35848181708143,22.35848181708143,0.0,0.0,0.0,0.0,0.0,0.0,0.0,0.0,50.81175225611445,50.89224279065595,103.02731876934251,103.04539082097088,69.1,33.92731876934252,0.0,False,4,0.0,0.0,0.0,0.0
dry_stable,42,B,18,21.56076359318946,21.56076359318946,0.0,271.49686755489586,271.49686755489586,0.0,0.0,0.0,0.0,271.49686755489586,50.89224279065595,49.99247281639381,103.04539082097088,102.84323828886852,71.02444917907297,32.020941641897906,79.31418724129404,True,1,250.0,2000.0,0.0,0.0
dry_stable,42,B,19,22.153226473224038,22.153226473224038,0.0,75.25871092185119,105.91849110229762,0.0,0.0,0.0,0.0,105.91849110229762,49.99247281639381,49.69091786372914,102.84323828886852,102.77550393699846,69.72812598127378,33.11511230759474,31.999999641131875,True,2,0.0,0.0,6.000571025752021,0.0
dry_stable,42,B,20,22.07701263403288,138.64292792618213,116.56591529214926,84.1035615272297,106.14037835706183,0.0,0.0,0.0,0.0,106.14037835706183,49.69091786372914,49.80792704217797,102.77550393699846,102.80178042303505,69.72961904001143,33.04588489698703,31.999999621120452,True,3,0.0,0.0,0.0,0.0
dry_stable,42,B,21,22.14433447384115,148.04684883793874,125.9025143640976,58.047759137362874,106.05418767653056,0.0,0.0,0.0,0.0,106.05418767653056,49.80792704217797,49.959100622359045,102.80178042303505,102.83574022238354,69.72903898950334,33.07274143353172,31.999999628957568,True,4,0.0,0.0,0.0,0.0
dry_stable,42,B,22,22.575142993445805,139.7179770927146,117.14283409926878,306.19725401582684,306.19725401582684,0.0,0.0,0.0,0.0,306.19725401582684,49.959100622359045,49.35977522543584,102.83574022238354,102.70119918807309,71.34329638051508,31.49244384186845,87.97506798827303,True,5,0.0,0.0,97.61600437416011,0.0
dry_stable,42,B,23,22.14757306219129,233.99831330202886,211.85074023983756,190.2251536971272,190.2251536971272,0.0,0.0,0.0,0.0,190.2251536971272,49.35977522543584,49.51735860001349,102.70119918807309,102.73654657148724,70.34304051534338,32.358158672729715,56.15697425454218,True,6,0.0,0.0,40.26337590023765,0.0
dry_variable,43,A,0,122.61105308596284,122.61105308596284,0.0,289.68856618035613,289.68856618035613,0.0,0.0,0.0,0.0,289.68856618035613,10.8,10.198520952860186,147.65788859744896,147.2718397871299,107.08654011404882,40.57134848340014,108.37962847895116,True,1,0.0,0.0,0.0,0.0
dry_variable,43,A,1,90.8976995594346,90.8976995594346,0.0,167.56142110299848,167.56142110299848,0.0,0.0,0.0,0.0,167.56142110299848,10.198520952860186,9.922531555303356,147.2718397871299,147.088407139913,106.37724711153598,40.89459267559391,63.18831620996009,True,2,0.0,0.0,0.0,0.0
dry_variable,43,A,2,106.94520528007291,106.94520528007291,0.0,235.01100392778298,235.01100392778298,0.0,0.0,0.0,0.0,235.01100392778298,9.922531555303356,9.461494680171601,147.088407139913,146.77326541737787,106.75565334424,40.332753795672986,87.40633975493635,True,3,0.0,0.0,7.147379079800366,0.0
dry_variable,43,A,3,70.07820862459543,70.07820862459543,0.0,84.65495807923668,120.07284493123431,0.0,0.0,0.0,0.0,120.07284493123431,9.461494680171601,9.281513989467701,146.77326541737787,146.6473098491853,106.13166041323511,40.64160500414276,44.999999842951944,True,4,0.0,0.0,233.14282155822087,0.0
dry_variable,43,A,4,80.39409457402863,80.39409457402863,0.0,153.33510962342936,153.33510962342936,0.0,0.0,0.0,0.0,153.33510962342936,9.281513989467701,9.018926335289859,146.6473098491853,146.46062689052283,106.30179713632072,40.345512712864576,57.0471178640464,True,5,0.0,0.0,1151.7410743620965,0.0
dry_variable,43,A,5,94.74769352365897,94.74769352365897,0.0,27.445767201107145,0.0,0.0,0.0,0.0,0.0,0.0,9.018926335289859,9.36001803197503,146.46062689052283,146.70245007197465,105.6,40.86062689052284,0.0,False,1,250.0,1500.0,95.15988457752657,0.0
dry_variable,43,A,6,118.31448983487576,118.31448983487576,0.0,31.105638918966054,0.0,0.0,0.0,0.0,0.0,0.0,9.36001803197503,9.785950195380584,146.70245007197465,146.9961791082964,105.6,41.10245007197466,0.0,False,2,0.0,0.0,0.0,0.0
dry_variable,43,A,7,84.6991952457024,84.6991952457024,0.0,26.850988883371024,0.0,0.0,0.0,0.0,0.0,0.0,9.785950195380584,10.090867298265113,146.9961791082964,147.2007573078222,105.6,41.396179108296394,0.0,False,3,0.0,0.0,0.0,0.0
dry_variable,43,A,8,103.20572873157401,103.20572873157401,0.0,46.53039379626048,0.0,0.0,0.0,0.0,0.0,0.0,10.090867298265113,10.46240792169878,147.2007573078222,147.44353647763876,105.6,41.60075730782219,0.0,False,4,0.0,0.0,0.0,0.0
dry_variable,43,A,9,98.0916541442318,98.0916541442318,0.0,46.63142863673806,0.0,0.0,0.0,0.0,0.0,0.0,10.46240792169878,10.815537876618015,147.44353647763876,147.66761042823222,105.6,41.843536477638764,0.0,False,5,0.0,0.0,0.0,0.0
dry_variable,43,A,10,135.80762690656096,135.80762690656096,0.0,87.08986998165634,117.4506193811662,0.0,0.0,0.0,0.0,117.4506193811662,10.815537876618015,10.881623103709435,147.66761042823222,147.70881723446644,106.11863292693106,41.54897750130117,44.99999990531675,True,1,250.0,1500.0,0.0,0.0
dry_variable,43,A,11,80.4016706748815,80.4016706748815,0.0,188.43028245292396,188.43028245292396,0.0,0.0,0.0,0.0,188.43028245292396,10.881623103709435,10.492720101308482,147.70881723446644,147.46302668969406,106.49072840133556,41.21808883313088,71.62018046615772,True,2,0.0,0.0,0.0,0.0
dry_variable,43,A,12,107.50529791480491,107.50529791480491,0.0,109.55917622807289,118.04014579285787,0.0,0.0,0.0,0.0,118.04014579285787,10.492720101308482,10.454794648947491,147.46302668969406,147.43863373878173,106.12155673435117,41.34146995534289,44.99999989275504,True,3,0.0,0.0,0.0,0.0
dry_variable,43,A,13,77.32020904115143,77.32020904115143,0.0,93.14709856817431,118.11083763716191,0.0,0.0,0.0,0.0,118.11083763716191,10.454794648947491,10.307948386001854,147.43863373878173,147.3434777120126,106.12190753248886,41.31672620629287,44.9999998911948,True,4,0.0,0.0,0.0,0.0
dry_variable,43,A,14,102.92194975902261,102.92194975902261,0.0,108.7478197553731,118.38742818353117,0.0,0.0,0.0,0.0,118.38742818353117,10.307948386001854,10.252272663673624,147.3434777120126,147.307106647305,106.12328047611194,41.220197235900656,44.99999988497634,True,5,0.0,0.0,0.0,0.0
dry_variable,43,A,15,82.34852163803589,82.34852163803589,0.0,48.634621124682816,0.0,0.0,0.0,0.0,0.0,0.0,10.252272663673624,10.548727341570553,147.307106647305,147.49891213436263,105.6,41.70710664730501,0.0,False,1,250.0,1500.0,0.0,0.0
dry_variable,43,A,16,106.36675345205367,106.36675345205367,0.0,54.54147771554178,0.0,0.0,0.0,0.0,0.0,0.0,10.548727341570553,10.931647653997945,147.49891213436263,147.73985676656088,105.6,41.89891213436263,0.0,False,2,0.0,0.0,0.0,0.0
dry_variable,43,A,17,89.6823178695116,89.6823178695116,0.0,195.84655167316222,195.84655167316222,0.0,0.0,0.0,0.0,195.84655167316222,10.931647653997945,10.549456412304803,147.73985676656088,147.499378189972,106.53184396189152,41.20801280466935,74.42082189397637,True,1,250.0,3000.0,0.0,0.0
dry_variable,43,A,18,111.21323331044292,111.21323331044292,0.0,63.10732813978905,117.93495689953163,0.0,0.0,0.0,0.0,117.93495689953163,10.549456412304803,10.525258207384084,147.499378189972,147.48389473857807,106.12103482714393,41.37834336282806,44.99999989505505,True,2,0.0,0.0,0.0,0.0
dry_variable,43,A,19,77.35608332111562,77.35608332111562,0.0,158.17761717681185,158.17761717681185,0.0,0.0,0.0,0.0,158.17761717681185,10.525258207384084,10.234300685503579,147.48389473857807,147.2953317928147,106.32730312412248,41.15659161445559,60.031789756866075,True,3,0.0,0.0,0.0,0.0
dry_variable,43,A,20,147.0233367193336,147.0233367193336,0.0,133.90164385179108,133.90164385179108,0.0,0.0,0.0,0.0,133.90164385179108,10.234300685503579,10.281538779826732,147.2953317928147,147.32624528833102,106.20130628218904,41.094025510625656,50.741284360876875,True,4,0.0,0.0,0.0,0.0
dry_variable,43,A,21,72.47855986411703,72.47855986411703,0.0,61.79407833565435,118.43765857150248,0.0,0.0,0.0,0.0,118.43765857150248,10.281538779826732,10.116086024480145,147.32624528833102,147.2174627403335,106.12352987914817,41.20271540918286,44.99999988382739,True,5,0.0,0.0,0.0,0.0
dry_variable,43,A,22,88.39774803558963,88.39774803558963,0.0,259.66753262957997,259.66753262957997,0.0,0.0,0.0,0.0,259.66753262957997,10.116086024480145,9.49951479994178,147.2174627403335,146.79966358865948,106.90222347682828,40.31523926350522,96.53476726004341,True,6,0.0,0.0,0.0011317259003508259,0.0
dry_variable,43,A,23,86.80474332438571,86.80474332438571,0.0,103.79576079221374,119.99374193631073,0.0,0.0,0.0,0.0,119.99374193631073,9.49951479994178,9.38003440493885,146.79966358865948,146.71645964066025,106.13126657974703,40.66839700891245,44.999999845090954,True,7,0.0,0.0,69.78991638616951,0.0
dry_variable,43,B,0,22.055555901285487,22.055555901285487,0.0,146.6121426882484,146.6121426882484,0.0,0.0,0.0,0.0,146.6121426882484,53.6,53.15159628756693,103.64685767707344,103.54854830380813,70.01318478831905,33.63367288875439,44.98794886610759,True,1,0.0,0.0,0.0,0.0
dry_variable,43,B,1,23.93122135656937,313.6197875369255,289.68856618035613,165.53125053468892,165.53125053468892,0.0,0.0,0.0,0.0,165.53125053468892,53.15159628756693,53.68471502077498,103.54854830380813,103.66535187874953,70.15322633869776,33.39532196511037,50.4333232899095,True,2,0.0,0.0,0.0,0.0
dry_variable,43,B,2,38.22976535810126,205.79118646109976,167.56142110299848,114.17333588897327,114.17333588897327,0.0,0.0,0.0,0.0,114.17333588897327,53.68471502077498,54.01453928283463,103.66535187874953,103.73709822732913,69.78413161332965,33.881220265419884,35.29195280363929,True,3,0.0,0.0,0.0,0.0
dry_variable,43,B,3,23.21757457697831,258.2285785047613,235.01100392778298,102.63215207762973,103.07686034745359,0.0,0.0,0.0,0.0,103.07686034745359,54.01453928283463,54.573085468200944,103.73709822732913,103.85758791569764,69.70906561826338,34.02803260906575,31.99999997723157,True,4,0.0,0.0,0.0,0.0
dry_variable,43,B,4,33.08903175275947,153.1618766839938,120.07284493123431,257.4771745455738,257.4771745455738,0.0,0.0,0.0,0.0,257.4771745455738,54.573085468200944,54.197550395899256,103.85758791569764,103.77672273188146,70.90053316184004,32.95705475385759,77.41748954984718,True,5,0.0,0.0,0.0,0.0
dry_variable,43,B,5,15.426881483576038,168.7619911070054,153.33510962342936,164.06674930590066,164.06674930590066,0.0,0.0,0.0,0.0,164.06674930590066,54.197550395899256,54.21445326638323,103.77672273188146,103.78037548150182,70.1422185418165,33.63450419006496,50.34514075728547,True,6,0.0,0.0,0.0,0.0
dry_variable,43,B,6,35.97555740333798,35.97555740333798,0.0,66.36455215235873,102.94323238323035,0.0,0.0,0.0,0.0,102.94323238323035,54.21445326638323,53.973369636455615,103.78037548150182,103.72816573921432,69.70817208044801,34.07220340105381,31.999999862096505,True,7,0.0,0.0,0.0,0.0
dry_variable,43,B,7,24.415820375037153,24.415820375037153,0.0,285.83278523701813,285.83278523701813,0.0,0.0,0.0,0.0,285.83278523701813,53.973369636455615,53.03226856295248,103.72816573921432,103.5222752412682,71.1540390291497,32.57412671006462,84.94479616761788,True,8,0.0,0.0,0.0,0.0
dry_variable,43,B,8,26.84435105012904,26.84435105012904,0.0,70.85385362717845,103.74545912933598,0.0,0.0,0.0,0.0,103.74545912933598,53.03226856295248,52.75542457386734,103.5222752412682,103.46115604497142,69.71354012829875,33.80873511296946,31.999999810584026,True,9,0.0,0.0,0.0,0.0
dry_variable,43,B,9,29.988224057083656,29.988224057083656,0.0,100.33358340637301,103.93730690623373,0.0,0.0,0.0,0.0,103.93730690623373,52.75542457386734,52.4892078756104,103.46115604497142,103.40218186346304,69.714825198551,33.74633084642042,31.999999803892837,True,10,0.0,0.0,0.0,0.0
dry_variable,43,B,10,26.56936075640687,26.56936075640687,0.0,52.64717506837472,104.12311124376507,0.0,0.0,0.0,0.0,104.12311124376507,52.4892078756104,52.210014373855905,103.40218186346304,103.34014256655574,69.71607027778401,33.68611158567903,31.999999784385754,True,11,0.0,0.0,0.0,0.0
dry_variable,43,B,11,16.79095892719588,134.24157830836208,117.4506193811662,301.15742300756625,301.15742300756625,0.0,0.0,0.0,0.0,301.15742300756625,52.210014373855905,51.60911733293877,103.34014256655574,103.206063474188,71.29588093343233,32.04426163312341,88.04319558312199,True,12,0.0,0.0,0.0,0.0
dry_variable,43,B,12,23.466024205144258,211.89630665806823,188.43028245292396,70.18596986299207,104.74592340588255,0.0,0.0,0.0,0.0,104.74592340588255,51.60911733293877,51.99485871264664,103.206063474188,103.29221421872111,69.7202472733725,33.485816200815506,31.99999973829978,True,13,0.0,0.0,0.0,0.0
dry_variable,43,B,13,23.05540672513465,141.09555251799253,118.04014579285787,306.7351011113201,306.7351011113201,0.0,0.0,0.0,0.0,306.7351011113201,51.99485871264664,51.39855633771066,103.29221421872111,103.15893522174932,71.3483793316458,31.94383488707531,89.39278864150879,True,14,0.0,0.0,0.0,0.0
dry_variable,43,B,14,34.826122576777614,152.93696021393953,118.11083763716191,122.22461988718476,122.22461988718476,0.0,0.0,0.0,0.0,122.22461988718476,51.39855633771066,51.50912076288697,103.15893522174932,103.18368999640656,69.83965829128276,33.31927693046656,37.15405497326868,True,15,0.0,0.0,0.0,0.0
dry_variable,43,B,15,24.579961759209507,142.96738994274068,118.38742818353117,277.174865635869,277.174865635869,0.0,0.0,0.0,0.0,277.174865635869,51.50912076288697,51.02597385039171,103.18368999640656,103.0754056679441,71.07542306319421,32.10826693321235,81.19376240097635,True,16,0.0,0.0,0.0,0.0
dry_variable,43,B,16,31.256580211161637,31.256580211161637,0.0,158.32863936373025,158.32863936373025,0.0,0.0,0.0,0.0,158.32863936373025,51.02597385039171,50.56851443744246,103.0754056679441,102.97268290242562,70.09935852908755,32.97604713885654,47.63322987064301,True,17,0.0,0.0,0.0,0.0
dry_variable,43,B,17,19.97455703904906,19.97455703904906,0.0,227.0924156123054,227.0924156123054,0.0,0.0,0.0,0.0,227.0924156123054,50.56851443744246,49.822890146578736,102.97268290242562,102.8051412495649,70.64121923346109,32.33146366896453,66.98536864559387,True,18,0.0,0.0,0.0,0.0
dry_variable,43,B,18,37.49519068632731,233.34174235948953,195.84655167316222,198.59007026611042,198.59007026611042,0.0,0.0,0.0,0.0,198.59007026611042,49.822890146578736,49.9479961661149,102.8051412495649,102.83324536249975,70.40913676443317,32.396004485131726,58.69497687210031,True,19,0.0,0.0,0.0,0.0
dry_variable,43,B,19,19.662630323926642,137.59758722345828,117.93495689953163,302.45110768852334,302.45110768852334,0.0,0.0,0.0,0.0,302.45110768852334,49.9479961661149,49.35452349244066,102.83324536249975,102.70002163111107,71.30801538164887,31.52522998085088,86.9892124123373,True,20,0.0,0.0,99.95674245690294,0.0
dry_variable,43,B,20,26.64430073510821,184.82191791192005,158.17761717681185,223.39072936740092,223.39072936740092,0.0,0.0,0.0,0.0,223.39072936740092,49.35452349244066,49.215675771200935,102.70002163111107,102.66890076366431,70.61047396131939,32.089547669791685,65.40044410092045,True,21,0.0,0.0,171.8700976780005,0.0
dry_variable,43,B,21,28.10787323610307,162.00951708789415,133.90164385179108,122.76181088213947,122.76181088213947,0.0,0.0,0.0,0.0,122.76181088213947,49.215675771200935,49.356967513541655,102.66890076366431,102.7005696318721,69.84339453049252,32.825506233171794,36.76433159670241,True,22,0.0,0.0,98.86398106049285,0.0
dry_variable,43,B,22,33.978714020646365,152.41637259214883,118.43765857150248,167.8477254090564,167.8477254090564,0.0,0.0,0.0,0.0,167.8477254090564,49.356967513541655,49.30141464340079,102.7005696318721,102.68811521958901,70.17069505376409,32.52987457810801,49.81381517269321,True,23,0.0,0.0,125.18204087615236,0.0
dry_variable,43,B,23,24.691330559708312,284.3588631892883,259.66753262957997,255.2273321716485,255.2273321716485,0.0,0.0,0.0,0.0,255.2273321716485,49.30141464340079,49.406288155064296,102.68811521958901,102.711629772314,70.88090194269806,31.80721327689095,74.06358975051866,True,24,0.0,0.0,78.09297141275344,0.0
typical,44,A,0,206.02732919209703,206.02732919209703,0.0,187.32824793619432,187.32824793619432,0.0,0.0,0.0,0.0,187.32824793619432,10.8,10.86731669252125,147.65788859744896,147.69991608932787,106.48465369368864,41.17323490376032,71.12382787182509,True,1,0.0,0.0,0.0,0.0
typical,44,A,1,188.90109873138024,188.90109873138024,0.0,227.10581261089956,227.10581261089956,0.0,0.0,0.0,0.0,227.10581261089956,10.86731669252125,10.72977972255498,147.69991608932787,147.6137946048364,106.70958286848075,40.99033322084712,85.84333066368643,True,2,0.0,0.0,0.0,0.0
typical,44,A,2,199.8226662497351,199.8226662497351,0.0,167.14118465812956,167.14118465812956,0.0,0.0,0.0,0.0,167.14118465812956,10.72977972255498,10.84743305628476,147.6137946048364,147.68752703304077,106.37499593614125,41.23879866869514,63.56035911854296,True,3,0.0,0.0,0.0,0.0
typical,44,A,3,221.71792691330214,221.71792691330214,0.0,197.61799224862986,197.61799224862986,0.0,0.0,0.0,0.0,197.61799224862986,10.84743305628476,10.93419282107758,147.68752703304077,147.74143248504333,106.54172510703485,41.145801926005916,74.98059367430335,True,4,0.0,0.0,0.0,0.0
typical,44,A,4,220.1463804516872,220.1463804516872,0.0,141.12021483479955,141.12021483479955,0.0,0.0,0.0,0.0,141.12021483479955,10.93419282107758,11.218687017298375,147.74143248504333,147.91541023795023,106.23828117983341,41.503151305209926,54.00912776196441,True,5,0.0,0.0,0.0,0.0
typical,44,A,5,218.01113292130148,218.01113292130148,0.0,177.02662435399282,177.02662435399282,0.0,0.0,0.0,0.0,177.02662435399282,11.218687017298375,11.366231248140686,147.91541023795023,148.00395442642827,106.42830895179927,41.48710128615096,67.72492623325067,True,6,0.0,0.0,0.0,0.0
typical,44,A,6,199.15116891698085,199.15116891698085,0.0,129.83198019971172,129.83198019971172,0.0,0.0,0.0,0.0,129.83198019971172,11.366231248140686,11.615780327522854,148.00395442642827,148.15108928361326,106.18064699675308,41.82330742967518,50.07222802367647,True,7,0.0,0.0,0.0,0.0
typical,44,A,7,185.0830514481938,185.0830514481938,0.0,168.35969919500826,168.35969919500826,0.0,0.0,0.0,0.0,168.35969919500826,11.615780327522854,11.675984395634321,148.15108928361326,148.18609126389012,106.38152715957104,41.769562124042224,64.84775186891564,True,8,0.0,0.0,0.0,0.0
typical,44,A,8,211.03330994824435,211.03330994824435,0.0,281.58840043386607,281.58840043386607,0.0,0.0,0.0,0.0,281.58840043386607,11.675984395634321,11.421986069886083,148.18609126389012,148.03711396977036,107.03617427421112,41.149916989679,106.85149064969929,True,9,0.0,0.0,0.0,0.0
typical,44,A,9,188.89918480974114,188.89918480974114,0.0,194.1343623250345,194.1343623250345,0.0,0.0,0.0,0.0,194.1343623250345,11.421986069886083,11.403139430831027,148.03711396977036,148.02592356915775,106.52231538644297,41.51479858332739,74.31940254777444,True,10,0.0,0.0,0.0,0.0
typical,44,A,10,209.5069946474071,209.5069946474071,0.0,170.32393986129014,170.32393986129014,0.0,0.0,0.0,0.0,170.32393986129014,11.403139430831027,11.544198428061048,148.02592356915775,148.10922209829982,106.3920794170582,41.633844152099556,65.39116392538581,True,11,0.0,0.0,0.0,0.0
typical,44,A,11,190.93832130388105,190.93832130388105,0.0,140.37639611303624,140.37639611303624,5.023589733059716,5.0,0.0,0.023589733059716032,145.39998584609594,11.544198428061048,11.708136435709074,148.10922209829982,148.20470530376772,106.26040063757928,41.84882146072054,54.17191414794953,True,12,0.0,0.0,0.0,0.22139883546668843
typical,44,A,12,166.58470167006368,166.58470167006368,0.0,201.03309202190292,201.03309202190292,0.0,0.0,0.0,0.0,201.03309202190292,11.708136435709074,11.584122230442453,148.20470530376772,148.13260645843397,106.5608399918561,41.643865311911625,77.1996704812131,True,13,0.0,0.0,0.0,0.0
typical,44,A,13,177.6438510418012,177.6438510418012,0.0,222.5425063767968,222.5425063767968,0.0,0.0,0.0,0.0,222.5425063767968,11.584122230442453,11.42248707123647,148.13260645843397,148.03741118810308,106.68319336025365,41.449413098180315,85.0605568485543,True,14,0.0,0.0,0.0,0.0
typical,44,A,14,178.3078549054943,178.3078549054943,0.0,161.64789112863406,161.64789112863406,0.0,0.0,0.0,0.0,161.64789112863406,11.42248707123647,11.482462940833166,148.03741118810308,148.0728956835693,106.34569381453998,41.691717373563094,62.146502050187785,True,15,0.0,0.0,0.0,0.0
typical,44,A,15,163.76455967037492,163.76455967037492,0.0,120.84972756309355,120.84972756309355,0.0,0.0,0.0,0.0,120.84972756309355,11.482462940833166,11.636956336419379,148.0728956835693,148.1634227104626,106.13553108808371,41.93736459548559,46.735153340364825,True,16,0.0,0.0,0.0,0.0
typical,44,A,16,144.3609270761776,144.3609270761776,0.0,148.10093112323517,148.10093112323517,0.0,0.0,0.0,0.0,148.10093112323517,11.636956336419379,11.623492321849971,148.1634227104626,148.1555836930664,106.2744352166157,41.88898749384691,57.20770335346947,True,17,0.0,0.0,0.0,0.0
typical,44,A,17,157.95777072373517,157.95777072373517,0.0,172.7619669105331,172.7619669105331,0.0,0.0,0.0,0.0,172.7619669105331,11.623492321849971,11.5701972155775,148.1555836930664,148.12445983373405,106.4052179471647,41.7503657459017,66.51280834210196,True,18,0.0,0.0,0.0,0.0
typical,44,A,18,158.46212608223604,158.46212608223604,0.0,137.30358885494974,137.30358885494974,0.0,0.0,0.0,0.0,137.30358885494974,11.5701972155775,11.64636794959573,148.12445983373405,148.16889662665548,106.21867928368496,41.90578055004909,53.05822100321955,True,19,0.0,0.0,0.0,0.0
typical,44,A,19,166.60743420297396,166.60743420297396,0.0,177.05879706841398,177.05879706841398,0.0,0.0,0.0,0.0,177.05879706841398,11.64636794959573,11.608743043280146,148.16889662665548,148.14698532923535,106.42848367543124,41.74041295122424,68.15082407415449,True,20,0.0,0.0,0.0,0.0
typical,44,A,20,167.92562329412561,167.92562329412561,0.0,124.48040965002147,124.48040965002147,5.248684757455864,5.0,0.0,0.24868475745586416,129.72909440747733,11.608743043280146,11.74625054727208,148.14698532923535,148.2266999271185,106.18012645983954,41.96685886939581,48.1730711190137,True,21,0.0,0.0,0.0,7.128861081332118
typical,44,A,21,146.2935163000494,146.2935163000494,0.0,177.93634126029565,177.93634126029565,0.0,0.0,0.0,0.0,177.93634126029565,11.74625054727208,11.632336377415193,148.2266999271185,148.16073396240876,106.43325246474387,41.793447462374615,68.57561546199015,True,22,0.0,0.0,0.0,0.0
typical,44,A,22,158.21210691922073,158.21210691922073,0.0,172.54862355866481,172.54862355866481,0.0,0.0,0.0,0.0,172.54862355866481,11.632336377415193,11.580724917513194,148.16073396240876,148.13061985920515,106.40406642994012,41.75666753246864,66.44069885339559,True,23,0.0,0.0,0.0,0.0
typical,44,A,23,183.491442833258,183.491442833258,0.0,110.86654308338353,116.20789134198964,5.729865271012645,5.0,0.0,0.7298652710126455,121.93775661300228,11.580724917513194,11.802318187906115,148.13061985920515,148.25891485641588,106.14096045125225,41.9896594079529,44.99609589454069,True,24,0.0,0.0,0.0,34.70960306505655
typical,44,B,0,49.81392838749444,49.81392838749444,0.0,191.63135297889585,191.63135297889585,0.0,0.0,0.0,0.0,191.63135297889585,53.6,53.089457271470955,103.64685767707344,103.53487234421706,70.35408809702625,33.29276958004719,58.20609272581714,True,1,0.0,0.0,0.0,0.0
typical,44,B,1,67.17378972863305,254.50203766482736,187.32824793619432,71.54063305209436,103.7060079757726,0.0,0.0,0.0,0.0,103.7060079757726,53.089457271470955,53.63232297835155,103.53487234421706,103.653917223143,69.71327593305803,33.821596411159035,31.99999981324713,True,2,0.0,0.0,0.0,0.0
typical,44,B,2,59.08554822023927,286.1913608311388,227.10581261089956,254.8371593045968,254.8371593045968,0.0,0.0,0.0,0.0,254.8371593045968,53.63232297835155,53.7451981038471,103.653917223143,103.67853979751507,70.87750454694981,32.77641267619319,76.20371257326318,True,3,0.0,0.0,0.0,0.0
typical,44,B,3,63.56489079123532,230.70607544936487,167.14118465812956,232.23925175455372,232.23925175455372,0.0,0.0,0.0,0.0,232.23925175455372,53.7451981038471,53.739678669148425,103.67853979751507,103.6773368888385,70.6842700066153,32.99426979089978,69.90787496219295,True,4,0.0,0.0,0.0,0.0
typical,44,B,4,77.57924038397559,275.19723263260545,197.61799224862986,229.37583147722998,229.37583147722998,0.0,0.0,0.0,0.0,229.37583147722998,53.739678669148425,53.904635713307776,103.6773368888385,103.71323774528233,70.66027538362675,33.01706150521174,69.093633276106,True,5,0.0,0.0,0.0,0.0
typical,44,B,5,68.25037799160515,209.3705928264047,141.12021483479955,141.7790853991546,141.7790853991546,0.0,0.0,0.0,0.0,141.7790853991546,53.904635713307776,54.147965140045876,103.71323774528233,103.76600038352525,69.97816542574684,33.73507231953549,43.6360842793711,True,6,0.0,0.0,0.0,0.0
typical,44,B,6,66.91703389894134,243.94365825293414,177.02662435399282,208.61252884583595,208.61252884583595,0.0,0.0,0.0,0.0,208.61252884583595,54.147965140045876,54.27515720591143,103.76600038352525,103.79348385171524,70.48953098800503,33.27646939552022,63.33293072856861,True,7,0.0,0.0,0.0,0.0
typical,44,B,7,70.62645282145836,200.4584330211701,129.83198019971172,167.52734572505997,167.52734572505997,0.0,0.0,0.0,0.0,167.52734572505997,54.27515720591143,54.39370912017743,103.79348385171524,103.81903862593089,70.16827487643991,33.62520897527533,51.39284449142442,True,8,0.0,0.0,0.0,0.0
typical,44,B,8,67.15733642778224,235.5170356227905,168.35969919500826,191.62960540583444,191.62960540583444,0.0,0.0,0.0,0.0,191.62960540583444,54.39370912017743,54.55170386895847,103.81903862593089,103.85300036635434,70.35407435153928,33.464964274391605,58.50660893432285,True,9,0.0,0.0,0.0,0.0
typical,44,B,9,62.21018084287692,343.798581276743,281.58840043386607,200.35937444849696,200.35937444849696,0.0,0.0,0.0,0.0,200.35937444849696,54.55170386895847,55.068085013540156,103.85300036635434,103.96319944061574,70.423233816468,33.42976654988634,61.107563370193844,True,10,0.0,0.0,0.0,0.0
typical,44,B,10,66.1115811676349,260.24594349266937,194.1343623250345,166.25109114896946,166.25109114896946,0.0,0.0,0.0,0.0,166.25109114896946,55.068085013540156,55.406466481977475,103.96319944061574,104.03470622639226,70.15864721738677,33.80455222322897,51.27334462356355,True,11,0.0,0.0,0.0,0.0
typical,44,B,11,75.64809744095102,245.97203730224118,170.32393986129014,147.928211454459,147.928211454459,0.0,0.0,0.0,0.0,147.928211454459,55.406466481977475,55.759424255029494,104.03470622639226,104.10865678756491,70.0227742630088,34.01193196338346,45.90228065277044,True,12,0.0,0.0,0.0,0.0
typical,44,B,12,65.51778441442057,210.91777026051653,145.39998584609594,129.35851659700245,129.35851659700245,0.0,0.0,0.0,0.0,129.35851659700245,55.759424255029494,56.053037568218144,104.10865678756491,104.16965347440944,69.88959394523226,34.21906284233265,40.384535682437125,True,13,0.0,0.0,0.0,0.0
typical,44,B,13,60.19605848635446,261.22915050825736,201.03309202190292,184.70451886058558,184.70451886058558,18.074654911017486,18.0,0.0,0.07465491101748463,202.77917377160307,56.053037568218144,56.2634574844701,104.16965347440944,104.2130647058066,70.44257980455124,33.7270736698582,56.83398887429089,True,14,0.0,0.0,0.0,1.7068653781297924
typical,44,B,14,56.92792734413509,279.4704337209319,222.5425063767968,196.63154081057138,196.63154081057138,18.69169506656996,18.0,0.0,0.6916950665699586,215.32323587714134,56.2634574844701,56.49438739670775,104.2130647058066,104.26040718084478,70.54409466939833,33.66897003640827,60.399726135370955,True,15,0.0,0.0,0.0,36.49027497613597
typical,44,B,15,57.91506353291772,219.56295466155177,161.64789112863406,221.68572477705578,221.68572477705578,18.454381291345893,18.0,0.0,0.4543812913458927,240.14010606840168,56.49438739670775,56.420309651643095,104.26040718084478,104.24525539783122,70.75104549887914,33.50936168196564,67.7728640428347,True,16,0.0,0.0,0.0,20.480510328613097
typical,44,B,16,55.463871597946905,176.31359916104046,120.84972756309355,213.89223188165008,213.89223188165008,18.014150772506436,18.0,0.0,0.014150772506436994,231.90638265415652,56.420309651643095,56.220175631067875,104.24525539783122,104.20415638370895,70.68147504627444,33.56378035155677,65.49646164002944,True,17,0.0,0.0,0.0,0.17275525535988004
typical,44,B,17,46.91104271622749,195.01197383946266,148.10093112323517,171.45084705206816,171.45084705206816,18.038288621813447,18.0,0.0,0.03828862181344837,189.4891356738816,56.220175631067875,56.24005784846397,104.20415638370895,104.20824993010824,70.33726835575375,33.8668880279552,52.9745020233335,True,18,0.0,0.0,0.0,0.6806134679076317
typical,44,B,18,53.58599567607821,226.3479625866113,172.7619669105331,202.62428780050868,202.62428780050868,18.06951282045048,18.0,0.0,0.06951282045048171,220.69380062095917,56.24005784846397,56.260412831540314,104.20824993010824,104.21243841149426,70.5881881337116,33.62006179639664,62.15011902056722,True,19,0.0,0.0,0.0,1.5471408050050486
typical,44,B,19,51.574682930606045,188.8782717855558,137.30358885494974,135.68525152379738,135.68525152379738,18.354987940801685,18.0,0.0,0.35498794080168566,154.04023946459907,56.260412831540314,56.385829747895755,104.21243841149426,104.23819166543085,70.06760840952366,34.144830001970604,42.267791339634,True,20,0.0,0.0,0.0,14.586033083815298
typical,44,B,20,61.163533529887076,238.22233059830106,177.05879706841398,211.8793951782497,211.8793951782497,18.43649687991174,18.0,0.0,0.436496879911739,230.31589205816144,56.385829747895755,56.41429292664026,104.23819166543085,104.24402329327285,70.66814077061,33.57005089482085,64.89222721370605,True,21,0.0,0.0,0.0,19.380503505867868
typical,44,B,21,52.50391073697804,182.23300514445538,129.72909440747733,199.06734492551305,199.06734492551305,18.12089313546624,18.0,0.0,0.12089313546623989,217.1882380609793,56.41429292664026,56.288454088140774,104.24402329327285,104.21820451848149,70.5593636878784,33.684659605394444,61.176431863556644,True,22,0.0,0.0,0.0,3.3140449314263876
typical,44,B,22,62.4472779775234,240.38361923781906,177.93634126029565,141.04867696189444,141.04867696189444,18.992361751609906,18.0,0.0,0.9923617516099044,160.04103871350435,56.288454088140774,56.57768737802831,104.21820451848149,104.27740556217185,70.11210398057571,34.106100537905775,43.88873270485158,True,23,0.0,0.0,0.0,59.916210551397434
typical,44,B,23,51.00572146938,223.55434502804482,172.54862355866481,195.57369685041675,195.57369685041675,19.116009957840806,18.0,0.0,1.116009957840805,214.68970680825757,56.57768737802831,56.60960007561954,104.27740556217185,104.28390651765402,70.53891828837007,33.73848727380178,60.19882401262828,True,24,0.0,0.0,0.0,70.40303704823461
upstream_peak,45,A,0,177.20948811205605,177.20948811205605,0.0,296.21181511401153,296.21181511401153,0.0,0.0,0.0,0.0,296.21181511401153,10.8,10.37159162279296,147.65788859744896,147.38485626729448,107.12744290527884,40.53044569217012,110.7084111232471,True,1,0.0,0.0,0.0,0.0
upstream_peak,45,A,1,173.53197516396577,173.53197516396577,0.0,139.16387493626328,139.16387493626328,0.0,0.0,0.0,0.0,139.16387493626328,10.37159162279296,10.49531678361269,147.38485626729448,147.4646940812146,106.22821892686669,41.15663734042779,52.81572647770913,True,2,0.0,0.0,0.0,0.0
upstream_peak,45,A,2,190.73080229467928,190.73080229467928,0.0,82.52141952200533,118.03531675747419,0.0,0.0,0.0,0.0,118.03531675747419,10.49531678361269,10.757020531546628,147.4646940812146,147.63093088596113,106.12153277248507,41.34316130872952,44.999999892861204,True,3,0.0,0.0,0.0,0.0
upstream_peak,45,A,3,207.14940997563926,207.14940997563926,0.0,59.07900448507555,117.55587436464589,0.0,0.0,0.0,0.0,117.55587436464589,10.757020531546628,11.079557259746204,147.63093088596113,147.83086137426753,106.11915473423991,41.51177615172122,44.99999990313203,True,4,0.0,0.0,0.0,0.0
upstream_peak,45,A,4,185.87507489068756,185.87507489068756,0.0,276.4762249551805,276.4762249551805,0.0,0.0,0.0,0.0,276.4762249551805,11.079557259746204,10.75339311951403,147.83086137426753,147.62865125057212,107.00462895420723,40.82623242006029,104.08639221953679,True,5,0.0,0.0,0.0,0.0
upstream_peak,45,A,5,198.07129097353206,198.07129097353206,0.0,267.7868204418464,267.7868204418464,0.0,0.0,0.0,0.0,267.7868204418464,10.75339311951403,10.502417213428098,147.62865125057212,147.46925163831503,106.95143795953982,40.6772132910323,100.44706520958037,True,6,0.0,0.0,0.0,0.0
upstream_peak,45,A,6,210.54467764373663,210.54467764373663,0.0,298.82566170657594,298.82566170657594,0.0,0.0,0.0,0.0,298.82566170657594,10.502417213428098,10.184605670801876,147.46925163831503,147.26268546010164,107.14391840108725,40.32533323722778,111.12012360091198,True,7,0.0,0.0,0.0,0.0
upstream_peak,45,A,7,226.1396259002237,226.1396259002237,0.0,262.3601394042422,262.3601394042422,0.0,0.0,0.0,0.0,262.3601394042422,10.184605670801876,10.054211822187408,147.26268546010164,147.17641731327916,106.91849243448259,40.34419302561905,97.6058273319242,True,8,0.0,0.0,0.0,0.0
upstream_peak,45,A,8,202.2063449021065,202.2063449021065,0.0,315.47171894624563,315.47171894624563,0.0,0.0,0.0,0.0,315.47171894624563,10.054211822187408,9.646456475628508,147.17641731327916,146.9009985171222,107.25,39.92641731327916,116.1495776386303,True,9,0.0,0.0,0.0,0.0
upstream_peak,45,A,9,264.80573577738016,264.80573577738016,0.0,101.04928940922103,119.6910697396116,0.0,0.0,0.0,0.0,119.6910697396116,9.646456475628508,10.168869273364475,146.9009985171222,147.25232100095462,106.12976013536317,40.77123838175902,44.99999985311889,True,10,0.0,0.0,0.0,0.0
upstream_peak,45,A,10,278.1820734535427,278.1820734535427,0.0,230.05394064043998,230.05394064043998,0.0,0.0,0.0,0.0,230.05394064043998,10.168869273364475,10.342130551491644,147.25232100095462,147.36572793255345,106.72671164662503,40.52560935432959,85.97181421428783,True,11,0.0,0.0,0.0,0.0
upstream_peak,45,A,11,282.80716623578314,282.80716623578314,0.0,315.47171894624563,315.47171894624563,0.0,0.0,0.0,0.0,315.47171894624563,10.342130551491644,10.22453816173398,147.36572793255345,147.2889285710326,107.25,40.115727932553455,116.70029944015553,True,12,0.0,0.0,0.0,0.0
upstream_peak,45,A,12,295.49647018780956,295.49647018780956,0.0,194.3919193157957,194.3919193157957,0.0,0.0,0.0,0.0,194.3919193157957,10.22453816173398,10.58851454487323,147.2889285710326,147.52430531178598,106.52374733990222,40.7651812311304,73.07426337810095,True,13,0.0,0.0,0.0,0.0
upstream_peak,45,A,13,315.18606645883904,315.18606645883904,0.0,156.59945836571166,156.59945836571166,0.0,0.0,0.0,0.0,156.59945836571166,10.58851454487323,11.159426334008488,147.52430531178598,147.87952266116565,106.31897067133913,41.20533464044685,59.503232883591735,True,14,0.0,0.0,0.0,0.0
upstream_peak,45,A,14,274.0347928746019,274.0347928746019,0.0,311.2854236041899,311.2854236041899,0.0,0.0,0.0,0.0,311.2854236041899,11.159426334008488,11.025324063381971,147.87952266116565,147.7976271488416,107.22313247314165,40.656390188024005,116.70365597658238,True,15,0.0,0.0,0.0,0.0
upstream_peak,45,A,15,236.85880735879462,236.85880735879462,0.0,315.47171894624563,315.47171894624563,0.0,0.0,0.0,0.0,315.47171894624563,11.025324063381971,10.742317581667148,147.7976271488416,147.62168659025457,107.25,40.5476271488416,117.95673352390286,True,16,0.0,0.0,0.0,0.0
upstream_peak,45,A,16,260.92081382314853,260.92081382314853,0.0,179.85543367630726,179.85543367630726,0.0,0.0,0.0,0.0,179.85543367630726,10.742317581667148,11.034152950195777,147.62168659025457,147.8030480838105,106.44370156426503,41.17798502598954,68.29446626903768,True,17,0.0,0.0,0.0,0.0
upstream_peak,45,A,17,254.74956126917033,254.74956126917033,0.0,60.27155903454125,117.06362257944004,0.0,0.0,0.0,0.0,117.06362257944004,11.034152950195777,11.529822329478806,147.8030480838105,148.1007809603227,106.11671516925738,41.68633291455312,44.9999999131381,True,18,0.0,0.0,0.0,0.0
upstream_peak,45,A,18,207.210461368178,207.210461368178,0.0,285.6354710564153,285.6354710564153,0.0,0.0,0.0,0.0,285.6354710564153,11.529822329478806,11.247492294601152,148.1007809603227,147.9327873259439,107.061279739071,41.03950122125171,108.09636083935722,True,19,0.0,0.0,0.0,0.0
upstream_peak,45,A,19,218.39187437380212,218.39187437380212,0.0,79.72633768926987,116.69532911581513,0.0,0.0,0.0,0.0,116.69532911581513,11.247492294601152,11.613599857529906,147.9327873259439,148.14981797326647,106.11489126464184,41.817896061302065,44.999999920279684,True,20,0.0,0.0,0.0,0.0
upstream_peak,45,A,20,184.09943035198452,184.09943035198452,0.0,204.8409929529164,204.8409929529164,0.0,0.0,0.0,0.0,204.8409929529164,11.613599857529906,11.538930232166551,148.14981797326647,148.10613007178307,106.5822546352801,41.56756333798637,78.51783218513866,True,21,0.0,0.0,0.0,0.0
upstream_peak,45,A,21,167.1763854506895,167.1763854506895,0.0,158.03251321821847,158.03251321821847,0.0,0.0,0.0,0.0,158.03251321821847,11.538930232166551,11.571848172203447,148.10613007178307,148.1254262390276,106.32653618563772,41.77959388614535,60.88460908456297,True,22,0.0,0.0,0.0,0.0
upstream_peak,45,A,22,153.93456089954958,153.93456089954958,0.0,100.71418389750815,116.22246666411642,5.0,5.0,0.0,0.0,121.22246666411642,11.571848172203447,11.689611711451006,148.1254262390276,148.1939873357917,106.13738997928169,41.98803625974591,44.999999926600374,True,23,0.0,0.0,0.0,0.0
upstream_peak,45,A,23,169.28365251799016,169.28365251799016,0.0,243.71789701360476,243.71789701360476,0.0,0.0,0.0,0.0,243.71789701360476,11.689611711451006,11.421648431266794,148.1939873357917,148.03691365864256,106.80691496739085,41.38707236840084,93.0141431019852,True,24,0.0,0.0,0.0,0.0
upstream_peak,45,B,0,39.63835599045434,39.63835599045434,0.0,196.35747795274557,196.35747795274557,0.0,0.0,0.0,0.0,196.35747795274557,53.6,53.03581116093575,103.64685767707344,103.52305587102089,70.39140662348765,33.25545105358579,59.57475210965561,True,1,0.0,0.0,0.0,0.0
upstream_peak,45,B,1,32.83377708878418,329.0455922027957,296.21181511401153,306.9064921684039,306.9064921684039,0.0,0.0,0.0,0.0,306.9064921684039,53.03581116093575,53.115511921059564,103.52305587102089,103.54060810001657,71.35,32.17305587102089,90.08455643885847,True,2,0.0,0.0,0.0,0.0
upstream_peak,45,B,2,26.419509981987115,165.5833849182504,139.16387493626328,146.11135125833022,146.11135125833022,0.0,0.0,0.0,0.0,146.11135125833022,53.115511921059564,53.185611242235275,103.54060810001657,103.55602935457361,70.00954180242549,33.53106629759108,44.69750457060743,True,3,0.0,0.0,0.0,0.0
upstream_peak,45,B,3,33.85296604450722,151.8882828019814,118.03531675747419,272.49992759902733,272.49992759902733,0.0,0.0,0.0,0.0,272.49992759902733,53.185611242235275,52.75140932096591,103.55602935457361,103.4602679729322,71.03342075860938,32.52260859596423,80.85441135612314,True,4,0.0,0.0,0.0,0.0
upstream_peak,45,B,4,32.4828626074413,150.03873697208718,117.55587436464589,263.37809430017387,263.37809430017387,0.0,0.0,0.0,0.0,263.37809430017387,52.75140932096591,52.3433876345848,103.4602679729322,103.36980222414114,70.95235506629813,32.507912906634076,78.1125281954492,True,5,0.0,0.0,0.0,0.0
upstream_peak,45,B,5,32.5947948316041,309.0710197867846,276.4762249551805,54.349471461253295,104.22541612066934,0.0,0.0,0.0,0.0,104.22541612066934,52.3433876345848,53.080831807782815,103.36980222414114,103.53297303943692,69.71675603104882,33.65304619309232,31.999999777065337,True,6,0.0,0.0,0.0,0.0
upstream_peak,45,B,6,32.886675905578166,300.67349634742453,267.7868204418464,200.39088079726872,200.39088079726872,0.0,0.0,0.0,0.0,200.39088079726872,53.080831807782815,53.44184922376338,103.53297303943692,103.61226270215836,70.42348521515444,33.10948782428248,60.53163055214415,True,7,0.0,0.0,0.0,0.0
upstream_peak,45,B,7,33.78027549430607,332.605937200882,298.82566170657594,205.07107854902398,205.07107854902398,0.0,0.0,0.0,0.0,205.07107854902398,53.44184922376338,53.90097471491006,103.61226270215836,103.71244211075629,70.46097374068724,33.151288961471124,62.023574336410086,True,8,0.0,0.0,0.0,0.0
upstream_peak,45,B,8,38.945452341341166,301.30559174558334,262.3601394042422,58.40939204383165,103.15314965138396,0.0,0.0,0.0,0.0,103.15314965138396,53.90097471491006,54.61432350644918,103.71244211075629,103.8664299554819,69.70957585841509,34.00286625234119,31.99999984914479,True,9,0.0,0.0,0.0,0.0
upstream_peak,45,B,9,35.29944018581214,350.7711591320578,315.47171894624563,116.50363782168004,116.50363782168004,0.0,0.0,0.0,0.0,116.50363782168004,54.61432350644918,55.45768658316654,103.8664299554819,104.04547882562322,69.8001117189489,34.06631823653301,36.20900922093965,True,10,0.0,0.0,0.0,0.0
upstream_peak,45,B,10,43.278003351532,162.9690730911436,119.6910697396116,278.59280115295354,278.59280115295354,0.0,0.0,0.0,0.0,278.59280115295354,55.45768658316654,55.041441162144025,104.04547882562322,103.9575446495645,71.08822429382916,32.957254531794064,83.7669826456417,True,11,0.0,0.0,0.0,0.0
upstream_peak,45,B,11,52.69627506124502,282.75021570168497,230.05394064043998,216.84086383419185,216.84086383419185,0.0,0.0,0.0,0.0,216.84086383419185,55.041441162144025,55.278714828867,103.9575446495645,104.0077781663953,70.55651622214027,33.40102842742422,66.07739659316458,True,12,0.0,0.0,0.0,0.0
upstream_peak,45,B,12,63.20712288508265,378.67884183132827,315.47171894624563,248.7637688097708,248.7637688097708,0.0,0.0,0.0,0.0,248.7637688097708,55.278714828867,55.74640909174461,104.0077781663953,104.10594183841202,70.82489023933077,33.18288792706453,75.3101068887072,True,13,0.0,0.0,0.0,0.0
upstream_peak,45,B,13,61.524708825680825,255.9166281414765,194.3919193157957,103.90439101502974,103.90439101502974,18.02368061383701,18.0,0.0,0.023680613837007182,121.92807162886675,55.74640909174461,56.22876789519,104.10594183841202,104.20592572771369,69.83759743465535,34.26834440375667,32.48470896586064,True,14,0.0,0.0,0.0,0.35114248936769227
upstream_peak,45,B,14,68.44986664362038,225.04932500933205,156.59945836571166,306.863189765726,306.863189765726,0.0,0.0,0.0,0.0,306.863189765726,56.22876789519,55.93423798206698,104.20592572771369,104.14503180471975,71.34959049147486,32.856335236238834,91.98475841104512,True,15,0.0,0.0,0.0,0.0
upstream_peak,45,B,15,59.18390052827914,370.469324132469,311.2854236041899,274.8038949899597,274.8038949899597,81.56283196406514,18.0,63.56283196406514,0.0,356.36672695402484,55.93423798206698,55.98500733190938,104.14503180471975,104.15556375118963,71.83728808344411,32.30774372127564,80.99933794363164,True,16,0.0,0.0,0.0,0.0
upstream_peak,45,B,16,36.20129610437959,351.6730150506252,315.47171894624563,250.76163431600466,250.76163431600466,62.76652288222135,18.0,44.76652288222135,0.0,313.52815719822604,55.98500733190938,56.12232882017802,104.15556375118963,104.18397712733827,71.412959920846,32.742603830343626,74.90766523931626,True,17,0.0,0.0,0.0,0.0
upstream_peak,45,B,17,44.604470555997835,224.4599042323051,179.85543367630726,120.7804772398139,120.7804772398139,18.480735214476002,18.0,0.0,0.4807352144760034,139.2612124542899,56.12232882017802,56.42904411057887,104.18397712733827,104.24704365311644,69.96004412179181,34.223933005546456,37.71191743204461,True,18,0.0,0.0,0.0,22.131052985392234
upstream_peak,45,B,18,42.92225368619058,159.98587626563062,117.06362257944004,232.52079278007673,232.52079278007673,0.0,0.0,0.0,0.0,232.52079278007673,56.42904411057887,56.16791841112686,104.24704365311644,104.19338613831499,70.68663514128143,33.56040851183501,71.19360580015696,True,19,0.0,0.0,0.0,0.0
upstream_peak,45,B,19,37.08419596328828,322.7196670197036,285.6354710564153,261.50333620781396,261.50333620781396,33.8927033781193,18.0,15.81317485129972,0.07952852681958288,295.39603958593324,56.16791841112686,56.266283469888435,104.19338613831499,104.21364597073783,71.2421459341747,32.95124020414029,78.61419195508812,True,20,0.0,0.0,0.0,1.862125173776164
upstream_peak,45,B,20,27.060163670657552,143.75549278647267,116.69532911581513,147.74686343517794,147.74686343517794,18.0,18.0,0.0,0.0,165.74686343517794,56.266283469888435,56.1871145355531,104.21364597073783,104.19734432161917,70.15484933811753,34.0587966326203,45.90917888383479,True,21,0.0,0.0,0.0,0.0
upstream_peak,45,B,21,32.678122132865184,237.51911508578158,204.8409929529164,178.68384017409608,178.68384017409608,18.21929767962774,18.0,0.0,0.21929767962773927,196.90313785372382,56.1871145355531,56.33333205358851,104.19734432161917,104.2274230819503,70.39573399090963,33.801610330709536,55.102921371266625,True,22,0.0,0.0,0.0,7.520254236530443
upstream_peak,45,B,22,30.570004454233633,188.6025176724521,158.03251321821847,220.18771684360465,220.18771684360465,18.0,18.0,0.0,0.0,238.18771684360465,56.33333205358851,56.15482533657236,104.2274230819503,104.19068515659765,70.73446661344671,33.49295646850359,67.28194368422542,True,23,0.0,0.0,0.0,0.0
upstream_peak,45,B,23,35.29492961856595,156.51739628268237,121.22246666411642,243.27259325174663,243.27259325174663,0.0,0.0,0.0,0.0,243.27259325174663,56.15482533657236,55.84250662748373,104.19068515659765,104.12596566497618,70.77775263756605,33.4129325190316,74.1582946549487,True,24,0.0,0.0,0.0,0.0
downstream_dominant,46,A,0,132.95917740089587,132.95917740089587,0.0,158.26325187893545,158.26325187893545,0.0,0.0,0.0,0.0,158.26325187893545,10.8,10.708905331879059,147.65788859744896,147.60063687101038,106.32775581826269,41.33013277918627,60.31755745282863,True,1,0.0,0.0,0.0,0.0
downstream_dominant,46,A,1,163.14761387031123,163.14761387031123,0.0,249.4856344629482,249.4856344629482,0.0,0.0,0.0,0.0,249.4856344629482,10.708905331879059,10.398088457745565,147.60063687101038,147.40202139469014,106.841171009046,40.75946586196439,93.77150553437637,True,2,0.0,0.0,0.0,0.0
downstream_dominant,46,A,2,146.4196529253307,146.4196529253307,0.0,93.53040360827316,118.21710340401926,0.0,0.0,0.0,0.0,118.21710340401926,10.398088457745565,10.499617636022286,147.40202139469014,147.46745498632322,106.12243493996172,41.27958645472842,44.999999888827226,True,3,0.0,0.0,0.0,0.0
downstream_dominant,46,A,3,166.15607585830048,166.15607585830048,0.0,78.42286864700876,118.02732161240499,0.0,0.0,0.0,0.0,118.02732161240499,10.499617636022286,10.67288115130751,147.46745498632322,147.57787603217932,106.12149310068648,41.34596188563674,44.99999989303683,True,4,0.0,0.0,0.0,0.0
downstream_dominant,46,A,4,139.68969484826405,139.68969484826405,0.0,222.79599901951468,222.79599901951468,0.0,0.0,0.0,0.0,222.79599901951468,10.67288115130751,10.373698456291008,147.57787603217932,147.38622245021054,106.68465535963342,40.893220672545894,84.0147548697524,True,5,0.0,0.0,0.0,0.0
downstream_dominant,46,A,5,137.3723118667762,137.3723118667762,0.0,260.51013643850416,260.51013643850416,0.0,0.0,0.0,0.0,260.51013643850416,10.373698456291008,9.930402287832788,147.38622245021054,147.093692738633,106.90730900358042,40.478913446630116,97.24120541621701,True,6,0.0,0.0,0.0,0.0
downstream_dominant,46,A,6,160.62530820986333,160.62530820986333,0.0,242.71323950937267,242.71323950937267,0.0,0.0,0.0,0.0,242.71323950937267,9.930402287832788,9.634885735154555,147.093692738633,146.89305886080095,106.80097237044804,40.29272036818496,90.18138848185764,True,7,0.0,0.0,0.0,0.0
downstream_dominant,46,A,7,153.10702469410998,153.10702469410998,0.0,182.30876111706243,182.30876111706243,0.0,0.0,0.0,0.0,182.30876111706243,9.634885735154555,9.529759484031926,146.89305886080095,146.82061078702077,106.45709991887159,40.43595894192936,67.97858928240528,True,8,0.0,0.0,0.0,0.0
downstream_dominant,46,A,8,159.57976360884356,159.57976360884356,0.0,160.86836882666844,160.86836882666844,0.0,0.0,0.0,0.0,160.86836882666844,9.529759484031926,9.525120505247756,146.82061078702077,146.8174008844294,106.341554602522,40.47905618449877,60.04791012283606,True,9,0.0,0.0,0.0,0.0
downstream_dominant,46,A,9,162.9834048664899,162.9834048664899,0.0,132.35723945613316,132.35723945613316,0.0,0.0,0.0,0.0,132.35723945613316,9.525120505247756,9.63537470072504,146.8174008844294,146.89339451916197,106.19345034619155,40.623950538237835,49.58230543371116,True,10,0.0,0.0,0.0,0.0
downstream_dominant,46,A,10,155.25850621096419,155.25850621096419,0.0,153.35838735610474,153.35838735610474,0.0,0.0,0.0,0.0,153.35838735610474,9.63537470072504,9.642215128602533,146.89339451916197,146.89808896488285,106.30191930348019,40.59147521568178,57.40361317527765,True,11,0.0,0.0,0.0,0.0
downstream_dominant,46,A,11,140.229007715265,140.229007715265,0.0,20.225087279250364,0.0,0.0,0.0,0.0,0.0,0.0,9.642215128602533,10.147039556377488,146.89808896488285,147.23792206135997,105.6,41.29808896488285,0.0,False,1,250.0,0.0,0.0,0.0
downstream_dominant,46,A,12,126.99758950430548,126.99758950430548,0.0,48.254057140376446,0.0,0.0,0.0,0.0,0.0,0.0,10.147039556377488,10.604230878592988,147.23792206135997,147.5343130456059,105.6,41.63792206135997,0.0,False,2,0.0,0.0,0.0,0.0
downstream_dominant,46,A,13,120.39744837773691,120.39744837773691,0.0,239.1548740614755,239.1548740614755,0.0,0.0,0.0,0.0,239.1548740614755,10.604230878592988,10.176704146131529,147.5343130456059,147.2574828848669,106.7799825621493,40.7543304834566,89.87726749389205,True,1,250.0,3000.0,0.0,0.0
downstream_dominant,46,A,14,132.55531855994946,132.55531855994946,0.0,220.09677482430305,220.09677482430305,0.0,0.0,0.0,0.0,220.09677482430305,10.176704146131529,9.861554903579856,147.2574828848669,147.04735030737876,106.66911165669298,40.588371228173926,82.37817445426971,True,2,0.0,0.0,0.0,0.0
downstream_dominant,46,A,15,146.6555667823164,146.6555667823164,0.0,116.40356604694671,119.2566679457669,0.0,0.0,0.0,0.0,119.2566679457669,9.861554903579856,9.960190939391435,147.04735030737876,147.11366847677675,106.1275993915689,40.91975091580986,44.99999995334424,True,3,0.0,0.0,0.0,0.0
downstream_dominant,46,A,16,121.74161856709627,121.74161856709627,0.0,98.10901745721037,119.06087499314899,0.0,0.0,0.0,0.0,119.06087499314899,9.960190939391435,9.969841616257645,147.11366847677675,147.1201302512562,106.12662602029683,40.98704245647993,44.999999869057135,True,4,0.0,0.0,0.0,0.0
downstream_dominant,46,A,17,105.44207561361807,105.44207561361807,0.0,139.69983132895237,139.69983132895237,0.0,0.0,0.0,0.0,139.69983132895237,9.969841616257645,9.846513695682441,147.1201302512562,147.03719339158144,106.23097251057659,40.88915774067961,52.674558904520495,True,5,0.0,0.0,0.0,0.0
downstream_dominant,46,A,18,116.92416039909294,116.92416039909294,0.0,85.2065034334891,119.28671201017387,0.0,0.0,0.0,0.0,119.28671201017387,9.846513695682441,9.83800850988255,147.03719339158144,147.03144493447914,106.12774878196646,40.90944460961498,44.99999986346395,True,6,0.0,0.0,0.0,0.0
downstream_dominant,46,A,19,129.22017311144876,129.22017311144876,0.0,125.35319039640324,125.35319039640324,0.0,0.0,0.0,0.0,125.35319039640324,9.83800850988255,9.851929647656714,147.03144493447914,147.04085197328283,106.15806766457663,40.873377269902505,47.246841052536055,True,7,0.0,0.0,0.0,0.0
downstream_dominant,46,A,20,124.16435010279545,124.16435010279545,0.0,154.83386823712718,154.83386823712718,0.0,0.0,0.0,0.0,154.83386823712718,9.851929647656714,9.74151938237312,147.04085197328283,146.96597060122826,106.30967165439421,40.73118031888862,58.155369617886755,True,8,0.0,0.0,0.0,0.0
downstream_dominant,46,A,21,109.48271423194835,109.48271423194835,0.0,123.70350845974305,123.70350845974305,0.0,0.0,0.0,0.0,123.70350845974305,9.74151938237312,9.690324523153059,146.96597060122826,146.93103807243443,106.14979266678995,40.816177934438315,46.55981142857146,True,9,0.0,0.0,0.0,0.0
downstream_dominant,46,A,22,129.64639405276537,129.64639405276537,0.0,146.5749273970795,146.5749273970795,0.0,0.0,0.0,0.0,146.5749273970795,9.690324523153059,9.629381803113528,146.93103807243443,146.8892797571145,106.26649872015714,40.66453935227729,54.963250110129074,True,10,0.0,0.0,0.0,0.0
downstream_dominant,46,A,23,141.9010677650944,141.9010677650944,0.0,220.10142168277417,220.10142168277417,0.0,0.0,0.0,0.0,220.10142168277417,9.629381803113528,9.34786052900988,146.8892797571145,146.69393110790068,106.66913837071523,40.22014138639928,81.63253847515149,True,11,0.0,0.0,112.50609871179313,0.0
downstream_dominant,46,B,0,157.15311468910625,157.15311468910625,0.0,252.54291956753517,252.54291956753517,0.0,0.0,0.0,0.0,252.54291956753517,53.6,53.256596702437655,103.64685767707344,103.57162946810081,70.85756997263283,32.78928770444061,75.54733263854064,True,1,0.0,0.0,0.0,0.0
downstream_dominant,46,B,1,120.4969619591323,278.7602138380678,158.26325187893545,124.95761836396223,124.95761836396223,0.0,0.0,0.0,0.0,124.95761836396223,53.256596702437655,53.810286046144434,103.57162946810081,103.6927164355166,69.858707362876,33.712922105224806,38.43360232905043,True,2,0.0,0.0,0.0,0.0
downstream_dominant,46,B,2,149.44116969872812,398.92680416167633,249.4856344629482,211.23770672288325,211.23770672288325,0.0,0.0,0.0,0.0,211.23770672288325,53.810286046144434,54.48596679692409,103.6927164355166,103.83888327220309,70.51080557942358,33.181910856093026,63.94767986927698,True,3,0.0,0.0,0.0,0.0
downstream_dominant,46,B,3,168.4956155464624,286.71271895048164,118.21710340401926,161.14592017964102,161.14592017964102,0.0,0.0,0.0,0.0,161.14592017964102,54.48596679692409,54.938007272499114,103.83888327220309,103.93555933925914,70.12034801888322,33.71853525331987,49.572402935902446,True,4,0.0,0.0,0.0,0.0
downstream_dominant,46,B,4,195.48713454983576,313.5144561622408,118.02732161240499,216.2042292176617,216.2042292176617,0.0,0.0,0.0,0.0,216.2042292176617,54.938007272499114,55.288324089499596,103.93555933925914,104.00980657026588,70.55130177732063,33.38425756193851,65.85031598687203,True,5,0.0,0.0,0.0,0.0
downstream_dominant,46,B,5,185.5127131213355,408.30871214085016,222.79599901951468,64.70615314976004,105.0446808244133,119.40221997244629,18.0,101.40221997244629,0.0,224.4469007968596,55.288324089499596,55.950226610337964,104.00980657026588,104.1483501679689,70.61922774572535,33.390578824540526,31.999999338810465,True,6,0.0,0.0,0.0,0.0
downstream_dominant,46,B,6,148.39043272614256,408.90056916464675,260.51013643850416,258.3847920700448,258.3847920700448,119.99407699624288,18.0,101.99407699624288,0.0,378.3788690662877,55.950226610337964,56.06010473069205,104.1483501679689,104.17111563737267,72.06758620609268,32.080763961876215,75.6246898137616,True,7,0.0,0.0,0.0,0.0
downstream_dominant,46,B,7,182.08205618274897,424.7952956921216,242.71323950937267,303.7359093169226,303.7359093169226,135.88880352371774,18.0,117.88880352371774,0.0,439.6247128406403,56.06010473069205,56.00671882895739,104.17111563737267,104.16006327726106,72.75828565389553,31.41282998347714,87.0472708255353,True,8,0.0,0.0,0.0,0.0
downstream_dominant,46,B,8,156.68305539499343,338.99181651205583,182.30876111706243,203.8187761988479,203.8187761988479,50.25652619574337,18.0,32.08532434365196,0.17120185209140815,254.07530239459126,56.00671882895739,56.31241827978026,104.16006327726106,104.22312858311841,70.87087678044813,33.28918649681293,61.901236994345936,True,9,0.0,0.0,0.0,5.3493135706504775
downstream_dominant,46,B,9,158.3835508801895,319.25191970685796,160.86836882666844,297.4760433996321,297.4760433996321,30.452170396925965,18.0,12.34542753845409,0.10674285847187542,327.92821379655805,56.31241827978026,56.28118362105734,104.22312858311841,104.21670994171251,71.5522465634497,32.67088201966871,88.66757107996357,True,10,0.0,0.0,0.0,2.7922215203534253
downstream_dominant,46,B,10,150.7026702518914,283.0599097080245,132.35723945613316,143.55873240089196,143.55873240089196,19.545652735764914,18.0,0.0,1.5456527357649144,163.10438513665687,56.28118362105734,56.71302350951426,104.21670994171251,104.30493188238394,70.13500026006456,34.08170968164795,44.63781660359944,True,11,0.0,0.0,0.0,110.10699940636417
downstream_dominant,46,B,11,155.28199944722505,308.64038680332976,153.35838735610474,231.89931888425477,231.89931888425477,22.201798068077593,18.0,1.733894634925889,2.467903433151703,254.10111695233235,56.71302350951426,56.90936488097785,104.30493188238394,104.34466339800098,70.87110122335551,33.43383065902843,70.73552275702411,True,12,0.0,0.0,0.0,209.27498721187678
downstream_dominant,46,B,12,169.5707915776383,169.5707915776383,0.0,295.46765656626667,295.46765656626667,18.366646868539707,18.0,0.0,0.36664686853970835,313.8343034348064,56.90936488097785,56.39001623829204,104.34466339800098,104.23904971116157,71.41588720646294,32.928776191538034,88.76412859587363,True,13,0.0,0.0,0.0,15.24879941801834
downstream_dominant,46,B,13,125.71100893928445,125.71100893928445,0.0,294.1022794742122,294.1022794742122,0.0,0.0,0.0,0.0,294.1022794742122,56.39001623829204,55.7838076643663,104.23904971116157,104.11374063304854,71.23014748787621,33.00890222328536,88.56893606588018,True,14,0.0,0.0,0.0,0.0
downstream_dominant,46,B,14,145.6469916319526,384.8018656934281,239.1548740614755,215.96141261300167,215.96141261300167,95.89537352502424,18.0,77.89537352502424,0.0,311.8567861380259,55.7838076643663,56.04640995076575,104.11374063304854,104.16828199144241,71.39700438816368,32.716736244884856,64.46115581235408,True,15,0.0,0.0,0.0,0.0
downstream_dominant,46,B,15,130.61908529052934,350.71586011483237,220.09677482430305,169.54713582062038,169.54713582062038,62.432274389777184,18.0,43.809367946428495,0.6229064433486892,231.97941021039756,56.04640995076575,56.47386117042171,104.16828199144241,104.2562120839124,70.68208810101777,33.486193890424644,51.79742867580782,True,16,0.0,0.0,0.0,31.59798377774607
downstream_dominant,46,B,16,136.4318130325852,255.68848097835212,119.2566679457669,275.91912605758233,275.91912605758233,18.224306347881043,18.0,0.0,0.22430634788104412,294.1434324054634,56.47386117042171,56.33542334528411,104.2562120839124,104.2278523715413,71.23052876108481,33.02568332282759,83.13532021893188,True,17,0.0,0.0,0.0,7.75754600474627
downstream_dominant,46,B,17,134.53552251939433,253.59639751254332,119.06087499314899,289.0873280955915,289.0873280955915,18.0,18.0,0.0,0.0,307.0873280955915,56.33542334528411,56.14285599518514,104.2278523715413,104.18821512038858,71.35171046563403,32.876141905907275,86.70853676850412,True,18,0.0,0.0,0.0,0.0
downstream_dominant,46,B,18,121.92452367799201,261.62435500694437,139.69983132895237,163.53566135300406,163.53566135300406,18.481941464344146,18.0,0.0,0.48194146434414664,182.0176028173482,56.14285599518514,56.429440303067686,104.18821512038858,104.24712475698766,70.27907198678409,33.90914313360449,50.591929500890586,True,19,0.0,0.0,0.0,22.207427211457013
downstream_dominant,46,B,19,132.35046233144806,251.63717434162191,119.28671201017387,118.90536965291362,118.90536965291362,20.10301321313241,18.0,0.0,2.103013213132409,139.00838286604602,56.429440303067686,56.83490395237976,104.24712475698766,104.32962407017199,69.9582291452654,34.28889561172225,37.196914867807685,True,20,0.0,0.0,0.0,168.02399567951767
downstream_dominant,46,B,20,141.6610018886386,267.0141922850418,125.35319039640324,230.69761640752725,230.69761640752725,20.382571312194877,18.0,0.0,2.3825713121948766,251.08018771972212,56.83490395237976,56.892266368814916,104.32962407017199,104.34121301219338,70.84489802152176,33.48472604865023,70.47609194100383,True,21,0.0,0.0,0.0,199.41114812726468
downstream_dominant,46,B,21,115.14545803462498,269.97932627175214,154.83386823712718,245.85658309424136,245.85658309424136,20.448504697724758,18.0,0.0,2.448504697724758,266.3050877919661,56.892266368814916,56.905493627342146,104.34121301219338,104.34388236281406,70.978239866108,33.36297314608538,74.83392827731329,True,22,0.0,0.0,0.0,207.02134328955063
downstream_dominant,46,B,22,151.5842344288862,275.2877428886292,123.70350845974305,163.1415581903094,163.1415581903094,22.21632916897577,18.0,0.0,4.216329168975767,185.35788735928517,56.905493627342146,57.22924110724779,104.34388236281406,104.40886650192986,70.30500006528325,34.038882297530805,50.66311084511087,True,23,0.0,0.0,0.0,436.25215628416913
downstream_dominant,46,B,23,144.07732285763194,290.6522502547115,146.5749273970795,238.09126943310417,238.09126943310417,22.858458312731514,18.0,0.0,4.858458312731516,260.9497277458357,57.22924110724779,57.33617018827974,104.40886650192986,104.43017960783989,70.9309705984819,33.47789590344796,72.71995159306422,True,24,0.0,0.0,0.0,529.8265186532396
wet_rising,47,A,0,163.58717573990444,163.58717573990444,0.0,161.18799259158885,161.18799259158885,0.0,0.0,0.0,0.0,161.18799259158885,10.8,10.808637059333936,147.65788859744896,147.6632942500231,106.34325121411923,41.314637383329725,61.409207535248285,True,1,0.0,0.0,0.0,0.0
wet_rising,47,A,1,180.03619661962077,180.03619661962077,0.0,109.84080122404796,117.46299507324832,0.0,0.0,0.0,0.0,117.46299507324832,10.808637059333936,11.033900584900877,147.6632942500231,147.8028931886385,106.11869427527213,41.54459997475098,44.99999990506117,True,2,0.0,0.0,0.0,0.0
wet_rising,47,A,2,156.45015156898884,156.45015156898884,0.0,118.24027336473377,118.24027336473377,0.0,0.0,0.0,0.0,118.24027336473377,11.033900584900877,11.171456146436196,147.8028931886385,147.88682278822952,106.12254994733313,41.68034324130538,45.445781161674574,True,3,0.0,0.0,0.0,0.0
wet_rising,47,A,3,160.79008912645875,160.79008912645875,0.0,215.26831074787927,215.26831074787927,0.0,0.0,0.0,0.0,215.26831074787927,11.171456146436196,10.975334548599081,147.88682278822952,147.76685608250506,106.64143817796992,41.245384610259606,81.87519013441752,True,4,0.0,0.0,0.0,0.0
wet_rising,47,A,4,174.0373483502346,174.0373483502346,0.0,315.47171894624563,315.47171894624563,0.0,0.0,0.0,0.0,315.47171894624563,10.975334548599081,10.466170814453442,147.76685608250506,147.44595856049102,107.25,40.51685608250506,117.8672176945602,True,5,0.0,0.0,0.0,0.0
wet_rising,47,A,5,189.07876371068627,189.07876371068627,0.0,299.98895695452603,299.98895695452603,0.0,0.0,0.0,0.0,299.98895695452603,10.466170814453442,10.066894118775618,147.44595856049102,147.18484647380046,107.1512666662072,40.294691894283815,111.46793824743827,True,6,0.0,0.0,0.0,0.0
wet_rising,47,A,6,195.65357356485535,195.65357356485535,0.0,278.06272849511,278.06272849511,0.0,0.0,0.0,0.0,278.06272849511,10.066894118775618,9.7702211610267,147.18484647380046,146.98549648983152,107.01439869301318,40.170447780787285,103.00215564846029,True,7,0.0,0.0,0.0,0.0
wet_rising,47,A,7,205.89437481205513,205.89437481205513,0.0,303.35137486823623,303.35137486823623,0.0,0.0,0.0,0.0,303.35137486823623,9.7702211610267,9.419375960824448,146.98549648983152,146.7439360809917,107.1725611729458,39.812935316885714,111.36969413189108,True,8,0.0,0.0,31.431630145718724,0.0
wet_rising,47,A,8,216.19576954988352,216.19576954988352,0.0,81.01750250411611,120.16085567056241,0.0,0.0,0.0,0.0,120.16085567056241,9.419375960824448,9.765101650790005,146.7439360809917,146.98201676311035,106.13209865751575,40.61183742347593,44.99999984055186,True,9,0.0,0.0,0.0,0.0
wet_rising,47,A,9,209.61442134459847,209.61442134459847,0.0,265.4656069055809,265.4656069055809,0.0,0.0,0.0,0.0,265.4656069055809,9.765101650790005,9.564037382770469,146.98201676311035,146.84429523148296,106.93732011423623,40.04469664887412,98.02799771260172,True,10,0.0,0.0,0.0,0.0
wet_rising,47,A,10,231.31948542488746,231.31948542488746,0.0,290.40263393882236,290.40263393882236,0.0,0.0,0.0,0.0,290.40263393882236,9.564037382770469,9.351338048120303,146.84429523148296,146.69636862394782,107.09100264750414,39.75329258397882,106.45609150468489,True,11,0.0,0.0,107.39462102470851,0.0
wet_rising,47,A,11,248.32362787671119,248.32362787671119,0.0,66.62429989246493,120.3038740737511,0.0,0.0,0.0,0.0,120.3038740737511,9.351338048120303,9.812209161810959,146.69636862394782,147.01398506124482,106.13281094716734,40.563557676780476,44.99999983660604,True,12,0.0,0.0,0.0,0.0
wet_rising,47,A,12,248.2114095829495,248.2114095829495,0.0,315.47171894624563,315.47171894624563,0.0,0.0,0.0,0.0,315.47171894624563,9.812209161810959,9.570072048103093,147.01398506124482,146.84845872795574,107.25,39.763985061244824,115.67704745089407,True,13,0.0,0.0,0.0,0.0
wet_rising,47,A,13,266.3010228256705,266.3010228256705,0.0,240.37757698046818,240.37757698046818,0.0,0.0,0.0,0.0,240.37757698046818,9.570072048103093,9.663396453145822,146.84845872795574,146.91261015003744,106.7871847249865,40.06127400296924,88.80053257965369,True,14,0.0,0.0,0.0,0.0
wet_rising,47,A,14,291.8927823235879,291.8927823235879,0.0,247.11815195503058,247.11815195503058,0.0,0.0,0.0,0.0,247.11815195503058,9.663396453145822,9.824585122472628,146.91261015003744,147.0223648303928,106.82708117805133,40.08552897198611,91.34591436858233,True,15,0.0,0.0,0.0,0.0
wet_rising,47,A,15,247.33503664987256,247.33503664987256,0.0,205.34948849919908,205.34948849919908,0.0,0.0,0.0,0.0,205.34948849919908,9.824585122472628,9.975733095815054,147.0223648303928,147.1240726333441,106.58512233584663,40.43724249454617,76.57235759081189,True,16,0.0,0.0,0.0,0.0
wet_rising,47,A,16,300.4342628610615,300.4342628610615,0.0,108.50473128224849,119.03021781935205,0.0,0.0,0.0,0.0,119.03021781935205,9.975733095815054,10.628787657965207,147.1240726333441,147.54992424926039,106.12647363930353,40.99759899404057,44.99999986980639,True,17,0.0,0.0,0.0,0.0
wet_rising,47,A,17,249.06586318184316,249.06586318184316,0.0,57.7036074759707,117.78900985780406,0.0,0.0,0.0,0.0,117.78900985780406,10.628787657965207,11.101384329931747,147.54992424926039,147.8441932504485,106.1203108472824,41.42961340197799,44.999999898203676,True,18,0.0,0.0,0.0,0.0
wet_rising,47,A,18,276.59906423644526,276.59906423644526,0.0,246.61825179772657,246.61825179772657,0.0,0.0,0.0,0.0,246.61825179772657,11.101384329931747,11.209315254711134,147.8441932504485,147.90974716432373,106.82411119247672,41.02008205797179,93.28645735658466,True,19,0.0,0.0,0.0,0.0
wet_rising,47,A,19,306.7378012015219,306.7378012015219,0.0,257.5123040017437,257.5123040017437,0.0,0.0,0.0,0.0,257.5123040017437,11.209315254711134,11.386527044630336,147.90974716432373,148.01604417883922,106.88923864939724,41.02050851492649,97.40828237591982,True,20,0.0,0.0,0.0,0.0
wet_rising,47,A,20,321.31288919428187,321.31288919428187,0.0,311.7831803027784,311.7831803027784,0.0,0.0,0.0,0.0,311.7831803027784,11.386527044630336,11.420833996639749,148.01604417883922,148.03643045351834,107.22632037988893,40.78972379895029,117.27361381524737,True,21,0.0,0.0,0.0,0.0
wet_rising,47,A,21,311.80980295706155,311.80980295706155,0.0,315.47171894624563,315.47171894624563,0.0,0.0,0.0,0.0,315.47171894624563,11.420833996639749,11.407651099078686,148.03643045351834,148.02860413524525,107.25,40.786430453518335,118.65143404659882,True,22,0.0,0.0,0.0,0.0
wet_rising,47,A,22,318.4862618424634,318.4862618424634,0.0,57.22568742349315,116.537423673143,12.460739261350362,5.0,3.0145428962177903,4.446196365132573,128.99816293449337,11.407651099078686,12.089808255147378,148.02860413524525,148.42147557050788,106.17643090728694,41.8521732279583,44.975944047679334,True,23,0.0,0.0,0.0,490.51428331796
wet_rising,47,A,23,339.798149381056,339.798149381056,0.0,315.47171894624563,315.47171894624563,33.28564556068986,5.0,24.32643043481039,3.959215125879464,348.75736450693546,12.089808255147378,12.057555080694213,148.42147557050788,148.40345675313867,107.46821998689327,40.953255583614606,119.1367435159698,True,24,0.0,0.0,0.0,413.94650397734296
wet_rising,47,B,0,65.29956466977335,65.29956466977335,0.0,298.3178320197283,298.3178320197283,0.0,0.0,0.0,0.0,298.3178320197283,53.6,52.76113423754016,103.64685767707344,103.46241880047243,71.2693346377967,32.37752303927674,88.1200614259036,True,1,0.0,0.0,0.0,0.0
wet_rising,47,B,1,70.71587531617729,231.90386790776614,161.18799259158885,268.92583602127536,268.92583602127536,0.0,0.0,0.0,0.0,268.92583602127536,52.76113423754016,52.62785515233153,103.46241880047243,103.43291937072759,71.00151831013117,32.46090049034126,79.6425297944481,True,2,0.0,0.0,0.0,0.0
wet_rising,47,B,2,65.35772496612762,182.82072003937594,117.46299507324832,258.3581390880856,258.3581390880856,0.0,0.0,0.0,0.0,258.3581390880856,52.62785515233153,52.355920443756176,103.43291937072759,103.37258716803824,70.9082391391455,32.524680231582096,76.66323458702226,True,3,0.0,0.0,0.0,0.0
wet_rising,47,B,3,62.51883477214601,180.75910813687977,118.24027336473377,278.479548046176,278.479548046176,0.0,0.0,0.0,0.0,278.479548046176,52.355920443756176,52.00412686008271,103.37258716803824,103.29428077064838,71.08720077683793,32.285386391200305,82.02594637912009,True,4,0.0,0.0,0.0,0.0
wet_rising,47,B,4,60.930802163984644,276.1991129118639,215.26831074787927,192.38077199376826,192.38077199376826,0.0,0.0,0.0,0.0,192.38077199376826,52.00412686008271,52.30587288738785,103.29428077064838,103.36146378637542,70.35998629149314,32.93429447915524,57.80454452485627,True,5,0.0,0.0,0.0,0.0
wet_rising,47,B,5,84.9550965843597,400.4268155306053,315.47171894624563,271.06523649725204,271.06523649725204,0.0,0.0,0.0,0.0,271.06523649725204,52.30587288738785,52.77157457190792,103.36146378637542,103.46472756130949,71.02059296495004,32.34087082142538,79.9792798784917,True,6,0.0,0.0,0.0,0.0
wet_rising,47,B,6,82.06749370935746,382.0564506638835,299.98895695452603,295.2354575406776,295.2354575406776,0.0,0.0,0.0,0.0,295.2354575406776,52.77157457190792,53.08413014715146,103.46472756130949,103.5336993525681,71.24065532982812,32.22407223148137,86.79623619959744,True,7,0.0,0.0,0.0,0.0
wet_rising,47,B,7,76.73067534797414,354.7934038430841,278.06272849511,152.24192867638718,152.24192867638718,0.0,0.0,0.0,0.0,152.24192867638718,53.08413014715146,53.81331545775157,103.5336993525681,103.69337587246476,70.05436605101391,33.47933330155419,46.50107940866893,True,8,0.0,0.0,0.0,0.0
wet_rising,47,B,8,78.06061504416374,381.4119899124,303.35137486823623,208.77523845456605,208.77523845456605,0.0,0.0,0.0,0.0,208.77523845456605,53.81331545775157,54.434807762999775,103.69337587246476,103.82788356542375,70.49084697299739,33.20252889946737,63.24149205855332,True,9,0.0,0.0,0.0,0.0
wet_rising,47,B,9,80.58938156869631,200.75023723925872,120.16085567056241,230.8282243718826,230.8282243718826,0.0,0.0,0.0,0.0,230.8282243718826,54.434807762999775,54.32652700932233,103.82788356542375,103.80456441348906,70.67243235534856,33.155451210075185,69.82256665733314,True,10,0.0,0.0,0.0,0.0
wet_rising,47,B,10,78.26705020784306,343.73265711342395,265.4656069055809,245.63438945889135,245.63438945889135,0.0,0.0,0.0,0.0,245.63438945889135,54.32652700932233,54.67968077287864,103.80456441348906,103.88042766110344,70.79797671062168,33.00658770286738,73.96763845381953,True,11,0.0,0.0,0.0,0.0
wet_rising,47,B,11,82.50742571681397,372.91005965563636,290.40263393882236,157.80861286287995,157.80861286287995,0.0,0.0,0.0,0.0,157.80861286287995,54.67968077287864,55.45404598133256,103.88042766110344,104.0447135890021,70.09549555271415,33.784932108389285,48.641359963622946,True,12,0.0,0.0,0.0,0.0
wet_rising,47,B,12,87.7246881310002,208.02856220475132,120.3038740737511,296.26409742180067,296.26409742180067,0.0,0.0,0.0,0.0,296.26409742180067,55.45404598133256,55.13639805455119,104.0447135890021,103.97768190608194,71.25021033525574,32.794503253746356,88.640467482524,True,13,0.0,0.0,0.0,0.0
wet_rising,47,B,13,100.93816201927983,416.4098809655255,315.47171894624563,83.82675882151969,105.3680666346995,127.5033887971216,18.0,109.5033887971216,0.0,232.87145543182112,55.13639805455119,55.79713638647252,103.97768190608194,104.11651823388164,70.68958242418773,33.28809948189421,31.999999240137065,True,14,0.0,0.0,0.0,0.0
wet_rising,47,B,14,97.74290803886335,338.1204850193315,240.37757698046818,214.78294578322271,214.78294578322271,49.21399285092764,18.0,31.21399285092764,0.0,263.99693863415035,55.79713638647252,56.063981153459174,104.11651823388164,104.17191752963652,70.95781781837987,33.15870041550177,64.97544333176059,True,15,0.0,0.0,0.0,0.0
wet_rising,47,B,15,85.28777402660599,332.4059259816366,247.11815195503058,227.1547392134418,227.1547392134418,43.61523619924666,18.0,25.499433813232713,0.11580238601394523,270.76997541268844,56.063981153459174,56.28587057550739,104.17191752963652,104.21767346618792,71.01795660518684,33.15396092444968,68.70829621274375,True,16,0.0,0.0,0.0,3.123514070953822
wet_rising,47,B,16,108.91247918072706,314.26196767992616,205.34948849919908,306.9064921684039,306.9064921684039,25.37049017626503,18.0,7.355475511522286,0.015014664742744006,332.2769823446689,56.28587057550739,56.221016522714315,104.21767346618792,104.20432956164082,71.59496285873075,32.622710607457165,91.34358970088005,True,17,0.0,0.0,0.0,0.18745104001624313
wet_rising,47,B,17,108.98626186943788,228.01647968878993,119.03021781935205,251.70323288738712,251.70323288738712,0.0,0.0,0.0,0.0,251.70323288738712,56.221016522714315,56.135744211199366,104.20432956164082,104.1867471139645,70.85029201051252,33.3540375511283,76.59301457594151,True,18,0.0,0.0,0.0,0.0
wet_rising,47,B,18,105.44954799506749,223.23855785287157,117.78900985780406,109.7754818962801,109.7754818962801,18.633711568421422,18.0,0.0,0.6337115684214228,128.40919346470153,56.135744211199366,56.47712992299678,104.1867471139645,104.25688031363346,69.8829092751093,34.3038378388552,34.355796283515716,True,19,0.0,0.0,0.0,32.35370079040386
wet_rising,47,B,19,106.74007597830324,353.3583277760298,246.61825179772657,306.9064921684039,306.9064921684039,64.87803944821422,18.0,46.451835607625924,0.4262038405882981,371.7845316166181,56.47712992299678,56.41079558917066,104.25688031363346,104.2433070089527,71.99766948829092,32.259210825342535,90.32579031095906,True,20,0.0,0.0,0.0,18.75497024428806
wet_rising,47,B,20,112.71499527487303,370.22729927661675,257.5123040017437,237.67035020284112,237.67035020284112,82.36607400790179,18.0,63.320807108212875,1.045266899688907,320.0364242107429,56.41079558917066,56.59148273940781,104.2433070089527,104.28021658955176,71.4755056750948,32.7678013338579,71.05166572866432,True,21,0.0,0.0,0.0,64.34701239314451
wet_rising,47,B,21,112.02525790794034,423.80843821071875,311.7831803027784,110.36963501203066,110.36963501203066,139.05963418641713,18.0,116.90194604231488,4.15768814410224,249.4292691984478,56.59148273940781,57.21924774785199,104.28021658955176,104.40687077267575,70.830630918238,33.449585671313756,33.681568285294624,True,22,0.0,0.0,0.0,427.95516587458684
wet_rising,47,B,22,106.10967706585195,421.58139601209757,315.47171894624563,268.05935895844283,268.05935895844283,137.18120183790694,18.0,114.6749038436937,4.506297994213242,405.24056079634977,57.21924774785199,57.27807475462868,104.40687077267575,104.41860939838534,72.36099312522457,32.04587764745118,78.37094811674461,True,23,0.0,0.0,0.0,477.90069062400147
wet_rising,47,B,23,132.14782864248824,261.1459915769816,128.99816293449337,167.37353712459662,167.37353712459662,24.07983614576095,18.0,0.0,6.079836145760951,191.4533732703576,57.27807475462868,57.52896818053253,104.41860939838534,104.4684155739788,70.35268840654177,34.06592099184357,52.018626990507556,True,24,0.0,0.0,0.0,720.4692035436848
flood,48,A,0,281.72056567149906,281.72056567149906,0.0,264.884187481352,264.884187481352,0.0,0.0,0.0,0.0,264.884187481352,10.8,10.86061096148453,147.65788859744896,147.6957402197511,106.93378988122774,40.72409871622122,99.47280758778723,True,1,0.0,0.0,0.0,0.0
flood,48,A,1,339.9613495807291,339.9613495807291,0.0,271.75764467300723,271.75764467300723,0.0,0.0,0.0,0.0,271.75764467300723,10.86061096148453,11.10614429915233,147.6957402197511,147.84709727799668,106.9756779782732,40.72006224147789,102.04390363987865,True,2,0.0,0.0,0.0,0.0
flood,48,A,2,299.561563006362,299.561563006362,0.0,266.3393642335123,266.3393642335123,0.0,0.0,0.0,0.0,266.3393642335123,11.10614429915233,11.22574421473459,147.84709727799668,147.9196716247187,106.94262988218549,40.904467395811196,100.46226418728617,True,3,0.0,0.0,0.0,0.0
flood,48,A,3,342.96556081309797,342.96556081309797,0.0,312.88867593219163,312.88867593219163,0.0,0.0,0.0,0.0,312.88867593219163,11.22574421473459,11.334021000305853,147.9196716247187,147.98472272456718,107.23340702570101,40.686264599017676,117.39092523214656,True,4,0.0,0.0,0.0,0.0
flood,48,A,4,300.9724894733053,300.9724894733053,0.0,301.6271898667946,301.6271898667946,0.0,0.0,0.0,0.0,301.6271898667946,11.334021000305853,11.331664078889292,147.98472272456718,147.98331332601492,107.16163155255481,40.82309117201237,113.54636508280684,True,5,0.0,0.0,0.0,0.0
flood,48,A,5,262.94002897450525,262.94002897450525,0.0,210.3162700792343,210.3162700792343,0.0,0.0,0.0,0.0,210.3162700792343,11.331664078889292,11.521109610912267,147.98331332601492,148.095659825495,106.61323238982854,41.37008093618638,80.23356740531679,True,6,0.0,0.0,0.0,0.0
flood,48,A,6,340.6311182594585,340.6311182594585,0.0,221.05230537238398,221.05230537238398,31.265242707494117,5.0,25.159399313212873,1.1058433942812438,252.3175480798781,11.521109610912267,11.839038463558756,148.095659825495,148.2799228488088,106.85807741743157,41.23758240806343,84.05917164634073,True,7,0.0,0.0,0.0,63.876617617175626
flood,48,A,7,300.8102010318576,300.8102010318576,0.0,312.5666959782056,312.5666959782056,5.495823828192913,5.0,0.0,0.4958238281929132,318.0625198063985,11.839038463558756,11.776930115970409,148.2799228488088,148.2443482466806,107.26669170124815,41.01323114756066,118.21253991212322,True,8,0.0,0.0,0.0,19.66766983644511
flood,48,A,8,370.7859430142796,370.7859430142796,0.0,272.0716485274643,272.0716485274643,62.22499465925806,5.0,55.31422406803398,1.9107705912240802,334.29664318672235,11.776930115970409,11.908291595349615,148.2443482466806,148.3193482676233,107.37240514447751,40.87194310220309,102.5428619071819,True,9,0.0,0.0,0.0,142.44008984684953
flood,48,A,9,446.0104309234482,446.0104309234482,0.0,315.47171894624563,315.47171894624563,137.15994166154732,5.0,130.53871197720258,1.6212296843447378,452.6316606077929,11.908291595349615,11.884455168485974,148.3193482676233,148.30580707649898,108.20547981880458,40.11386844881872,116.69489003292722,True,10,0.0,0.0,0.0,111.95137437263266
flood,48,A,10,473.2017798073233,473.2017798073233,0.0,129.787877954576,129.787877954576,174.18718992570916,5.0,157.73006086107767,11.45712906463149,303.97506788028517,11.884455168485974,12.493671331423311,148.30580707649898,148.64242308642216,107.17652005748641,41.129287019012565,49.22459750635466,True,11,0.0,0.0,0.0,1957.3818739931623
flood,48,A,11,495.38208906993816,495.38208906993816,0.0,315.467613043974,315.467613043974,195.32367403600094,5.0,179.91037012369253,10.413303912308397,510.79128707997495,12.493671331423311,12.438198218587178,148.64242308642216,148.6125876563399,108.66078798687887,39.98163509954328,116.30869740731801,True,12,0.0,0.0,0.0,1702.285741640705
flood,48,A,12,438.2759418329741,438.2759418329741,0.0,216.90789592677876,216.90789592677876,143.67212183080682,5.0,122.8042228867285,15.867898944078311,360.58001775758555,12.438198218587178,12.717903545258578,148.6125876563399,148.7613599691775,107.54773053967621,41.0648571166637,82.13770017765523,True,13,0.0,0.0,0.0,3151.2501499498217
flood,48,A,13,503.1553725267818,503.1553725267818,0.0,250.65032947091996,250.65032947091996,211.58689222087986,5.0,187.68365358053615,18.903238640343712,462.23722169179985,12.717903545258578,12.865208888264512,148.7613599691775,148.8380437270961,108.27838266391196,40.48297730526555,93.57020604789291,True,14,0.0,0.0,0.0,4070.997976867057
flood,48,A,14,442.0078385240679,442.0078385240679,0.0,315.47171894624563,315.47171894624563,148.77763785030396,5.0,126.53611957782226,17.241518272481713,464.2493567965496,12.865208888264512,12.785139422483578,148.8380437270961,148.79650388586393,108.29376454677544,40.54427918032067,117.94699397911472,True,15,0.0,0.0,0.0,3558.1688585077904
flood,48,A,15,519.9937654589145,519.9937654589145,0.0,306.73600187594883,306.73600187594883,225.83614705075948,5.0,204.52204651266885,16.314100538090628,532.5721489267083,12.785139422483578,12.73985724199952,148.79650388586393,148.77286139608296,108.84042513920978,39.95607874665414,113.01718188947258,True,16,0.0,0.0,0.0,3281.7017912212996
flood,48,A,16,431.35535452487983,431.35535452487983,0.0,272.1928356347086,272.1928356347086,138.71034141158077,5.0,115.8836355786342,17.826705832946576,410.9031770462894,12.73985724199952,12.813485080922446,148.77286139608296,148.81124833132762,107.89847752634911,40.87438386973385,102.59466323222189,True,17,0.0,0.0,0.0,3736.245225508121
flood,48,A,17,401.1811512018996,401.1811512018996,0.0,295.59346537017603,295.59346537017603,108.33179870300509,5.0,85.70943225565395,17.622366447351137,403.9252640731811,12.813485080922446,12.803606274585832,148.81124833132762,148.80611454033692,107.84861226532269,40.96263606600493,111.65536277159192,True,18,0.0,0.0,0.0,3673.748360078508
flood,48,A,18,377.1241456889857,377.1241456889857,0.0,285.4861990431243,285.4861990431243,84.78580871539432,5.0,61.65242674274009,18.133381972654227,370.2720077585186,12.803606274585832,12.828273971135513,148.80611454033692,148.81892412935863,107.61371400075409,41.192400539582835,108.44239015126198,True,19,0.0,0.0,0.0,3830.670779023583
flood,48,A,19,328.91294423762196,328.91294423762196,0.0,222.0842349333361,222.0842349333361,41.55815139566599,5.0,13.441225291376327,23.116926104289664,263.6423863290021,12.828273971135513,13.063247979606544,148.81892412935863,148.93933025611526,106.92625804647471,41.89266608288392,85.79314560118351,True,20,0.0,0.0,0.0,5466.092276074657
flood,48,A,20,285.80003228515324,285.80003228515324,0.0,196.2023607742367,196.2023607742367,32.6068617838861,5.0,0.0,27.606861783886103,228.8092225581228,13.063247979606544,13.268414894623854,148.93933025611526,149.0420805771233,106.7194721371412,42.21985811897406,76.38671948422174,True,21,0.0,0.0,0.0,7090.996983683302
flood,48,A,21,293.15262677386687,293.15262677386687,0.0,127.71583985539739,127.71583985539739,42.56785513313866,5.0,0.0,37.56785513313866,170.28369498853604,13.268414894623854,13.710743049051045,149.0420805771233,149.2560863494624,106.39186291810579,42.650217659017514,50.22996510778211,True,22,0.0,0.0,0.0,11153.183775208578
flood,48,A,22,290.72005582930854,290.72005582930854,0.0,72.4550818387412,113.13456299357912,52.864841398906655,5.0,0.0,47.864841398906655,165.9994043924858,13.710743049051045,14.159737394223606,149.2560863494624,149.4628940465506,106.36888635418514,42.88719999527727,44.74245991832305,True,23,0.0,0.0,0.0,15949.013728129468
flood,48,A,23,269.20972484096956,269.20972484096956,0.0,250.8614606199864,250.8614606199864,50.2266585055325,5.0,0.0,45.2266585055325,301.0881191255189,14.159737394223606,14.044975174799228,149.4628940465506,149.4110268983582,107.15821878441555,42.304675262135035,97.86314608150781,True,24,0.0,0.0,0.0,14665.861485470792
flood,48,B,0,118.10532743503353,118.10532743503353,0.0,270.27104314248544,270.27104314248544,0.0,0.0,0.0,0.0,270.27104314248544,53.6,53.05220342345317,103.64685767707344,103.52666748951941,71.01350448411752,32.63335319295592,80.4661412336686,True,1,0.0,0.0,0.0,0.0
flood,48,B,1,104.88569710505661,369.7698845864086,264.884187481352,247.8781737592636,247.8781737592636,0.0,0.0,0.0,0.0,247.8781737592636,53.05220342345317,53.491013582430895,103.52666748951941,103.62302670177431,70.81726036039373,32.70940712912568,73.97124293645604,True,2,0.0,0.0,0.0,0.0
flood,48,B,2,118.0557504585339,389.81339513154114,271.75764467300723,101.46790946308371,103.43078632614186,0.0,0.0,0.0,0.0,103.43078632614186,53.491013582430895,54.52199097413033,103.62302670177431,103.84662188297288,69.71143344281785,33.91159325895646,31.999999896972906,True,3,0.0,0.0,0.0,0.0
flood,48,B,3,112.80855024988998,379.14791448340225,266.3393642335123,182.56054101083154,182.56054101083154,0.0,0.0,0.0,0.0,182.56054101083154,54.52199097413033,55.22970551863159,103.84662188297288,103.99742554457116,70.28327653313616,33.56334534983672,55.90158369522124,True,4,0.0,0.0,0.0,0.0
flood,48,B,4,117.18189787031267,430.0705738025043,312.88867593219163,40.74599793286268,0.0,141.24920562150402,18.0,123.16408163410046,0.0851239874035528,141.24920562150402,55.22970551863159,56.26946244408319,103.99742554457116,104.2142997842424,69.97434484952744,34.02308069504372,0.0,False,1,250.0,2000.0,0.0,2.0448382937909524
flood,48,B,5,153.29534534744772,454.9225352142423,301.6271898667946,197.02277292144527,197.02277292144527,167.08041693879946,18.0,148.01604304583844,1.064373892961027,364.1031898602447,56.26946244408319,56.59641208735758,104.2142997842424,104.28122074106396,71.91723292642529,32.297066857817114,58.05390869666425,True,1,250.0,3500.0,0.0,65.9680877897863
flood,48,B,6,116.4878808333965,326.8041509126308,210.3162700792343,144.48954960075363,144.48954960075363,41.39536070551352,18.0,19.89765874422693,3.4977019612865905,185.88491030626716,56.59641208735758,57.103721353540486,104.28122074106396,104.3837520776618,70.30910418487882,33.97211655618514,44.782774712316595,True,2,0.0,0.0,0.0,337.6482604502582
flood,48,B,7,143.0343216388365,395.3518697187146,252.3175480798781,269.4743040819328,269.4743040819328,110.26008612221105,18.0,88.44537755031075,3.8147085719003004,379.7343902041439,57.103721353540486,57.15994427979294,104.3837520776618,104.39501407252783,72.08205856883467,32.30169350882713,79.41354934815736,True,3,0.0,0.0,0.0,380.3048848388817
flood,48,B,8,120.69046117711949,438.752980983518,318.0625198063985,306.9064921684039,306.9064921684039,153.22923835310564,18.0,131.84648881511413,3.3827495379915242,460.1357305215095,57.15994427979294,57.08296638145617,104.39501407252783,104.37958946752867,73.00799825225309,31.38701582027474,87.88364429676925,True,4,0.0,0.0,0.0,322.5237684723185
flood,48,B,9,164.39662140147496,498.6932645881973,334.29664318672235,126.0097403513781,126.0097403513781,216.6362188266255,18.0,191.7867724197934,6.849446406832091,342.64595917800364,57.08296638145617,57.644736680932866,104.37958946752867,104.49125429383905,71.69806675631932,32.681522711209354,37.571484570710396,True,5,0.0,0.0,0.0,848.2906367968128
flood,48,B,10,190.57434977373998,643.2060103815329,452.6316606077929,180.77335233149412,180.77335233149412,363.66346951528544,18.0,336.29951821312903,9.363951302156403,544.4368218467796,57.644736680932866,58.00030575965798,104.49125429383905,104.56082268683394,74.15148162933897,30.339772664500074,50.03785566542309,True,6,0.0,0.0,0.0,1301.9301133406461
flood,48,B,11,195.00941785315806,498.9844857334432,303.97506788028517,166.14864331661872,166.14864331661872,222.48437161642212,18.0,192.07799356503932,12.406378051382804,388.63301493304084,58.00030575965798,58.397571054539426,104.56082268683394,104.63749060874294,72.17793102564866,32.38289166118528,49.086761700119204,True,7,0.0,0.0,0.0,1913.9803273826276
flood,48,B,12,197.91868821242122,708.7099752923962,510.79128707997495,141.17101811350298,141.17101811350298,436.0988056565287,18.0,401.8034831239923,16.295322532536417,577.2698237700317,58.397571054539426,58.87075560001994,104.63749060874294,104.72730201446029,74.65645521416474,29.9810353945782,38.61394110749558,True,8,0.0,0.0,0.0,2780.4741445387945
flood,48,B,13,213.4963142413389,574.0763319989244,360.58001775758555,306.9064921684039,306.9064921684039,300.45605086479617,18.0,267.1698398305205,15.286211034275661,607.3625430332,58.87075560001994,58.750925240296546,104.72730201446029,104.70471605940233,75.15377252837278,29.57352948608751,82.805882561045,True,9,0.0,0.0,0.0,2547.383006186131
flood,48,B,14,218.08129378706317,680.318515478863,462.23722169179985,231.2634850697851,231.2634850697851,407.9466959922692,18.0,373.4120233104591,16.534672681810076,639.2101810620543,58.750925240296546,58.898915244197056,104.70471605940233,104.73259386681781,75.71988930085757,28.984826758544756,61.15468463473029,True,10,0.0,0.0,0.0,2836.5622697194226
flood,48,B,15,230.78290513264025,695.0322619291899,464.2493567965496,242.9859331682212,242.9859331682212,423.53958793989676,18.0,388.125769760786,17.413818179110773,666.525521108118,58.898915244197056,59.00153951115291,104.73259386681781,104.7518283066753,76.24125185129235,28.49134201552546,63.16056326551815,True,11,0.0,0.0,0.0,3045.1448004813365
flood,48,B,16,137.91023095635143,670.4823798830598,532.5721489267083,246.85084556308763,246.85084556308763,399.7347158313005,18.0,363.57588771465595,18.158828116644525,646.5855613943882,59.00153951115291,59.08756805771213,104.7518283066753,104.76789023446447,75.85726951789498,28.89455878878033,65.07327170763516,True,12,0.0,0.0,0.0,3224.9931840011204
flood,48,B,17,151.16757096017918,562.0707480064685,410.9031770462894,75.9804698641813,107.33649597290008,296.4237528266411,18.0,255.16425583806466,23.259496988576434,403.76024879954116,59.08756805771213,59.65748585485707,104.76789023446447,104.872842468046,72.34445157959269,32.42343865487179,31.75107554893432,True,13,0.0,0.0,0.0,4527.169868062318
flood,48,B,18,153.07031468458672,556.9955787577678,403.9252640731811,232.0200638339587,232.0200638339587,292.4287505082274,18.0,250.08908658936394,24.33966391886344,524.4488143421861,59.65748585485707,59.77465420675317,104.872842468046,104.89410098836927,73.86161072194427,31.01123174610173,65.64422333231661,True,14,0.0,0.0,0.0,4817.761820551996
flood,48,B,19,136.04825027567998,506.32025803419856,370.2720077585186,283.46544838316356,283.46544838316356,241.14520992924835,18.0,199.4137658657947,23.73144406345367,524.6106583124119,59.77465420675317,59.7088087657516,104.89410098836927,104.88216781549738,73.86390756973016,31.030193418639115,80.2484344997569,True,15,0.0,0.0,0.0,4653.52928500467
flood,48,B,20,141.95185511263435,405.5942414416364,263.6423863290021,112.7743834868865,112.7743834868865,145.40063706289948,18.0,98.68774927323255,28.712887789666926,258.175020549786,59.7088087657516,60.23951796096226,104.88216781549738,104.97734846517609,70.90663648045128,33.9755313350461,34.956558931216705,True,16,0.0,0.0,0.0,6042.706363116222
flood,48,B,21,135.72471592940562,364.5339384875284,228.8092225581228,140.0703761044362,140.0703761044362,108.37227006511826,18.0,57.627446319124545,32.74482374599371,248.44264616955445,60.23951796096226,60.657446613306966,104.97734846517609,105.05066912813186,70.82212235999039,34.155226105185704,43.647102189056426,True,17,0.0,0.0,0.0,7236.379655566107
flood,48,B,22,118.40505573308366,288.6887507216197,170.28369498853604,306.9064921684039,306.9064921684039,48.42019764492733,18.0,0.0,30.420197644927327,355.3266898133312,60.657446613306966,60.417550032576806,105.05066912813186,105.00876026935914,71.82662129156212,33.22404783656974,93.02733394239525,True,18,0.0,0.0,0.0,6540.931732938699
flood,48,B,23,117.69208138229372,283.6914857747795,165.9994043924858,245.96904194756686,245.96904194756686,48.06191526389155,18.0,0.0,30.06191526389155,294.03095721145843,60.417550032576806,60.380327935404765,105.00876026935914,105.00221460025708,71.22948676168883,33.77927350767031,75.80235710967223,True,19,0.0,0.0,0.0,6435.482648656163
